source,subreddit,author,text,permalink,created_utc,matched_keyword,char_len
bluesky_post,bluesky,dancrum.bsky.social,"No, baseball season ended last night.",https://bsky.app/profile/did:plc:t5lnzwry7n5fpbdi3gemhwwy/post/3m2zrlc2xgc2i,2025-10-12T22:43:50.081000+00:00,baseball,37
bluesky_post,bluesky,crystalpepsi.bsky.social,It’s nap time baby. Wake me up when baseball starts.,https://bsky.app/profile/did:plc:eo5ixmxpueocyobhfdnr6fnt/post/3m2zrk6uhl22t,2025-10-12T22:43:14.578000+00:00,baseball,52
bluesky_post,bluesky,hezzair.bsky.social,"Not that I really care about baseball, because I don't, but the Dodgers beat the Phils, so now I must root for Milwaukee. Besides, who doesn't love Bob Uecker? GO BREWERS!",https://bsky.app/profile/did:plc:cheuxaggj3xdyxgfabygtpda/post/3m2zrje467c2w,2025-10-12T22:42:48.379000+00:00,baseball,171
bluesky_post,bluesky,baseball-broad.bsky.social,"For the first time in franchise history, the Seattle Mariners are playing baseball on October 12th.",https://bsky.app/profile/did:plc:f5f7rkfnnk5unujgf3sjmew2/post/3m2zrgfmu4c2o,2025-10-12T22:41:07.779000+00:00,baseball,99
bluesky_post,bluesky,abesmith5b.bsky.social,"Two years is a long time in Baseball. For example, that scary 23 year old Pitcher that Toronto has was likely in college two years ago. He likely starts Game 2 for Toronto, so if Seattle doesn’t win Game 1, they are most likely going to face every Toronto pitcher except one, twice.",https://bsky.app/profile/did:plc:mcji767zv32h4cbwf2ybtbyw/post/3m2zrffxggc2e,2025-10-12T22:40:34.481000+00:00,baseball,282
bluesky_post,bluesky,rawmlb.bsky.social,"North Side Baseball 2025 Chicago Cubs Hitter of the Year – Cubs https://www.rawchili.com/mlb/376701/ Consistency. This award, the Cubs’ Hitter of the Year, will not go to the most exciting Cub. It…",https://bsky.app/profile/did:plc:lgxwokjfnegutejxknkdpqwj/post/3m2zreld3wx23,2025-10-12T22:40:06.682000+00:00,baseball,197
bluesky_post,bluesky,mvp2005.bsky.social,#MLB #MVP #2005,https://bsky.app/profile/did:plc:7xkkwsw76q76rcxlp7aufcxh/post/3m2zrdyidgc2o,2025-10-12T22:39:46.381000+00:00,baseball,15
bluesky_post,bluesky,polyesterunis.bsky.social,"Bob Horner, 1978 #Braves #Baseball",https://bsky.app/profile/did:plc:eszia3ynuja6s7x3y3xnmkil/post/3m2zrcovf422e,2025-10-12T22:39:03.881000+00:00,baseball,34
bluesky_post,bluesky,honeyvenomstorm.bsky.social,"For sure, I never said easy, ha! I'm in for the roller coaster either way, just happy to have great playoff baseball to watch more than anything.",https://bsky.app/profile/did:plc:yrrivownwwmo4akicakzqf62/post/3m2zra6g4vk2n,2025-10-12T22:37:37.583000+00:00,baseball,145
bluesky_post,bluesky,dana808.bsky.social,The #baseball ‘final four’...,https://bsky.app/profile/did:plc:jciimbzvjhe4zowfk5vyzyow/post/3m2zr6ea5vc26,2025-10-12T22:36:39.777000+00:00,baseball,29
bluesky_post,bluesky,derekdschultz.bsky.social,I’d watch more baseball if this happened!,https://bsky.app/profile/did:plc:7rigtkqw5hlt72o4oioujeie/post/3m2zr34fpjs2v,2025-10-12T22:34:49.283000+00:00,baseball,41
bluesky_post,bluesky,warriorrabbit.bsky.social,Wow! Is it baseball stress?,https://bsky.app/profile/did:plc:lnxbuzaenlwjrncx6sc4cfdr/post/3m2zqztbld22t,2025-10-12T22:34:05.996000+00:00,baseball,27
bluesky_post,bluesky,woj.bsky.social,there IS crying in baseball!,https://bsky.app/profile/did:plc:txceatarzejhskzfmuvsg6xm/post/3m2zqy2f7ek23,2025-10-12T22:32:55.280000+00:00,baseball,28
bluesky_post,bluesky,patbou.bsky.social,"4) Perso j'imagine Lisa Leblanc me lire le compte-rendu de cette manche de baseball, et je deviens un peu horny sur les bords.",https://bsky.app/profile/did:plc:mjls5rzd5yotkqoekwvp5uzc/post/3m2zqxtaouk2c,2025-10-12T22:32:59.925000+00:00,baseball,126
bluesky_post,bluesky,cyrthogg.bsky.social,"Blake Snell flips the underdog script back on the Brewers: ""I'm not falling for the 'Average Joes.' They're not. They got the best record in baseball. They're a really good team.""",https://bsky.app/profile/did:plc:62ijrt4iokrde4iqpcl6ifwd/post/3m2zqx4ryt22g,2025-10-12T22:32:34.882000+00:00,baseball,179
bluesky_post,bluesky,shotcallajake.bsky.social,where everyone in town was invited to play if they wanted because my grandpa was so beloved in that small town. A lot of people say I take after him in ways. He inspired my love of baseball.,https://bsky.app/profile/did:plc:czv6wek6msgep4asbppum74c/post/3m2zqw5ejzc2q,2025-10-12T22:32:03.482000+00:00,baseball,190
bluesky_post,bluesky,lovelyheiferdev.bsky.social,I changed the subject because the non-binary fella was visibly uncomfortable and I changed the subject to baseball world series prospects to ease the conversation and all that.,https://bsky.app/profile/did:plc:awijvayp7vpj6zqybq6i4nnv/post/3m2zqvrfbek2q,2025-10-12T22:31:49.777000+00:00,baseball,176
bluesky_post,bluesky,toffball.bsky.social,mirina mod for wii sports baseball when,https://bsky.app/profile/did:plc:edwzibuyuejzcg6fzizakvh5/post/3m2zquq2oj22m,2025-10-12T22:31:14.877000+00:00,baseball,39
bluesky_post,bluesky,toolow.bsky.social,If i can get people to watch baseball by drawing fat animals i fuckin will,https://bsky.app/profile/did:plc:awrzll662qptd3gjlr6sxo6d/post/3m2zqub7mec2e,2025-10-12T22:30:58.880000+00:00,baseball,74
bluesky_post,bluesky,bbmag.bsky.social,巨人大物OB 「アマチュアに毛が生えたような野球の一体どこが『すげえ試合』なのか」 https://baseball-mag.net/?eid=1024438,https://bsky.app/profile/did:plc:e2mwlwxmg2t4gm6rgax7pwkq/post/3m2zqsoydoh23,2025-10-12T22:30:06.102000+00:00,baseball,79
bluesky_post,bluesky,rboylansucks.bsky.social,Between Fanatics making both the hockey and baseball jerseys and my football team having a dictatorship for a sleeve sponsor it's saving me a lot of money,https://bsky.app/profile/did:plc:b6u4zyedc2xlxax4j33bvx5z/post/3m2zqrzjeds2x,2025-10-12T22:29:43.282000+00:00,baseball,154
bluesky_post,bluesky,terfra1.bsky.social,Never been exposed to worst fans than Cub fans. Just rude as well as ignorant. Milwaukee is a great baseball experience with a great fan base.,https://bsky.app/profile/did:plc:ehghzth43zhn3fwitlk25jyv/post/3m2zqr5vl3s2q,2025-10-12T22:29:15.282000+00:00,baseball,142
bluesky_post,bluesky,ceciliatan.com,"Check out a sample chapter of my very steamy, very hot baseball romance, THE HOT STREAK! The publisher put a new cover on it and slid it into Kindle Unlimited. www.ceciliatan.com/a...",https://bsky.app/profile/did:plc:ziuhqi7puh5ivq5tekjunwmy/post/3m2zqqgqb4x2e,2025-10-12T22:28:50.283000+00:00,baseball,183
bluesky_post,bluesky,allfor1n1forall.bsky.social,Democrat Rally Cries worthy of T-Shirts and Baseball Caps ! JB Pritzker “Come and Get Me” John Oliver “Fuck You - Make Me” I’m urging Dems to have this kind of FIRE for OUR COUNTRY ..,https://bsky.app/profile/did:plc:khnmsipsq72vpkdb3foxpy6i/post/3m2zqqfkr7s2x,2025-10-12T22:28:50.785000+00:00,baseball,183
bluesky_post,bluesky,mirinameow.bsky.social,"~90 minutes til baseball, sorry y'all I'm likely going to take an edible and scream about the game here",https://bsky.app/profile/did:plc:pr57uugitunfe5z7metzwj7c/post/3m2zqq4jhfs2j,2025-10-12T22:28:37.680000+00:00,baseball,103
bluesky_post,bluesky,rawmlb.bsky.social,"Brian Snitker, Braves Manager Candidates Spotted at Auburn Game https://www.rawchili.com/mlb/376682/ The Atlanta Braves had a presence on the sidelines for the Deep South’s Oldest Rivalry (Georgia vs Auburn)…",https://bsky.app/profile/did:plc:lgxwokjfnegutejxknkdpqwj/post/3m2zrfsft6e27,2025-10-12T22:40:47.582000+00:00,mlb,208
bluesky_post,bluesky,rawmlb.bsky.social,Bo Bichette Left Off Blue Jays’ ALCS Roster; Bryan Woo Returns for Mariners https://www.rawchili.com/mlb/376684/ Injured Blue Jays shortstop Bo Bichette is not on the roster for the AL Championship Series against the…,https://bsky.app/profile/did:plc:lgxwokjfnegutejxknkdpqwj/post/3m2zrfonrvx2l,2025-10-12T22:40:43.880000+00:00,mlb,217
bluesky_post,bluesky,rawmlb.bsky.social,"The greatest World Series rotations in MLB history https://www.rawchili.com/mlb/376686/ Pitching tends to win championships, especially if they come from the starting rotation.Here’s a look some of the…",https://bsky.app/profile/did:plc:lgxwokjfnegutejxknkdpqwj/post/3m2zrfkmh3n2w,2025-10-12T22:40:39.779000+00:00,mlb,202
bluesky_post,bluesky,rawmlb.bsky.social,"Minnesota Twins Hiring Derek Shelton As Next Manager https://www.rawchili.com/mlb/376688/ Rocco Baldelli wasn’t a bad manager during his time with the Minnesota Twins, but it was clearly time…",https://bsky.app/profile/did:plc:lgxwokjfnegutejxknkdpqwj/post/3m2zrfgloas2l,2025-10-12T22:40:35.183000+00:00,mlb,192
bluesky_post,bluesky,rawmlb.bsky.social,"Tigers Defeat McNeese, 10-3, in Midweek Matchup – LSU https://www.rawchili.com/mlb/376690/ BATON ROUGE, La. – LSU first baseman Jared Jones and designated hitter Ethan Frey combined for six hits…",https://bsky.app/profile/did:plc:lgxwokjfnegutejxknkdpqwj/post/3m2zrfcipp22p,2025-10-12T22:40:31.082000+00:00,mlb,195
bluesky_post,bluesky,rawmlb.bsky.social,"Blue Jays land Shane Bieber in trade with Guardians https://www.rawchili.com/mlb/376692/ Buster OlneyJul 31, 2025, 07:30 PM CloseSenior writer ESPN Magazine/ESPN.com Analyst/reporter ESPN television Author of “The Last Night…",https://bsky.app/profile/did:plc:lgxwokjfnegutejxknkdpqwj/post/3m2zrf753gg26,2025-10-12T22:40:26.981000+00:00,mlb,225
bluesky_post,bluesky,rawmlb.bsky.social,Toronto Blue Jays rookie Trey Yesavage says his family has been subject to abuse https://www.rawchili.com/mlb/376693/ TORONTO (AP) — Toronto rookie Trey Yesavage says his family has been subjected to abuse since his impressive…,https://bsky.app/profile/did:plc:lgxwokjfnegutejxknkdpqwj/post/3m2zrf43izs26,2025-10-12T22:40:23.784000+00:00,mlb,227
bluesky_post,bluesky,rawmlb.bsky.social,MAGA critics call for Bad Bunny Super Bowl performance to be canceled after Yankees incident https://www.rawchili.com/mlb/376694/ Critics of Puerto Rican artist Bad Bunny are calling for his Super Bowl performance to be canceled after…,https://bsky.app/profile/did:plc:lgxwokjfnegutejxknkdpqwj/post/3m2zreyl53427,2025-10-12T22:40:20.483000+00:00,mlb,235
bluesky_post,bluesky,rawmlb.bsky.social,"5 offseason decisions the Red Sox already need to be thinking about for 2026 https://www.rawchili.com/mlb/376696/ The Boston Red Sox’s time in the playoffs was shorter than the organization and fans hoped, but they…",https://bsky.app/profile/did:plc:lgxwokjfnegutejxknkdpqwj/post/3m2zrevbjh226,2025-10-12T22:40:17.084000+00:00,mlb,215
bluesky_post,bluesky,rawmlb.bsky.social,Baltimore Orioles: Why Samuel Basallo signed a contract extension now https://www.rawchili.com/mlb/376698/ SAN FRANCISCO — After the Orioles approached Samuel Basallo and his agents about signing a contract extension on…,https://bsky.app/profile/did:plc:lgxwokjfnegutejxknkdpqwj/post/3m2zres5bgs26,2025-10-12T22:40:13.579000+00:00,mlb,220
bluesky_post,bluesky,rawmlb.bsky.social,Blue Jays’ Trey Yesavage addresses negativity directed toward family: ‘It’s just really sad’ https://www.rawchili.com/mlb/376699/ TORONTO — Trey Yesavage pushed back on Sunday against what he described as recent attacks on friends and…,https://bsky.app/profile/did:plc:lgxwokjfnegutejxknkdpqwj/post/3m2zreomoaf2f,2025-10-12T22:40:10.976000+00:00,mlb,235
bluesky_post,bluesky,holliwinters57.bsky.social,Same. I kind of followed him on the MLB site after he signed with the Twins. Hadn't paid too much attention after the Blue Jays got him because he was mostly a backup.,https://bsky.app/profile/did:plc:fmrw6kscjxyspt7lfrwxi634/post/3m2zr6hu2us2g,2025-10-12T22:36:43.080000+00:00,mlb,167
bluesky_post,bluesky,stephenburtch.bsky.social,Seattle remains the only MLB team (out of 30) that has never won their league championship and played in the World Series.,https://bsky.app/profile/did:plc:qq34koonfsjed54ix3ezvzpe/post/3m2zr3mr4kk2r,2025-10-12T22:35:05.590000+00:00,mlb,122
bluesky_post,bluesky,american-news.bsky.social,"Blue Jays vs. Mariners odds, prediction, line: ALCS Game 1 picks from proven model A surprising 2025 ALCS gets underway Sunday when the Toronto Blue Jays take on the Seattle Mariners as the 2025 MLB playoff field has narrowed to four. Seattle was a +2500 longshot to win the World Series in the…",https://bsky.app/profile/did:plc:j3u5epxp7eery335fgzxcvzc/post/3m2zqsfege323,2025-10-12T22:29:56.085000+00:00,mlb,295
bluesky_post,bluesky,chriswoodsports.bsky.social,"Well the MLB playoffs is so underway with the League Championship Series now, we will cover the playoffs till a champion is crowned. Follow this great sports blog here, on social media, and everywhere else @chriswoodsports",https://bsky.app/profile/did:plc:f6trhl7ptc3kmg2jdagu4mzy/post/3m2zqr3qmoz2c,2025-10-12T22:29:12.381000+00:00,mlb,222
bluesky_post,bluesky,thebaseballguy.bsky.social,"🚨Out TOMORROW🚨 For Mariners fans, the wait might finally be over Read 👇 medium.com/@thebaseballguy/98e21a76fa14 Support 👇 buymeacoffee.com/thebaseballguy #MLB #Postseason #Mariners #ALCS #Baseball #TheBaseballGuy",https://bsky.app/profile/did:plc:odhnwxge3wkytbu37ntxolnw/post/3m2zqp3s6pk2i,2025-10-12T22:28:05.280000+00:00,mlb,212
bluesky_post,bluesky,greenleafthered.bsky.social,"They're not that expensive, either. I've been using Nord for several years, mainly to get around MLB streaming blackout restrictions, and the cost is so low it barely registers on my budget.",https://bsky.app/profile/did:plc:zu5xd22wrvb6rjn3wp25svoh/post/3m2zqlddg6c2t,2025-10-12T22:26:00.279000+00:00,mlb,190
bluesky_post,bluesky,themirror.com,"Erin Andrews has been FOX Sports' lead NFL sideline reporter since 2014, but she chose to step away from covering MLB after working during the World Series in back-to-back years.",https://bsky.app/profile/did:plc:itbf3wfo6dha56bql457tbhj/post/3m2zqjqut2w2c,2025-10-12T22:25:06.285000+00:00,mlb,178
bluesky_post,bluesky,eucup.bsky.social,"Arsenal vs Fulham – October 18, 2025 – Picks, Odds & Stats https://www.eucup.com/1306821/ Join The Betting News Community Betting News is your trusted source for betting picks and up to date news and stats on the NFL, MLB, NHL and many other sports. We analyze every game to help you find the …",https://bsky.app/profile/did:plc:krzqpw2au456rmdjokb67ujg/post/3m2zqgwrtvb2s,2025-10-12T22:23:31.583000+00:00,mlb,294
bluesky_post,bluesky,olmlb.bsky.social,テリー・ペンドルトン：ブレーブス育成チームの最前列席 https://www.olmlb.com/622541/ テリー・ペンドルトンの名前を聞くと、いつも笑顔がこぼれます。 1991年のナショナルリーグMVPは、マイナーリーグでのプレーからコーチまで、数十年をアトランタ・ブレーブスに捧げてきた。彼には十分以上の資格があり、ペンドルトンが監督として招聘されるのを見るのは素晴らしい驚きだろう。 #テリー・ペンドルトン #アトランタ・ブレーブス #MLB #野球 #ナショナルリーグ #MVP,https://bsky.app/profile/did:plc:64sap4x3jfwoy4vxdxpkrx3h/post/3m2zqg7ciad2y,2025-10-12T22:23:07.383000+00:00,mlb,246
bluesky_post,bluesky,rawmlb.bsky.social,"MLB Playoffs: The Yankees’ October moments that doomed them https://www.rawchili.com/mlb/376665/ While obviously not the outcome that we all hoped, the Yankees still provided us with some unforgettable playoff…",https://bsky.app/profile/did:plc:lgxwokjfnegutejxknkdpqwj/post/3m2zqdsjwce2f,2025-10-12T22:21:47.138000+00:00,mlb,210
bluesky_post,bluesky,rawmlb.bsky.social,Mariners Add All-Star Ace To Postseason Roster For World Series Push https://www.rawchili.com/mlb/376667/ The Seattle Mariners are headed to the American League Championship Series after a heated five game battle with…,https://bsky.app/profile/did:plc:lgxwokjfnegutejxknkdpqwj/post/3m2zqdpbqxz26,2025-10-12T22:21:43.081000+00:00,mlb,218
bluesky_post,bluesky,rawmlb.bsky.social,"Dodgers to Make Big Change to NLCS Roster, Reveals Manager https://www.rawchili.com/mlb/376669/ The Dodgers are headed to Milwaukee, where they will face the Brewers in Game 1 of the NL…",https://bsky.app/profile/did:plc:lgxwokjfnegutejxknkdpqwj/post/3m2zqdlo35o26,2025-10-12T22:21:39.782000+00:00,mlb,186
bluesky_post,bluesky,pfeifersports.bsky.social,"Given my reliance upon Dan's work with #FantasyBaseball, this kinda made me tilt my head a little. I'mma just hope he's better when he has more data to work with. #FantasyFootball",https://bsky.app/profile/did:plc:hwvb4zbjd7felw3dkrh6k6vu/post/3m2zqykq32z26,2025-10-12T22:33:22.879000+00:00,fantasybaseball,179
bluesky_post,bluesky,paulw34.bsky.social,Could Abner Uribe steal the closer role in Milwaukee this October? #FantasyBaseball,https://bsky.app/profile/did:plc:hd3jghhogl6iy4k32h5gxazh/post/3m2xspqqc5s24,2025-10-12T03:58:55.682000+00:00,fantasybaseball,83
bluesky_post,bluesky,ethosfantasymlb.bsky.social,Abner Uribe pitches 2.0 no-hit innings to earn first playoff save in series-clinching Game 5 win in the NLDS #FantasyBaseball #MLB,https://bsky.app/profile/did:plc:dngjwv3szg4yvf7owvwqjo65/post/3m2xsnnjcmc26,2025-10-12T03:57:45.182000+00:00,fantasybaseball,130
bluesky_post,bluesky,paulw34.bsky.social,"William Contreras is just picking up in October, where he left off after a very productive 2nd half of 2025. #FantasyBaseball #Brewers",https://bsky.app/profile/did:plc:hd3jghhogl6iy4k32h5gxazh/post/3m2xrhisr5k24,2025-10-12T03:36:25.082000+00:00,fantasybaseball,134
bluesky_post,bluesky,paulw34.bsky.social,"Outside of Roki Sasaki, Jacob Misiorowski is another arm who can do a lot to improve his 2026 draft price with a good October. Tonight was one of those performances. #FantasyBaseball #Brewers #NLDS",https://bsky.app/profile/did:plc:hd3jghhogl6iy4k32h5gxazh/post/3m2xrgs2jgs24,2025-10-12T03:36:01.979000+00:00,fantasybaseball,197
bluesky_post,bluesky,ethosfantasymlb.bsky.social,"William Contreras' solid postseason at the plate continues in NLDS Game 5 win, hit second homer of playoffs #FantasyBaseball #MLB",https://bsky.app/profile/did:plc:dngjwv3szg4yvf7owvwqjo65/post/3m2xr45zvhj2i,2025-10-12T03:30:04.482000+00:00,fantasybaseball,129
bluesky_post,bluesky,ethosfantasymlb.bsky.social,Seiya Suzuki's third postseason bomb not enough as Cubs lose decisive Game 5 of NLDS vs. MIL #FantasyBaseball #MLB,https://bsky.app/profile/did:plc:dngjwv3szg4yvf7owvwqjo65/post/3m2xqqhrj6q2b,2025-10-12T03:23:32.282000+00:00,fantasybaseball,114
bluesky_post,bluesky,ethosfantasymlb.bsky.social,Jacob Misiorowski earns second postseason win of young career to help boost Brewers to NLCS #FantasyBaseball #MLB,https://bsky.app/profile/did:plc:dngjwv3szg4yvf7owvwqjo65/post/3m2xq543wak26,2025-10-12T03:12:42.281000+00:00,fantasybaseball,113
bluesky_post,bluesky,pfeifersports.bsky.social,As an on-and-off Nico Horner #FantasyBaseball owner — on-and-off because he was pretty on-and-off — I just want to say WHERE WAS THIS WHEN I NEEDED IT VERSUS NOW WHEN I DON'T WANT IT? #brewers #CHCvsMIL #NLDS #MLB #postseason,https://bsky.app/profile/did:plc:hwvb4zbjd7felw3dkrh6k6vu/post/3m2xico6n7z2o,2025-10-12T00:52:38.980000+00:00,fantasybaseball,225
bluesky_post,bluesky,ethosfantasymlb.bsky.social,"Bryan Woo (pectoral tightness) to be on ALCS roster, will not pitch until mid-series per @A_Jude on X #FantasyBaseball #MLB",https://bsky.app/profile/did:plc:dngjwv3szg4yvf7owvwqjo65/post/3m2xf67y4rh25,2025-10-11T23:56:28.883000+00:00,fantasybaseball,123
bluesky_post,bluesky,ericcrossmlb.bsky.social,"⚾ 2026 Player Profile ⚾ Andrew Vaughn, Milwaukee Brewers - 2025 season review - Profile breakdown - 2026 & Long-term Outlook - Buy, Sell, or Hold in Dynasty? #FantasyBaseball www.patreon.com/posts/2026-p...",https://bsky.app/profile/did:plc:66lawhumn3prl6xh7ofewk4u/post/3m2wndnbkuk2n,2025-10-11T16:50:07.790000+00:00,fantasybaseball,206
bluesky_post,bluesky,ethosfantasymlb.bsky.social,"Tarik Skubal strikes out 13, allows one run on just two hits in no-decision Friday vs. SEA in Game 5 of ALDS #FantasyBaseball #MLB",https://bsky.app/profile/did:plc:dngjwv3szg4yvf7owvwqjo65/post/3m2vaeo3wm222,2025-10-11T03:25:16.581000+00:00,fantasybaseball,130
bluesky_post,bluesky,ethosfantasymlb.bsky.social,"Cody Bellinger to opt out, become free agent per @jorgecastillo on X #FantasyBaseball #MLB",https://bsky.app/profile/did:plc:dngjwv3szg4yvf7owvwqjo65/post/3m2uu6fbd4h22,2025-10-10T23:47:01.285000+00:00,fantasybaseball,90
bluesky_post,bluesky,ethosfantasymlb.bsky.social,George Kirby to start Game 5 of ALDS vs. DET on Friday per @Mariners on X #FantasyBaseball #MLB,https://bsky.app/profile/did:plc:dngjwv3szg4yvf7owvwqjo65/post/3m2urrl7t772u,2025-10-10T23:04:04.079000+00:00,fantasybaseball,95
bluesky_post,bluesky,ethosfantasymlb.bsky.social,"Freddy Peralta allows three runs Thursday, takes loss in Game 4 of NLDS vs. CHC #FantasyBaseball #MLB",https://bsky.app/profile/did:plc:dngjwv3szg4yvf7owvwqjo65/post/3m2uovoavbd22,2025-10-10T22:12:39.785000+00:00,fantasybaseball,101
bluesky_post,bluesky,ethosfantasymlb.bsky.social,"Matthew Boyd strikes out six, tosses 4.2 scoreless in Thursday's Game-4 NLDS win vs. MIL #FantasyBaseball #MLB",https://bsky.app/profile/did:plc:dngjwv3szg4yvf7owvwqjo65/post/3m2un2ep2ph26,2025-10-10T21:39:30.183000+00:00,fantasybaseball,110
bluesky_post,bluesky,ethosfantasymlb.bsky.social,Michael Busch clubs fourth postseason homer Thursday in NLDS Game-4 win vs. MIL #FantasyBaseball #MLB,https://bsky.app/profile/did:plc:dngjwv3szg4yvf7owvwqjo65/post/3m2ukcaulr22u,2025-10-10T20:50:13.579000+00:00,fantasybaseball,101
bluesky_post,bluesky,fantrax.bsky.social,The Dodgers beat the Phillies 2-1 in a close game Tyler Glasnow was a huge reason #mlb #fantasybaseball #MLBPlayoffs,https://bsky.app/profile/did:plc:li6uyhyc7eyygil6tbak37hz/post/3m2uhg7itq22n,2025-10-10T19:59:03.682000+00:00,fantasybaseball,116
bluesky_post,bluesky,paulw34.bsky.social,Cristopher Sanchez had a great outing spoiled in a heartbreaking loss to the Dodgers as his and the Phillies season is over. He finished as an SP1 in 2025 for #FantasyBaseball. What about 2026? . #RingTheBell,https://bsky.app/profile/did:plc:hd3jghhogl6iy4k32h5gxazh/post/3m2ue2jygnk2w,2025-10-10T18:58:35.885000+00:00,fantasybaseball,208
bluesky_post,bluesky,ethosfantasymlb.bsky.social,"🚨NEW EPISODE ALERT🚨 Anthony K. (@akfantasybb.bsky.social) hosts today's Fantasy MLB Today - ""2025 Fantasy Baseball Review - First Base"". He breaks down the position's 2025 performance. #FantasyBaseball Apple - http://apple.co/4g2xWGt Spotify - http://spoti.fi/4bhOnxA",https://bsky.app/profile/did:plc:dngjwv3szg4yvf7owvwqjo65/post/3m2tyii26f32f,2025-10-10T15:31:35.582000+00:00,fantasybaseball,267
bluesky_post,bluesky,ericcrossmlb.bsky.social,"⚾ 2026 Player Profile Spencer Torkelson, Detroit Tigers - 2025 season review - Profile breakdown - 2026 & Long-term Outlook - Buy, Sell, or Hold in Dynasty? #FantasyBaseball www.patreon.com/posts/2026-p...",https://bsky.app/profile/did:plc:66lawhumn3prl6xh7ofewk4u/post/3m2tvffd7u222,2025-10-10T14:36:15.987000+00:00,fantasybaseball,205
bluesky_post,bluesky,ethosfantasymlb.bsky.social,Roki Sasaki throws three perfect innings to help power Dodgers to NLCS #FantasyBaseball #MLB,https://bsky.app/profile/did:plc:dngjwv3szg4yvf7owvwqjo65/post/3m2spi5rby326,2025-10-10T03:17:40.883000+00:00,fantasybaseball,92
bluesky_post,bluesky,ethosfantasymlb.bsky.social,"Cristopher Sánchez does his job in NLDS Game 4 loss to Dodgers, allows one earned run in 6.1 innings #FantasyBaseball #MLB",https://bsky.app/profile/did:plc:dngjwv3szg4yvf7owvwqjo65/post/3m2sls5kg262z,2025-10-10T02:11:40.982000+00:00,fantasybaseball,122
bluesky_post,bluesky,ethosfantasymlb.bsky.social,"Tyler Glasnow sharp in ALDS-clinching win over PHI, strikes out eight in six scoreless innings #FantasyBaseball #MLB",https://bsky.app/profile/did:plc:dngjwv3szg4yvf7owvwqjo65/post/3m2sl7roaxt26,2025-10-10T02:01:24.583000+00:00,fantasybaseball,116
bluesky_post,bluesky,ethosfantasymlb.bsky.social,"Tanner Scott has lower body abscess procedure done, out until World Series at best per @FabianArdaya on X #FantasyBaseball #MLB",https://bsky.app/profile/did:plc:dngjwv3szg4yvf7owvwqjo65/post/3m2sc7y36xu2b,2025-10-09T23:20:27.894000+00:00,fantasybaseball,127
bluesky_post,bluesky,agurijel1000.bsky.social,NYヤンキースとMoMAのコラボキャップ。ケリーグリーンが爽やか。 #moma #MoMA #NYYankees #コラボ #キャップ #ケリーグリーン [商品リンク] https://tinyurl.com/29denkyf,https://bsky.app/profile/did:plc:aj7l6nr2x44arw6xjkabz26a/post/3m2zobyhtcp2v,2025-10-12T21:44:58.282000+00:00,nyyankees,113
bluesky_post,bluesky,kateduvall.bsky.social,FIVE REMNANTS of New York Yankees (TM) fabric for your project! #fabric #NewYork #Yankees #YankeesTwitter #YankeesWin #YankeesBaseball #NYY #NYYankees #Baseball #sports #MLB #giftsforhim #FathersDay #Men #COTTON #freeshipping @2Fun4Words etsy.me/3IYZ0bo,https://bsky.app/profile/did:plc:wbivs3lmazqcx6oxdvd3juqr/post/3m2ve4enes22j,2025-10-11T04:32:15.584000+00:00,nyyankees,253
bluesky_post,bluesky,unauthorizedh.bsky.social,The Businesses Art Card Project. 9th Edition: Playing Hooky #GameOn #NYYankees w/ #bananaball @NHL #nhl #hh5art #tra5hh #art #ƨɿɘʞɔuƧ #H #postpunk Each card is unique and free art. FIND ONE? Let me know. I'll send you more free art.,https://bsky.app/profile/did:plc:dyhafxqomigy3e2pjmdutksi/post/3m2udejsdtc27,2025-10-10T18:46:14.481000+00:00,nyyankees,232
bluesky_post,bluesky,lovingsquadstore.bsky.social,"NY Yankees swagger meets street vibe — bold, fresh, and all about winning style. Get It Now: lovingsquad.com/product/kill... #NYYankees #KillaCam #MLBStyle #CityPride #Lovingsquad",https://bsky.app/profile/did:plc:nwgon4zal2xvu3bnsyzuvxnz/post/3m2smdvbph22y,2025-10-10T02:21:26.782000+00:00,nyyankees,179
bluesky_post,bluesky,ballbob.bsky.social,"The NYYankees have initiated a demand to ICE for investigation into the Toronto BlueJays as an international terrorist organization. The ever-alert & diligent CiC Trump has threatened to inspect all the team’s balls, with VP JD “Sofaman” Vance eagerly volunteering to ‘head’ the investigation. ⚾️ 🚓",https://bsky.app/profile/did:plc:4fjrvpebpak35ljquevl2rme/post/3m2s2haowik2s,2025-10-09T21:01:21.795000+00:00,nyyankees,298
bluesky_post,bluesky,bigcalitex.bsky.social,👀 TRUMP! 😞 I don’t you’ll ever win a #worldseries while Trompas is alive. #trump #newyork #bronxbombers #newyork #mlbpostseason #mlb #mlbmemes #yankeesbaseball #yankees #yankeesstadium #yankeesnation #yankeesfan #nyyankees,https://bsky.app/profile/did:plc:af4jfxinnnarcj23nkkn6hlu/post/3m2riz7bs7k2l,2025-10-09T15:49:19.496000+00:00,nyyankees,222
bluesky_post,bluesky,jancasavant.bsky.social,This guy is happy to help celebrate the great series win by the #TorontoBlueJays over the evil empire! Sorry not sorry that the #NYYankees lost! 😜⚾💙 #birds #corvids #jays #BlueJays #OhCanada #RedSoxNation #ThursJay #birdphotography #Olympus #Massachusetts #MassAudubon,https://bsky.app/profile/did:plc:s5r72tpwycylj7u6jfpdja7h/post/3m2rhd5xjyk27,2025-10-09T15:19:06.799000+00:00,nyyankees,268
bluesky_post,bluesky,rjmrim.bsky.social,"#NYYankees need pitchers, pitchers, pitchers and a new manager; Yankees' Aaron Boone wants these two star free agents back in New York #MLBPostseason #MLB #Baseball t.co/DauX6ZLlud",https://bsky.app/profile/did:plc:epvxtbmg22tuoqatt26a6nq6/post/3m2rfhd33cs2f,2025-10-09T14:45:38.697000+00:00,nyyankees,180
bluesky_post,bluesky,marc55.bsky.social,"Something, something, NYYankees are not a very good team. Buck was right. Buck knows baseball. Listen to him. #BlueJays #Sportsnet #Rogers",https://bsky.app/profile/did:plc:q53ibv7ujf27tbhk7ar76tfz/post/3m2raxl4uk225,2025-10-09T13:25:12.556000+00:00,nyyankees,138
bluesky_post,bluesky,agurijel1000.bsky.social,NYヤンキースとMoMAのコラボキャップ。キャメルカラーが落ち着いた雰囲気。 #moma #MoMA #NYYankees #コラボ #キャップ #キャメル [商品リンク] https://tinyurl.com/29oydgo8,https://bsky.app/profile/did:plc:aj7l6nr2x44arw6xjkabz26a/post/3m2r4x5qij72d,2025-10-09T12:13:23.461000+00:00,nyyankees,115
bluesky_post,bluesky,olmlb.bsky.social,Yankees vs. Blue Jays Game 4 ALDS Watch Party | Pinstripe Post https://www.olmlb.com/621429/ Aaron Judge and the New York Yankees look to even up the series down 2-1 to the Toronto Blue Jays. Tune in for the Game 4 Watch Party with Ryan Sampson and Tommy Hogan. #yankees #nyyankees …,https://bsky.app/profile/did:plc:64sap4x3jfwoy4vxdxpkrx3h/post/3m2qmq5kwq52e,2025-10-09T07:23:08.558000+00:00,nyyankees,283
bluesky_post,bluesky,23yahir.bsky.social,#NYYANKEES 5-2 . Bye Yankees . It’s been fun *sigh* 😢😢😢😢,https://bsky.app/profile/did:plc:tvnsdqznuctluvng3ih462dq/post/3m2qe2wwbcc2g,2025-10-09T04:48:07.154000+00:00,nyyankees,56
bluesky_post,bluesky,bigcalitex.bsky.social,👀 YANKEES! 🤦🏻‍♂️ NOT AGAIN 😩 #bronxbombers #newyork #mlb #mlbmemes #worldseries #yankeesbaseball #yankees #yankeesstadium #yankeesnation #yankeesfan #nyyankees #torontobluejays #bluejays #canada,https://bsky.app/profile/did:plc:af4jfxinnnarcj23nkkn6hlu/post/3m2q6y7qylc2n,2025-10-09T03:17:11.559000+00:00,nyyankees,194
bluesky_post,bluesky,sjsirica.bsky.social,The #NYYankees need to issue a press release by 7 AM tomorrow with a list of who has been fired!,https://bsky.app/profile/did:plc:fdblbsq3e63pvkw4o76kcb4c/post/3m2q2ml6s4s2s,2025-10-09T01:59:00.260000+00:00,nyyankees,96
bluesky_post,bluesky,miriamdubois.bsky.social,Tonight was a good night. #BronxBombers #NYYankees #Yankees,https://bsky.app/profile/did:plc:adntyw7eesgmjgtccdeemiqs/post/3m2nsnteaac2i,2025-10-08T04:31:18.358000+00:00,nyyankees,59
bluesky_post,bluesky,nowbreezing.ntw.app,Bluesky's Top 10 Trending Words (past 10min): 💨x1* - gaza 🔓 💨x1* - democracy 🔓 💨x20 - marty 💨x16 - necas 💨x11 - bondi 💨x10 - priest 💨x10 - pam 💨x10 - mackinnon 💨x10 - dolly 💨x10 - bondi's *🔓 = Unlocked Emergency Words (see img) #FreePalestine 🇵🇸 (Something not right? Reply!),https://bsky.app/profile/did:plc:mcb6n67plnrlx4lg35natk2b/post/3m2nqwu3phf25,2025-10-08T04:00:29.165000+00:00,nyyankees,275
bluesky_post,bluesky,myreason2bbrave.bsky.social,The #NYYankees came from far behind the Toronto Blue Jays & won Game #3‼️‼️‼️👏🏻👏🏻👏🏻🙇🏻‍♀️🙇🏻‍♀️🙇🏻‍♀️,https://bsky.app/profile/did:plc:qwyiqpdgxevt7ubs2l3ygfpx/post/3m2nqpc7dl22u,2025-10-08T03:56:15.357000+00:00,nyyankees,98
bluesky_post,bluesky,scarlettyoli.bsky.social,The Bronx Bombers showed up tonight! #YankeesWin #RepBX #StartSpreadingTheNews #NYYankees,https://bsky.app/profile/did:plc:ljscwqq5ydwv5ugp6xymgxek/post/3m2nqf2q7k22n,2025-10-08T03:50:33.962000+00:00,nyyankees,89
bluesky_post,bluesky,edgesports.bsky.social,Our AI is riding Yankees moneyline 🤖 #mlb #baseball #nyyankees #moneyline #sportsbetting,https://bsky.app/profile/did:plc:i4ybqyma3vzqnkbgkubado5r/post/3m2n2rj2x6c2e,2025-10-07T21:23:48.664000+00:00,nyyankees,88
bluesky_post,bluesky,tallcpgchef60.bsky.social,#NYYankees #TeamBus #MLB ⚾️,https://bsky.app/profile/did:plc:b2pjfov6gnjfofbmuwnoyhyb/post/3m2mwwxq5xc2m,2025-10-07T20:15:17.059000+00:00,nyyankees,27
bluesky_post,bluesky,agurijel1000.bsky.social,NYヤンキースキャップ(MoMA Edition)。鮮やかなピンクが目を惹く、MoMAとNew Eraによるコラボアイテム。快適な被り心地で、毎日のスタイルに彩りを。 #ロフトネットストア #MoMA #NewEra #NYYankees #キャップ #限定コラボ #ピンク [商品リンク] https://click.linksynergy.com/deeplink?id=PQceXYWL*9I&mid=40574&murl=https%3A%2F%2Fwww.loft.co.jp%2Fstore%2Fg%2Fg4550538026257%2F,https://bsky.app/profile/did:plc:aj7l6nr2x44arw6xjkabz26a/post/3m2ljjoj3ii27,2025-10-07T06:42:31.960000+00:00,nyyankees,275
bluesky_post,bluesky,agurijel1000.bsky.social,NYヤンキースキャップ(MoMA Edition)登場！New Era社とMoMAのコラボレーション。高級感あるキャメルカラーで、ワンランク上の着こなしを演出。 #ロフトネットストア #MoMA #NewEra #NYYankees #キャップ #限定コラボ [商品リンク] https://click.linksynergy.com/deeplink?id=PQceXYWL*9I&mid=40574&murl=https%3A%2F%2Fwww.loft.co.jp%2Fstore%2Fg%2Fg4550538026240%2F,https://bsky.app/profile/did:plc:aj7l6nr2x44arw6xjkabz26a/post/3m2ks3dfhnw24,2025-10-06T23:42:53.565000+00:00,nyyankees,267
bluesky_post,bluesky,agurijel1000.bsky.social,MoMAとNew Eraのコラボ！NYヤンキースキャップのパステルグリーン。MoMAロゴとNew Eraロゴがデザインされた、おしゃれなキャップ。 #ロフトネットストア #MoMA #NewEra #NYYankees #キャップ #パステルグリーン #コラボ [商品リンク] https://click.linksynergy.com/deeplink?id=PQceXYWL*9I&mid=40574&murl=https%3A%2F%2Fwww.loft.co.jp%2Fstore%2Fg%2Fg4550538461164%2F,https://bsky.app/profile/did:plc:aj7l6nr2x44arw6xjkabz26a/post/3m2knzjuzey2d,2025-10-06T22:30:18.861000+00:00,nyyankees,268
bluesky_post,bluesky,agurijel1000.bsky.social,MoMAとNew Eraのコラボ！NYヤンキースキャップのパステルブルー。MoMAロゴとNew Eraロゴがデザインされた、おしゃれなキャップ。 #ロフトネットストア #MoMA #NewEra #NYYankees #キャップ #パステルブルー #コラボ [商品リンク] https://click.linksynergy.com/deeplink?id=PQceXYWL*9I&mid=40574&murl=https%3A%2F%2Fwww.loft.co.jp%2Fstore%2Fg%2Fg4550538461188%2F,https://bsky.app/profile/did:plc:aj7l6nr2x44arw6xjkabz26a/post/3m2kailkbig2d,2025-10-06T18:28:10.965000+00:00,nyyankees,266
bluesky_post,bluesky,johndioso.bsky.social,"#NYYankees continue to set records. #28, here we come!",https://bsky.app/profile/did:plc:bliezmyyppwbtjelzvh6zonr/post/3m2jwxuliwk27,2025-10-06T15:37:47.064000+00:00,nyyankees,54
bluesky_post,bluesky,lets-go-mets-bsky.bsky.social,Clay Day 💪 Credits to: @mets #NewYorkMets #MetsNation #LGM,https://bsky.app/profile/did:plc:xvzxu6ejzyb3exa6q2e5mzj5/post/3m2yg47qdnc25,2025-10-12T09:45:57.382000+00:00,NewYorkMets,58
bluesky_post,bluesky,lets-go-mets-bsky.bsky.social,"Baseball America has ranked the Mets in the Top 5 farm for getting production from both young hitters and pitchers, the only organization to rank in the Top 5 for both #NewYorkMets #MetsNation #LGM",https://bsky.app/profile/did:plc:xvzxu6ejzyb3exa6q2e5mzj5/post/3m2vvwuhcyc2l,2025-10-11T09:51:19.783000+00:00,NewYorkMets,197
bluesky_post,bluesky,collectingall.bsky.social,New York Mets Black Framed Logo Jersey Display Case: $195.99 👉CollectingAll.com👈 #NewYorkMets #MLB #BaseballMemorabilia #JerseyDisplay #SportsCollectibles,https://bsky.app/profile/did:plc:5tyosqktoztcdzuvgiishtxi/post/3m2uq2kz55y26,2025-10-10T22:33:19.382000+00:00,NewYorkMets,154
bluesky_post,bluesky,mets360.bsky.social,"It's become fashionable to criticize David Stearns for the way he built the starting rotation in 2025. How much of that criticism is valid, when six of the eight preferred starters hit the IL for extended stretches? #NewYorkMets #MetsNation #LGM #Mets mets360.substack.com/p/defending-...",https://bsky.app/profile/did:plc:3gpviqmqimp2t7max27lhisx/post/3m2ue4a4hhc2q,2025-10-10T18:59:31.282000+00:00,NewYorkMets,288
bluesky_post,bluesky,lets-go-mets-bsky.bsky.social,Victory formation 😎 Credits to: @mets #NewYorkMets #MetsNation #LGM,https://bsky.app/profile/did:plc:xvzxu6ejzyb3exa6q2e5mzj5/post/3m2u2jkl6ys2n,2025-10-10T16:08:01.287000+00:00,NewYorkMets,67
bluesky_post,bluesky,lets-go-mets-bsky.bsky.social,Hadji’s replacement #NewYorkMets #MetsNation #LGM,https://bsky.app/profile/did:plc:xvzxu6ejzyb3exa6q2e5mzj5/post/3m2qw6q3hrk27,2025-10-09T10:12:21.956000+00:00,NewYorkMets,49
bluesky_post,bluesky,lets-go-mets-bsky.bsky.social,"Welcome to the Show, Dylan Ross! Credits to: @mets #NewYorkMets #MetsNation #LGM",https://bsky.app/profile/did:plc:xvzxu6ejzyb3exa6q2e5mzj5/post/3m2p5cooqek2p,2025-10-08T17:14:33.461000+00:00,NewYorkMets,80
bluesky_post,bluesky,lets-go-mets-bsky.bsky.social,Game 162. #LGM Credits to: @mets #NewYorkMets #MetsNation #LGM,https://bsky.app/profile/did:plc:xvzxu6ejzyb3exa6q2e5mzj5/post/3m2oeivqf3c2v,2025-10-08T09:50:40.456000+00:00,NewYorkMets,62
bluesky_post,bluesky,cardinalchronicles.bsky.social,"Topps #1--World Champions. When it comes from worst to first, nothing beats the 1969 Amazin' Mets. #NewYorkMets #NL #MLB #baseball #cards #Topps",https://bsky.app/profile/did:plc:oqwyl2kt4sw53ea2fanziihi/post/3m2mdbbk7w22e,2025-10-07T14:23:09.358000+00:00,NewYorkMets,144
bluesky_post,bluesky,lets-go-mets-bsky.bsky.social,"[Jon Heyman] Mets executive Andy Green, the former Padres manager, has turned down multiple managerial opportunities to stay with the team in a front office role. (focuses a lot on the farm side/player development) #NewYorkMets #MetsNation",https://bsky.app/profile/did:plc:xvzxu6ejzyb3exa6q2e5mzj5/post/3m2lx7bxt7s2u,2025-10-07T10:47:18.458000+00:00,NewYorkMets,239
bluesky_post,bluesky,brettchatssport.bsky.social,"This week's guest on #TheBCSPodcast is Andrew Beasley (@andrewbeasleyfootball.com). I chatted to him about his fandom for the #NewYorkMets and #LiverpoolFC, as well as his career as a football writer.",https://bsky.app/profile/did:plc:ptcf4udrnl4k7h5mtzmqssxj/post/3m2lqefeoac25,2025-10-07T08:44:55.861000+00:00,NewYorkMets,200
bluesky_post,bluesky,collectingall.bsky.social,2004 KAZUO MATSUI Signed Donruss Studio Card-NEW YORK METS-PSA: $86.99 👉CollectingAll.com👈 #Baseball #MLB #SignedCard #KazuoMatsui #NewYorkMets,https://bsky.app/profile/did:plc:5tyosqktoztcdzuvgiishtxi/post/3m2kkftgvjk2s,2025-10-06T21:25:36.759000+00:00,NewYorkMets,143
bluesky_post,bluesky,mets360.bsky.social,"The 2025 Opening Day roster had 19 players who played for the team in 2024, along with several others who opened the season on the IL. Should they look to duplicate that number in 2026? #NewYorkMets #MetsNation #LGM #Mets mets360.substack.com/p/the-mets-o...",https://bsky.app/profile/did:plc:3gpviqmqimp2t7max27lhisx/post/3m2jsxxhsds2r,2025-10-06T14:26:17.266000+00:00,NewYorkMets,258
bluesky_post,bluesky,lets-go-mets-bsky.bsky.social,Pregame in Miami 🌴 #LGM Credits to: @mets #NewYorkMets #MetsNation,https://bsky.app/profile/did:plc:xvzxu6ejzyb3exa6q2e5mzj5/post/3m2jflmmylk2d,2025-10-06T10:26:40.359000+00:00,NewYorkMets,66
bluesky_post,bluesky,bluesky.awakari.com,"👀🚨YANKEES DESPIERTAN, PERO… | New York Yankees 7-13 Toronto Blue Jays | HIGHLIGHTS | MLB ALDS J2 https://www. rawchili.com/4579440/ # Baseball # MLB # NewYorkMets # NewYorkMets Interest | Match | Feed",https://bsky.app/profile/did:plc:i53e6y3liw2oaw4s6e6odw5m/post/3m2j2ekgw2n23,2025-10-06T07:05:53.660000+00:00,NewYorkMets,200
bluesky_post,bluesky,bluesky.awakari.com,"👀🚨YANKEES DESPIERTAN, PERO… | New York Yankees 7-13 Toronto Blue Jays | HIGHLIGHTS | MLB ALDS J2 https://www. rawchili.com/4579440/ # Baseball # MLB # NewYorkMets # NewYorkMets Interest | Match | Feed",https://bsky.app/profile/did:plc:i53e6y3liw2oaw4s6e6odw5m/post/3m2j2dlpz6p2u,2025-10-06T07:05:21.559000+00:00,NewYorkMets,200
bluesky_post,bluesky,lets-go-mets-bsky.bsky.social,"Thank you, Mets fans, for the support all season 🧡💙 #LGM Credits to: @mets #NewYorkMets #MetsNation #LGM",https://bsky.app/profile/did:plc:xvzxu6ejzyb3exa6q2e5mzj5/post/3m2gunvkbes2i,2025-10-05T10:18:26.060000+00:00,NewYorkMets,104
bluesky_post,bluesky,lets-go-mets-bsky.bsky.social,Anyone know where I can find a higher quality version of this picture? Want to put it on a flag #NewYorkMets #MetsNation #LGM,https://bsky.app/profile/did:plc:xvzxu6ejzyb3exa6q2e5mzj5/post/3m2epmuq5ps2o,2025-10-04T13:43:10.462000+00:00,NewYorkMets,125
bluesky_post,bluesky,autographdanny.bsky.social,Autograph Request #75 Today we are mailing an autograph request to former New York Mets pitcher Jon Matlack. We are sending our request to what we believe is his home address. #autographrequestthroughthemail #autograph #baseball #MLB #NewYorkMets #JonMatlack #AutographCollectingwDannyB,https://bsky.app/profile/did:plc:qfsekybjqzemeumtd3yurwve/post/3m2eii2475g2w,2025-10-04T11:35:04.360000+00:00,NewYorkMets,286
bluesky_post,bluesky,lets-go-mets-bsky.bsky.social,The Mets have invited first base coach Antoan Richardson back for the 2026 season #NewYorkMets #MetsNation #LGM,https://bsky.app/profile/did:plc:xvzxu6ejzyb3exa6q2e5mzj5/post/3m2edkt7ewk22,2025-10-04T10:07:13.761000+00:00,NewYorkMets,111
bluesky_post,bluesky,olmlb.bsky.social,マイク・プーマは、いくつかのマイナーリーグのコーチがオープンメッツの仕事のいくつかの候補者になる可能性があると信じています https://www.olmlb.com/619728/ マイク・プマは、6人のコーチとの別れの方法に反応し、数人の候補者をリストします。 #NewYorkMets …,https://bsky.app/profile/did:plc:64sap4x3jfwoy4vxdxpkrx3h/post/3m2dx2ahp2u2d,2025-10-04T06:23:07.958000+00:00,NewYorkMets,147
bluesky_post,bluesky,olmlb.bsky.social,デイビッド・ライトは野球を粉砕する方法を知っていました https://www.olmlb.com/619177/ #mets #newyorkmets #lgm #letsgomets #mlb #baseball＃homerun＃davidwright http://m.mlb.com/videoのビデオの完全なアーカイブについては、YouTubeを最優秀MLBコンテンツ：http：/youtube.com/mlb。 …,https://bsky.app/profile/did:plc:64sap4x3jfwoy4vxdxpkrx3h/post/3m2aag7f2hw2o,2025-10-02T19:00:14.456000+00:00,NewYorkMets,214
bluesky_post,bluesky,lets-go-mets-bsky.bsky.social,This is a concerning fact. #NewYorkMets #MetsNation #LGM,https://bsky.app/profile/did:plc:xvzxu6ejzyb3exa6q2e5mzj5/post/3m27cs5ehvk2v,2025-10-02T10:10:07.651000+00:00,NewYorkMets,56
bluesky_post,bluesky,lets-go-mets-bsky.bsky.social,Signed Doc Gooden SI Magazine #NewYorkMets #MetsNation #LGM,https://bsky.app/profile/did:plc:xvzxu6ejzyb3exa6q2e5mzj5/post/3m26dgkugus2k,2025-10-02T00:48:52.060000+00:00,NewYorkMets,59
bluesky_post,bluesky,lets-go-mets-bsky.bsky.social,"Nolan McLean has been named MiLB's Breakout Player of the Year, and Jonah Tong has been named MiLB's Pitching Prospect of the Year #NewYorkMets #MetsNation #LGM",https://bsky.app/profile/did:plc:xvzxu6ejzyb3exa6q2e5mzj5/post/3m24rn5l7ms2p,2025-10-01T09:57:44.952000+00:00,NewYorkMets,160
bluesky_post,bluesky,realjournalism.bsky.social,"They brought good luck to the #RedSox this year. Once they came to Fenway Park, that was when they started winning.",https://bsky.app/profile/did:plc:7a7q4in52kdal6mpesb3lj3o/post/3m2zcjmum6s2l,2025-10-12T18:14:27.982000+00:00,redsox,115
bluesky_post,bluesky,bsmile.bsky.social,Today In 1967: Bob Gibson is on the mound as the St. Louis Cardinals win the #WorldSeries vs. the Boston #RedSox in seven games! Narration by Harry Caray! #MLB #Baseball #History #STLCards #Postseason,https://bsky.app/profile/did:plc:vok3j6g7yrv63grj4to7byio/post/3m2z42zqdfs2p,2025-10-12T16:18:58.087000+00:00,redsox,200
bluesky_post,bluesky,talksox.com,"This guide is a comprehensive look at the Boston Red Sox's 2025-2026 offseason schedule, including essential dates on the Winter Meetings, MLB Draft Lottery, and dates on which the Red Sox have to make important decisions on their arbitration-eligible players and players… #redsox #boston #dirtywater",https://bsky.app/profile/did:plc:bbgqc6pj63mvhbny3sbfznwd/post/3m2ypqdi7hh2l,2025-10-12T12:38:13.576000+00:00,redsox,300
bluesky_post,bluesky,devinchaloux.bsky.social,Suspicious post given someone on Reddit asked the same thing (exact wording and all) less than 24 hours ago. www.reddit.com/r/redsox/s/2...,https://bsky.app/profile/did:plc:sxcskjz3nwgpabs6fvktuo3u/post/3m2yjyd2w7s2j,2025-10-12T10:55:18.781000+00:00,redsox,139
bluesky_post,bluesky,red--sox.bsky.social,"Who else was a big fan of the Hit Dog, Mo Vaughn? #RedSox #BostonStrong #MLB #FenwayPark #BaseballNation",https://bsky.app/profile/did:plc:6tmcd4wjkvvfy2uslp6srxin/post/3m2yjcgozkk2g,2025-10-12T10:43:08.981000+00:00,redsox,104
bluesky_post,bluesky,jewelsnbinoculars.bsky.social,"50th Anniversary: ""On October 11, 1975, millions of baseball fans in Latin America experienced something unprecedented: for the first time, the #WorldSeries between the Cincinnati Reds and the Boston #RedSox was broadcast in near-real time via satellite."" #MLB",https://bsky.app/profile/did:plc:mqj64se2243vn7e5264inok2/post/3m2y4hivd4k2b,2025-10-12T06:53:21.280000+00:00,redsox,260
bluesky_post,bluesky,gimpleg.bsky.social,"I dont believe you. I swe this with Astros, Redsox, and Cubs fans. You think you want one... but once you get that one you will become just as intolerable as the others.",https://bsky.app/profile/did:plc:qvylrragndr7c7ei7nf4kqfs/post/3m2y3ztrtj22f,2025-10-12T06:45:37.479000+00:00,redsox,169
bluesky_post,bluesky,gamercat365.bsky.social,"Do you have any nails left, I was a little nervous because I bet on the M,s , but fans of both teams that had to be intense, like me redsox yanks down 3-0 and came back , every pitch , at bat , defensive play, the big difference, M,s have never been there",https://bsky.app/profile/did:plc:nuhanwpqqpfpx4wgjjfxzses/post/3m2xfexfius2c,2025-10-12T00:00:14.882000+00:00,redsox,255
bluesky_post,bluesky,talksox.com,"This guide is a comprehensive look at the Boston Red Sox's 2025-2026 offseason schedule, including essential dates on the Winter Meetings, MLB Draft Lottery, and dates on which the Red Sox have to make important decisions on their arbitration-eligible players and players… #redsox #boston #dirtywater",https://bsky.app/profile/did:plc:bbgqc6pj63mvhbny3sbfznwd/post/3m2xexbvv3u2g,2025-10-11T23:52:36.281000+00:00,redsox,300
bluesky_post,bluesky,polyesterunis.bsky.social,"Fred Lynn, 1976 #Redsox #Baseball",https://bsky.app/profile/did:plc:eszia3ynuja6s7x3y3xnmkil/post/3m2xcafkte222,2025-10-11T23:04:02.983000+00:00,redsox,33
bluesky_post,bluesky,wordmancer.bsky.social,"Took in my first game at Fenway in September. Had a blast, and the game had everything: strong pitching (from Boston, not NY), 4 home runs, a lead off triple. And the Redsox fans cracked me up with their LET'S GO, REDSAWKS and YANKEES SAWK!",https://bsky.app/profile/did:plc:cafx4cy4ibewe57fmzv4vwk6/post/3m2wuonzfzs2n,2025-10-11T19:01:26.977000+00:00,redsox,240
bluesky_post,bluesky,tonykornmeier.bsky.social,RIP to one of my all time favorite Redsox players. I used to pretend to be Mike Greenwell playing baseball in my backyard as a kid. www.mlb.com/video/mlb-to...,https://bsky.app/profile/did:plc:dlu3siyhl5py5dxfpxkxfexg/post/3m2wh7phdx22b,2025-10-11T15:00:28.587000+00:00,redsox,159
bluesky_post,bluesky,bostonnews.bsky.social,“Ex-Boston Red Sox righty among the heroes in Seattle’s epic 15-inning win” — MassLive #BostonNews #RedSox #BostonRedSox,https://bsky.app/profile/did:plc:jw24pvldor2sr2urp4wbvyfk/post/3m2w7yaznjq2t,2025-10-11T12:51:00.586000+00:00,redsox,120
bluesky_post,bluesky,talksox.com,The once-promising All-Star is likely out for all of 2026 after Tommy John Surgery in August. Is it worth it for the Red Sox to keep Tanner Houck on the roster? #redsox #boston #dirtywater,https://bsky.app/profile/did:plc:bbgqc6pj63mvhbny3sbfznwd/post/3m2vzhge3tm24,2025-10-11T10:54:13.084000+00:00,redsox,188
bluesky_post,bluesky,red--sox.bsky.social,We are deeply saddened by the passing of Red Sox Hall of Famer Mike Greenwell. Credits to: @RedSox #RedSox #BostonStrong #MLB #FenwayPark #BaseballNation,https://bsky.app/profile/did:plc:6tmcd4wjkvvfy2uslp6srxin/post/3m2vwjdxbd22k,2025-10-11T10:01:42.781000+00:00,redsox,153
bluesky_post,bluesky,gamercat365.bsky.social,"Must've been hell for fans of both teams, redsox got beat , sad , yanks got beat and embarrassed, joy",https://bsky.app/profile/did:plc:nuhanwpqqpfpx4wgjjfxzses/post/3m2vj6fsq4k2r,2025-10-11T06:02:50.679000+00:00,redsox,101
bluesky_post,bluesky,sratchley.bsky.social,"Four years ago I met a soulmate. He killed himself the day after I left his home, after French toast made from biscuits. He was a great guy, a vet, proud member of #22 everyday. TBI Dad. Husband. Lover. #RedSox RIP MAILMAN #mentalhealthmatters Cue Prine www.youtube.com/watch?v=2xhm...",https://bsky.app/profile/did:plc:e3aliyitb263vzbzuuuojr3k/post/3m2v7miv6p22j,2025-10-11T03:11:47.580000+00:00,redsox,285
bluesky_post,bluesky,dwgelbman.bsky.social,Oh right. Like me + redsox hatin on Yankees. Got it.,https://bsky.app/profile/did:plc:krciem6t6rgdc2ff2nm6puzl/post/3m2uyk53pac2k,2025-10-11T01:05:09.182000+00:00,redsox,52
bluesky_post,bluesky,woosoxc.bsky.social,"RIP to an all-time fave #RedSox, who played #FenwayPark’s quirky LF about as well as anyone. @redsox.com @woosox.bsky.social @woosoxnation.bsky.social @princessdenese.bsky.social #MikeGreenwell",https://bsky.app/profile/did:plc:guxo5bflfujpipsqx2lh4eol/post/3m2uu7joxlc2u,2025-10-10T23:47:43.484000+00:00,redsox,193
bluesky_post,bluesky,shaunpaul.bsky.social,"I don't know why or how he does it.They jailed him, they vilified him, they attacked him, he gets death threats, and still he keeps fighting for the UK and the West #art #furryart #furry #nsfw #starme #fursuit #FogosP #digitalart #FursuitFriday #RedSox #photography #illustration #furconai #bluesky",https://bsky.app/profile/did:plc:x2asw5i5emkny4ssnjgai4vl/post/3m2ukzb7e6k2q,2025-10-10T21:03:08.489000+00:00,redsox,298
bluesky_post,bluesky,vbarbosa1127.bsky.social,#MLB announced on Friday that San Diego #Padres shortstop and former Boston #RedSox star Xander Bogaerts was disciplined for an incident following Game 3 of the NLDS... #DirtyWater #FightForTheFaithful nesn.com/2025/10/xand...,https://bsky.app/profile/did:plc:tbvzmagqi7h67ji6p7p2uyqp/post/3m2ukno3lrc2y,2025-10-10T20:56:40.679000+00:00,redsox,226
bluesky_post,bluesky,vbarbosa1127.bsky.social,Could New York #Mets superstar Pete Alonso join the Boston #RedSox in the #MLB offseason?? 🐻‍❄️🐻‍❄️ #DirtyWater #LGM nesn.com/2025/10/pete...,https://bsky.app/profile/did:plc:tbvzmagqi7h67ji6p7p2uyqp/post/3m2uh733o6c2w,2025-10-10T19:54:53.078000+00:00,redsox,141
bluesky_post,bluesky,collectingall.bsky.social,"Jarren Duran Boston Red Sox Game-Used White/Green Bruce Bolt Batting Gloves vs. Baltimore Orioles on May 24, 2025 - Game One of ...: $999.99 👉CollectingAll.com👈 #Baseball #MLB #RedSox #GameUsed #Collectibles",https://bsky.app/profile/did:plc:5tyosqktoztcdzuvgiishtxi/post/3m2u6ry646z2l,2025-10-10T17:24:16.579000+00:00,redsox,207
bluesky_post,bluesky,olmlb.bsky.social,ボストン・レッドソックスのオフシーズン計画 – トニー・マズとのベースボールアワー https://www.olmlb.com/621866/ トニー・マズがボストン・レッドソックスのオフシーズン計画を初めて紹介します。 #redsox #yankees サムネイル画像提供: USA Today,https://bsky.app/profile/did:plc:64sap4x3jfwoy4vxdxpkrx3h/post/3m2u4nxzxby2g,2025-10-10T16:46:14.878000+00:00,redsox,148
bluesky_post,bluesky,guinness74.bsky.social,"Greenwell was the guy who made me a #RedSox fan. His baseball card said he was born in Louisville, KY, though he spent the majority of his life in Ft. Myers, FL. He had the unenviable privilege to follow 3 HOFers in the vaunted left field of Fenway Park. www.mlb.com/news/mike-gr...",https://bsky.app/profile/did:plc:74imzfhsjdd2iz3cznvko6cz/post/3m2u2tcvhfs2p,2025-10-10T16:13:27.983000+00:00,redsox,282
bluesky_post,bluesky,rawmlb.bsky.social,"Meet Eve Rosenbaum of the Baltimore Orioles https://www.rawchili.com/mlb/376659/ Opening Day is sacred for those who worship at the altar of baseball, and Eve Rosenbaum has been…",https://bsky.app/profile/did:plc:lgxwokjfnegutejxknkdpqwj/post/3m2zp5knxtp23,2025-10-12T22:00:23.483000+00:00,Orioles,178
bluesky_post,bluesky,oriolesreview.bsky.social,hello,https://bsky.app/profile/did:plc:wpqsjjctj7h35r6d7kirm2e4/post/3m2znusmxrs23,2025-10-12T21:37:38.185000+00:00,Orioles,5
bluesky_post,bluesky,rawmlb.bsky.social,Orioles’ Jackson Holliday has ‘more comfort’ at position other than second base https://www.rawchili.com/mlb/376612/ There’s a case to be made that the Baltimore Orioles have the most promising middle infield in all…,https://bsky.app/profile/did:plc:lgxwokjfnegutejxknkdpqwj/post/3m2zmwtsd4i25,2025-10-12T21:20:50.778000+00:00,Orioles,216
bluesky_post,bluesky,birdseyeviewbal.bsky.social,"Cleaned up the Payroll Sheet some more and added a Tender column that allows for easier selection of Free Agents, Options, and Arbitration players. You can download, create, and share your own ideal offseason plan for the Orioles. docs.google.com/spreadsheets...",https://bsky.app/profile/did:plc:wmzg3m7vk6izlm2zukgm6b5b/post/3m2zlv7dwus23,2025-10-12T21:02:05.287000+00:00,Orioles,262
bluesky_post,bluesky,mikeybaseball.bsky.social,With a side of Orioles,https://bsky.app/profile/did:plc:pljwhotdfvwox4hdoznufveg/post/3m2zlq3u3wk2y,2025-10-12T20:59:10.589000+00:00,Orioles,22
bluesky_post,bluesky,earlfckinweaver.bsky.social,"Reposting to add: I'm not renewing my Orioles tickets until I see who they hire as the manager. If they keep Mansolino, I doubt I'm coming back for anything other than a random giveaway game that interests me.",https://bsky.app/profile/did:plc:cis6lebumws6qttcbxfenrfw/post/3m2zkvb5bo22d,2025-10-12T20:44:10.383000+00:00,Orioles,209
bluesky_post,bluesky,rawmlb.bsky.social,NY Cuts Ties With Former Top-10 Pick in Trade https://www.rawchili.com/mlb/376563/ Getty The New York Yankees dealt a former highly touted prospect to the Baltimore Orioles. The New York…,https://bsky.app/profile/did:plc:lgxwokjfnegutejxknkdpqwj/post/3m2zko6ttdq26,2025-10-12T20:40:12.878000+00:00,Orioles,187
bluesky_post,bluesky,zzyzx.bsky.social,"I just had a sudden memory of the Orioles' playoff years of 79 and 83 and how they used to have special commemorative programs for those events. After you went inside, there was a booth that would hand cancel them with a postmark for that day's game as proof you were actually there.",https://bsky.app/profile/did:plc:easdcdpej2skorweyfza6ily/post/3m2zk5x7hok2s,2025-10-12T20:31:07.780000+00:00,Orioles,283
bluesky_post,bluesky,birdseyeviewbal.bsky.social,Orioles brass has to be thanking their lucky stars that the Ravens are this terrible.,https://bsky.app/profile/did:plc:wmzg3m7vk6izlm2zukgm6b5b/post/3m2zjvc6wnc2s,2025-10-12T20:26:17.282000+00:00,Orioles,85
bluesky_post,bluesky,mlbtraderumors.bsky.social,"The #Padres, #Orioles, #MNTwins, #Cubs, #Tigers, #Brewers, #Mariners, #Phillies, #SFGiants, #BlueJays, #Reds, #Angels, and many other topics were discussed during today's MLBTR live chat. The transcript: www.mlbtraderumors.com/2025/10/mlbt...",https://bsky.app/profile/did:plc:krtgzfixmfafx4ndpywlfmsm/post/3m2zgq4giw22e,2025-10-12T19:30:40.481000+00:00,Orioles,242
bluesky_post,bluesky,rawmlb.bsky.social,"Brandon Hyde spoke to NL West team about managerial opening https://www.rawchili.com/mlb/376459/ As the Baltimore Orioles conduct a search for their next manager, their former skipper appears to be drawing…",https://bsky.app/profile/did:plc:lgxwokjfnegutejxknkdpqwj/post/3m2zg7ca3yj2f,2025-10-12T19:20:18.179000+00:00,Orioles,206
bluesky_post,bluesky,earlfckinweaver.bsky.social,Congratulations Ravens. Both you and my beloved Orioles have been so absolutely goddamn awful that I no longer want to watch sports. At all. Add in the Terps shit-tacular play & I'm all the way done.,https://bsky.app/profile/did:plc:cis6lebumws6qttcbxfenrfw/post/3m2zfw2h7qs2l,2025-10-12T19:15:11.180000+00:00,Orioles,199
bluesky_post,bluesky,oriolesreview.bsky.social,"I actually love the idea of Adley/Basallo/Contreras in a 60/30/10 catching split, and I think Contreras brings exactly the kind of fire they need. I've wanted Gray in the Orioles rotation for years, too. They're both past their prime but still above average contributors coming off solid seasons.",https://bsky.app/profile/did:plc:wpqsjjctj7h35r6d7kirm2e4/post/3m2zded2yf22x,2025-10-12T18:29:25.785000+00:00,Orioles,296
bluesky_post,bluesky,oriolesreview.bsky.social,At the same time the Orioles add 2 (possibly 3) experienced vets to the roster. Hard to argue they wouldn't be stronger over the next 1-2 years even if the salary gets a little bloated in the interim.,https://bsky.app/profile/did:plc:wpqsjjctj7h35r6d7kirm2e4/post/3m2zcts4ykc2x,2025-10-12T18:20:10.981000+00:00,Orioles,200
bluesky_post,bluesky,oriolesreview.bsky.social,Gray and another TOR would put the Orioles rotation in a great spot. Contreras would be the primary 1B as well as the emergency C in situations where the Orioles might be faced with losing the DH.,https://bsky.app/profile/did:plc:wpqsjjctj7h35r6d7kirm2e4/post/3m2zcrdu3d22x,2025-10-12T18:18:49.094000+00:00,Orioles,196
bluesky_post,bluesky,oriolesreview.bsky.social,Oops forgot alt text,https://bsky.app/profile/did:plc:wpqsjjctj7h35r6d7kirm2e4/post/3m2zbtzp7e22x,2025-10-12T18:02:26.382000+00:00,Orioles,20
bluesky_post,bluesky,dmlfan928.bsky.social,Apparently the fact the Rams will be practicing at Camden Yards has turned them into the Orioles,https://bsky.app/profile/did:plc:cxy4hyto35bnxt4m7jfvnymw/post/3m2zbeisusk26,2025-10-12T17:53:44.579000+00:00,Orioles,96
bluesky_post,bluesky,johnnywallflower.com,Orioles build nests similar to those.,https://bsky.app/profile/did:plc:cye3ephmxp7tisitfaou2gyp/post/3m2zagngt5c2x,2025-10-12T17:37:05.590000+00:00,Orioles,37
bluesky_post,bluesky,bageltechno.bsky.social,"going from disappointing orioles season to 2025 florida state/2025 ravens is not the emotional rollercoaster i needed, tbh",https://bsky.app/profile/did:plc:a4swkolk5ekpq47di3yfwkcw/post/3m2zaa6brb22d,2025-10-12T17:33:24.978000+00:00,Orioles,122
bluesky_post,bluesky,qflea.bsky.social,"I won't pay that. I only pay for the MLB app, single team only, for (I think) $119 in 2024. All I want is access to #Mets games on SNY/PIX, although Nationals, Phillies, Orioles blacked out here due to the arcane, useless MLB blackout rules.",https://bsky.app/profile/did:plc:ggvt2v4m563soyiwokyux2mh/post/3m2z7ongjqc2g,2025-10-12T17:23:37.382000+00:00,Orioles,241
bluesky_post,bluesky,imsarahnow.bsky.social,"I’m a Baltimore Orioles fan, I can certainly understand 🫂",https://bsky.app/profile/did:plc:szr5z3fvlqpwc2pil2i5brb2/post/3m2z6hwiqp22q,2025-10-12T17:01:57.779000+00:00,Orioles,57
bluesky_post,bluesky,rawmlb.bsky.social,"Reggie Jackson Traded! A’s to Orioles: The Untold Story #shorts https://www.rawchili.com/4594280/ Reggie Jackson Traded! A’s to Orioles: The Untold Story #shorts So on April 2nd of 1976, A’s fans…",https://bsky.app/profile/did:plc:lgxwokjfnegutejxknkdpqwj/post/3m2z6epk42r2p,2025-10-12T17:00:09.882000+00:00,Orioles,196
bluesky_post,bluesky,rawchili.bsky.social,"Reggie Jackson Traded! A’s to Orioles: The Untold Story #shorts https://www.rawchili.com/4594280/ Reggie Jackson Traded! A’s to Orioles: The Untold Story #shorts So on April 2nd of 1976, A’s fans…",https://bsky.app/profile/did:plc:rpraomxl4qbdazg322vwsno4/post/3m2z2zfg7552l,2025-10-12T16:00:10.189000+00:00,Orioles,196
bluesky_post,bluesky,mlbtraderumors.bsky.social,Former #Orioles skipper Brandon Hyde could be on the #SFGiants' list of managerial candidates: www.mlbtraderumors.com/2025/10/late...,https://bsky.app/profile/did:plc:krtgzfixmfafx4ndpywlfmsm/post/3m2z2ebvohc2e,2025-10-12T15:48:28.682000+00:00,Orioles,133
bluesky_post,bluesky,raysbaseballs.bsky.social,Randy in Randyland #TampaBayRays #RaysBaseball #MLB,https://bsky.app/profile/did:plc:degxyot7z3epx47pnaiyx7kx/post/3m2yewmuzxk2r,2025-10-12T09:24:59.281000+00:00,TampaBayRays,51
bluesky_post,bluesky,raysbaseballs.bsky.social,Rays fan wears a creative Trop hat #TampaBayRays #RaysBaseball #MLB,https://bsky.app/profile/did:plc:degxyot7z3epx47pnaiyx7kx/post/3m2x7zf6ji22l,2025-10-11T22:24:21.585000+00:00,TampaBayRays,67
bluesky_post,bluesky,janejune.bsky.social,I'm just glad the Yankees lost. 😉 Lots of bad blood between my #TampaBayRays and the team with the deep pockets!,https://bsky.app/profile/did:plc:gw4grme7fobkgh2qxs6mz565/post/3m2w2o4swac2o,2025-10-11T11:15:50.780000+00:00,TampaBayRays,112
bluesky_post,bluesky,raysbaseballs.bsky.social,How I sleep knowing Juan Soto is out of the division #TampaBayRays #RaysBaseball #MLB,https://bsky.app/profile/did:plc:degxyot7z3epx47pnaiyx7kx/post/3m2vwucb55c2l,2025-10-11T10:07:49.884000+00:00,TampaBayRays,85
bluesky_post,bluesky,raysbaseballs.bsky.social,Will the media take notice? No? Just gonna glaze Ohtani some more? Alright. #TampaBayRays #RaysBaseball #MLB,https://bsky.app/profile/did:plc:degxyot7z3epx47pnaiyx7kx/post/3m2qupkg4ec2x,2025-10-09T09:46:05.455000+00:00,TampaBayRays,108
bluesky_post,bluesky,raysbaseballs.bsky.social,Son’s first game and got some great photos 💪 #TampaBayRays #RaysBaseball #MLB,https://bsky.app/profile/did:plc:degxyot7z3epx47pnaiyx7kx/post/3m2poedwlsc2x,2025-10-08T22:19:45.561000+00:00,TampaBayRays,77
bluesky_post,bluesky,raysbaseballs.bsky.social,"Key members of the new ownership group: Bill Cosgrove, Patrick Zalupski and Ken Babby #TampaBayRays #RaysBaseball #MLB",https://bsky.app/profile/did:plc:degxyot7z3epx47pnaiyx7kx/post/3m2n5z43t2s2m,2025-10-07T22:21:48.160000+00:00,TampaBayRays,118
bluesky_post,bluesky,raysbaseballs.bsky.social,"This #GreenSportsDay, we focused on addressing food insecurity in the Tampa Bay Area by teaming up with @HopeVillages to sort, bag and clean up around their facilities! #TampaBayRays #RaysBaseball #MLB",https://bsky.app/profile/did:plc:degxyot7z3epx47pnaiyx7kx/post/3m2lrzhyuoc2m,2025-10-07T09:14:36.860000+00:00,TampaBayRays,201
bluesky_post,bluesky,raysbaseballs.bsky.social,Junior earned it 👏 The Hank Aaron Award recognizes the top offensive performers in each league. Cast your vote for Cami now through Oct #TampaBayRays #RaysBaseball #MLB,https://bsky.app/profile/did:plc:degxyot7z3epx47pnaiyx7kx/post/3m2kncgq4l22w,2025-10-06T22:17:26.663000+00:00,TampaBayRays,168
bluesky_post,bluesky,raysbaseballs.bsky.social,How can you not be romantic about baseball? #TampaBayRays #RaysBaseball #MLB,https://bsky.app/profile/did:plc:degxyot7z3epx47pnaiyx7kx/post/3m2jbgeu2ac2w,2025-10-06T09:12:17.260000+00:00,TampaBayRays,76
bluesky_post,bluesky,raysbaseballs.bsky.social,OMGOMG RAYS WIN!! #TampaBayRays #RaysBaseball #MLB #TampaSports,https://bsky.app/profile/did:plc:degxyot7z3epx47pnaiyx7kx/post/3m2guf75gek27,2025-10-05T10:13:39.156000+00:00,TampaBayRays,63
bluesky_post,bluesky,raysbaseballs.bsky.social,Rakes All Night Day Year #TampaBayRays #RaysBaseball #MLB,https://bsky.app/profile/did:plc:degxyot7z3epx47pnaiyx7kx/post/3m2eancnwps2p,2025-10-04T09:14:58.961000+00:00,TampaBayRays,57
bluesky_post,bluesky,collectingall.bsky.social,Tanner Murray Tampa Bay Rays Autographed 2021 Bowman Chrome Prospects Superfractor #CPA-TM #1/1 PSA Authenticated Gem MT 10 Card: $299.99 👉CollectingAll.com👈 #Baseball #MLB #Autographed #Collectibles #TampaBayRays,https://bsky.app/profile/did:plc:5tyosqktoztcdzuvgiishtxi/post/3m2ctrytnts2r,2025-10-03T19:52:11.057000+00:00,TampaBayRays,213
bluesky_post,bluesky,tampa-bay-rays.bsky.social,Picked up a lot of bags #TampaBayRays #RaysBaseball #MLB #TampaBaySports #RaysUp #BaseballCommunity,https://bsky.app/profile/did:plc:yx6u5iptipiczpewke2tkfw5/post/3m27mqyhvds25,2025-10-02T13:08:25.451000+00:00,TampaBayRays,99
bluesky_post,bluesky,raysbaseballs.bsky.social,1 upvote= 1 punch to the face #TampaBayRays #RaysBaseball #MLB,https://bsky.app/profile/did:plc:degxyot7z3epx47pnaiyx7kx/post/3m27a6mzt5k2r,2025-10-02T09:23:27.950000+00:00,TampaBayRays,62
bluesky_post,bluesky,raysbaseballs.bsky.social,The Rays sale to Patrick zalupski has been finalized!! #TampaBayRays #RaysBaseball #MLB,https://bsky.app/profile/did:plc:degxyot7z3epx47pnaiyx7kx/post/3m24rbyk3522a,2025-10-01T09:51:31.753000+00:00,TampaBayRays,87
bluesky_post,bluesky,raysbaseballs.bsky.social,Picked up a lot of bags #TampaBayRays #RaysBaseball #MLB,https://bsky.app/profile/did:plc:degxyot7z3epx47pnaiyx7kx/post/3m23p2dauds2j,2025-09-30T23:38:46.547000+00:00,TampaBayRays,56
bluesky_post,bluesky,raysbaseballs.bsky.social,Your 2025 All-MLB Team Nominees 🤩 Cast your ballot between now and Oct. 10 to help our guys get their spot. #TampaBayRays #RaysBaseball #MLB,https://bsky.app/profile/did:plc:degxyot7z3epx47pnaiyx7kx/post/3m226ossmsc2j,2025-09-30T09:13:21.254000+00:00,TampaBayRays,140
bluesky_post,bluesky,janejune.bsky.social,I'm still licking my wounds. #TampaBayRays *sigh* I was looking up the new owner - Patrick Zalupski - the gazillionaire developer from Jacksonville. A big DeSantis contributor. That does not bode well.,https://bsky.app/profile/did:plc:gw4grme7fobkgh2qxs6mz565/post/3lzy4popmek2c,2025-09-29T13:32:39.455000+00:00,TampaBayRays,201
bluesky_post,bluesky,rawmlb.bsky.social,Tampa Bay Rays vs Toronto Blue Jays LIVE Stream Game Audio | MLB LIVE Streamcast & Chat https://www.rawchili.com/4562426/ Tampa Bay Rays vs Toronto Blue Jays LIVE Stream Game Audio | MLB LIVE Streamcast & Chat #tampabayrays…,https://bsky.app/profile/did:plc:lgxwokjfnegutejxknkdpqwj/post/3lzww4iorcj23,2025-09-29T02:01:53.450000+00:00,TampaBayRays,224
bluesky_post,bluesky,raysbaseballs.bsky.social,Guys being dudes #TampaBayRays #RaysBaseball #MLB,https://bsky.app/profile/did:plc:degxyot7z3epx47pnaiyx7kx/post/3lztrmvp2ls2e,2025-09-27T20:03:38.253000+00:00,TampaBayRays,49
bluesky_post,bluesky,raysbaseballs.bsky.social,Today’s nine up North #TampaBayRays #RaysBaseball #MLB,https://bsky.app/profile/did:plc:degxyot7z3epx47pnaiyx7kx/post/3lztrigmors2e,2025-09-27T20:01:07.858000+00:00,TampaBayRays,54
bluesky_post,bluesky,raysbaseballs.bsky.social,Final Stop: TOR #TampaBayRays #RaysBaseball #MLB,https://bsky.app/profile/did:plc:degxyot7z3epx47pnaiyx7kx/post/3lzspp42sbk2p,2025-09-27T09:56:28.454000+00:00,TampaBayRays,48
bluesky_post,bluesky,olmlb.bsky.social,🔴live🔴タンパベイレイズvsトロントブルージェイズ /9月26日 /envivo /mlbショー25 https://www.olmlb.com/616758/ 🔴live🔴タンパベイレイズ対トロントブルージェイズ /9月26日 /envivo /mlbショー#tampabayrays #livesportsevents＃baseballseptember25 #livesportsnews #torontobluejays＃torontobluejaysvaysvayraystheshow25 #mlbtheshow＃mlbtheshow …,https://bsky.app/profile/did:plc:64sap4x3jfwoy4vxdxpkrx3h/post/3lzrkamhal62j,2025-09-26T22:46:08.356000+00:00,TampaBayRays,277
bluesky_post,bluesky,janejune.bsky.social,"It's a beautiful anthem anyway, but this is stellar! THANK YOU, Corrina and thank YOU, #Canada, for being such an awesome neighbor. 🥰🍁 (I'm a long-suffering #TampaBayRays fan, but since they're out of the running I'm pulling for the #TorontoBlueJays! 🧢⚾)",https://bsky.app/profile/did:plc:gw4grme7fobkgh2qxs6mz565/post/3lzqn6qnad22c,2025-09-26T14:06:07.454000+00:00,TampaBayRays,254
bluesky_post,bluesky,jbrowns.gobirds.online,"No, I don’t have any concerns I’m spoiling her, why do you ask?",https://bsky.app/profile/did:plc:mtx7ljj55pwmjsmktndcjt7p/post/3m2zqtc7ais27,2025-10-12T22:30:29.181000+00:00,phillies,63
bluesky_post,bluesky,discobriandavis.bsky.social,"MY bad-ass Jewish Ukrainian pro-Palestine, pro-Israel, pro-America, anti-racist, anti-fascist, pro-LOVE artist wife (who I don't deserve) makes transformational art! Echokid, a brilliant band of rugged young Phillies, commissioned her 2 make a video 4 their song ""Sleeping on the Back Porch""!",https://bsky.app/profile/did:plc:bwjub2kbucnq5df34e665r2i/post/3m2zqgxyxbk2f,2025-10-12T22:23:32.985000+00:00,phillies,292
bluesky_post,bluesky,alieneight.bsky.social,Marcus Mathers is probably still pissed about the Phillies so KJ Orso better watch out. #GCWFight 🤼,https://bsky.app/profile/did:plc:gfyprhpxgelg3jc7cpj7bloq/post/3m2zqegozkk2p,2025-10-12T22:22:07.784000+00:00,phillies,99
bluesky_post,bluesky,rawmlb.bsky.social,Dodgers make their way to Milwaukee to shut down a fierce Brewers team – Annenberg Media https://www.rawchili.com/mlb/376676/ The Los Angeles Dodgers sent the Philadelphia Phillies packing in what was an exciting 11th-inning last Thursday. Phillies’…,https://bsky.app/profile/did:plc:lgxwokjfnegutejxknkdpqwj/post/3m2zqd2egcn2l,2025-10-12T22:21:21.685000+00:00,phillies,250
bluesky_post,bluesky,philliesnation.bsky.social,"The outfield's post-trade deadline turnaround was one of the best storylines of the Phillies season. But with multiple pending free agents and trade candidates, more change could be in store for the unit. ""If it were up to me, I'd be back."" philliesnation.com/2025/10/phil...",https://bsky.app/profile/did:plc:tb3p5h4pgti2v4xdtvady6ro/post/3m2zpybpvws2b,2025-10-12T22:15:25.782000+00:00,phillies,275
bluesky_post,bluesky,shanamd.bsky.social,Insert Packers logo here.,https://bsky.app/profile/did:plc:hcefoghfhocqwdsjrn6pvlbg/post/3m2zpkoen5s2m,2025-10-12T22:07:43.880000+00:00,phillies,25
bluesky_post,bluesky,phillyfrontoffice.com,"A rough week in Philly Sports included the Phillies getting our hopes up then knocking them down, the Eagles looking completely lost, and a bullshit Flyers loss to start the season. For all that sadness and more, check out www.phillyfrontoffice.com",https://bsky.app/profile/did:plc:p6q6mgqru7ybqs5qrp7eaiqr/post/3m2zpiil3jk2k,2025-10-12T22:06:31.283000+00:00,phillies,248
bluesky_post,bluesky,hahnapaulooza.bsky.social,He looks diabolical (complimentary),https://bsky.app/profile/did:plc:azfay5epgg4nnaeqvypzsbmf/post/3m2zon32w3s2k,2025-10-12T21:51:20.878000+00:00,phillies,35
bluesky_post,bluesky,baseballobserver.bsky.social,Phillies’ Ownership Group,https://bsky.app/profile/did:plc:ffosahlappkc7nfhcip7kyrn/post/3m2zomojtjv2c,2025-10-12T21:50:57.482000+00:00,phillies,25
bluesky_post,bluesky,andrewervin.bsky.social,I feel terrible for Kerkering and hope he has good people around him. He’s going to be a great asset for the Phillies.,https://bsky.app/profile/did:plc:53rkwhwuwwd6odqw7cft4fhw/post/3m2zo4vhrlk2d,2025-10-12T21:42:07.384000+00:00,phillies,118
bluesky_post,bluesky,lawyerrabbit.bsky.social,Phillies fans stay mad.,https://bsky.app/profile/did:plc:yjc7jvan3eigxcg3otoeq7xb/post/3m2zo3f2occ2i,2025-10-12T21:41:18.782000+00:00,phillies,23
bluesky_post,bluesky,jrvj1971.bsky.social,"That depends on whether you think the Giants had won or not won the WS. If you think they hadn't won the WS, the correct years are 2002 (Giants vs. Angels) and 2011 (Giants vs.Texas). 2001 was Dbacks Yanks To me, the last time two teams who have never won the WS was 1980 (Phillies vs. Royals).",https://bsky.app/profile/did:plc:vnjbt2cwuazlnf6aoesy3sry/post/3m2zo27omuc2f,2025-10-12T21:40:38.082000+00:00,phillies,294
bluesky_post,bluesky,rawmlb.bsky.social,What was the best part of 2025? https://www.rawchili.com/mlb/376639/ The season is over and it was done so bitterly. When seasons end like the way the Phillies…,https://bsky.app/profile/did:plc:lgxwokjfnegutejxknkdpqwj/post/3m2znzeyivd25,2025-10-12T21:40:09.582000+00:00,phillies,160
bluesky_post,bluesky,folk-smore.bsky.social,I’m still mad at them but I miss the Phillies,https://bsky.app/profile/did:plc:xlsujhnomx2xbhmlnln7pz2r/post/3m2znylu2nc2h,2025-10-12T21:39:42.980000+00:00,phillies,45
bluesky_post,bluesky,phlbaseballnews.bsky.social,"45 years ago today, the #Phillies won the ALCS against the Houston Astros. It was one of the greatest playoff series in the history of the game. Find out more about the series and the controversy that was part of it. phillybaseball.news/2025/10/12/t...",https://bsky.app/profile/did:plc:pyg74kiskykf5ugscrw76hd3/post/3m2znxlso5c2q,2025-10-12T21:39:13.984000+00:00,phillies,252
bluesky_post,bluesky,steelytom1.bsky.social,I had 2 Phillies sleeveless shirts teed up (pun intended) but elimination depression is real (note the black on black),https://bsky.app/profile/did:plc:cozes5ejvtb6ifhk3pltncql/post/3m2zmzwpp2c2b,2025-10-12T21:22:34.381000+00:00,phillies,118
bluesky_post,bluesky,richwilkinspa.bsky.social,"For those of you already looking forward to the #Phillies ""next year."" therichwilkins.com/2025/10/12/r...",https://bsky.app/profile/did:plc:fwo3q5caov7pue4ccvmzbjmp/post/3m2zmsdkkxc2t,2025-10-12T21:18:22.492000+00:00,phillies,105
bluesky_post,bluesky,rawmlb.bsky.social,Giving the Dodgers their due https://www.rawchili.com/mlb/376588/ We’ve had a couple of days to process the Phillies defeat in the NLDS. As with any playoff…,https://bsky.app/profile/did:plc:lgxwokjfnegutejxknkdpqwj/post/3m2zlryimo525,2025-10-12T21:00:14.578000+00:00,phillies,157
bluesky_post,bluesky,gurtsherm.bsky.social,"I think it's very telling: Penn State fans are the literal only sports fans I have met in real life where none of them have a normal view nor relationship with the institution itself. I am friends with Saints, Phillies, Georgia Tech, Florida people. I have never met a normal Penn State person.",https://bsky.app/profile/did:plc:emsv6teuiatugckfwkix53bc/post/3m2zk4px3lc2r,2025-10-12T20:30:26.677000+00:00,phillies,294
bluesky_post,bluesky,cubsheritage.bsky.social,Kyle Schwarber Autographed Rawlings Adirondack Bat Fanatics Coa Phillies,https://bsky.app/profile/did:plc:io5fnak3tnoq3cixnhoou6lj/post/3m2zk2fsvxz2u,2025-10-12T20:29:09.083000+00:00,phillies,72
bluesky_post,bluesky,filmsatfirstsight.bsky.social,"This week's episode features a brand new guest and is about the almighty American diamond. And since the Phillies broke his heart (once again), Joe channeled his energy into something positive and put together a list of baseball/baseball-related films. #FilmSky 🎥 America's Pastime boxd.it/Oygq4",https://bsky.app/profile/did:plc:3okvhyndxgedg5oxoz4thwq6/post/3m2zjvo33ok23,2025-10-12T20:26:30.186000+00:00,phillies,295
bluesky_post,bluesky,rawmlb.bsky.social,Alec Bohm’s ESPN gf Erin Dolan shares dramatic new look channeling Tate McRae https://www.rawchili.com/mlb/376543/ Philly fans are still mourning bloody Thursday that saw the Phillies lose the NLDS in a walk-off error…,https://bsky.app/profile/did:plc:lgxwokjfnegutejxknkdpqwj/post/3m2zjksdtii2k,2025-10-12T20:20:24.984000+00:00,phillies,218
bluesky_post,bluesky,mjmoser.bsky.social,I do enjoy the Phillies. And I don’t hate the Mets with the exception of Juan Soto. Enemy of my enemy is my friend.,https://bsky.app/profile/did:plc:pviiiighdbedgkeruzh7376m/post/3m2ziwzsomk2u,2025-10-12T20:09:22.183000+00:00,phillies,115
bluesky_post,bluesky,ryanwritesgood.bsky.social,Steelers/Eagles? 🚫🚫🚫 Pirates/Phillies? 🚫🚫🚫 Sheetz/Wawa? ☑️☑️☑️ #bloodwillspill www.wpxi.com/news/local/s...,https://bsky.app/profile/did:plc:6irylomud4saesa5cgv3qnd4/post/3m2ziwewkqc23,2025-10-12T20:09:38.382000+00:00,phillies,107
bluesky_post,bluesky,andytulin.net,This is exactly what I needed from sports after the Phillies and various breeds of birds ripped my heart out. Nothing heals the soul like an embarrassing Cowboys loss,https://bsky.app/profile/did:plc:oeq2abni3k7g6lhctu5pl34b/post/3m2ziuirqyc2t,2025-10-12T20:07:56.876000+00:00,phillies,166
bluesky_post,bluesky,beccaandsix.bsky.social,"it’s impossible for me to put into words how loved i feel every day that ends with me falling asleep next to you, @themantisrider.bsky.social. to a lifetime more of silly adventures together full of good food, countless historic mirror selfies in museums, and the best of company 💜 happy anniversary",https://bsky.app/profile/did:plc:kjwola4dsg4y2x2bavtclvop/post/3m2zqbvrp5s2q,2025-10-12T22:20:48.183000+00:00,Braves,299
bluesky_post,bluesky,rawmlb.bsky.social,Blue Jays’ ALCS roster choice could pay off big for the Braves this offseason https://www.rawchili.com/mlb/376642/ Everyone knows that the Atlanta Braves have a problem at shortstop at the moment. After having to suffer…,https://bsky.app/profile/did:plc:lgxwokjfnegutejxknkdpqwj/post/3m2zp6iphft2y,2025-10-12T22:00:55.479000+00:00,Braves,220
bluesky_post,bluesky,rawmlb.bsky.social,"Braves season turns from bad to disaster with latest Ronald Acuna news https://www.rawchili.com/mlb/376646/ Just hours before Tuesday’s game against the Athletics, the Atlanta Braves made an announcement that likely deflated their…",https://bsky.app/profile/did:plc:lgxwokjfnegutejxknkdpqwj/post/3m2zp6cf75526,2025-10-12T22:00:48.481000+00:00,Braves,231
bluesky_post,bluesky,tryingsomethings.bsky.social,You know who would be a great candidate for the Penn State head football coaching job now that James Franklin has been fired? Mark DeRosa. That is not any dumber than the folks on Atlanta's 680 The Fan trying to push DeRosa to be the next #Braves manager.,https://bsky.app/profile/did:plc:5a72ytp77qaxvqicjlfu6vut/post/3m2znxvtxfc2p,2025-10-12T21:39:23.381000+00:00,Braves,255
bluesky_post,bluesky,sblivephotos.bsky.social,"New Football photo gallery: Socastee Braves vs North Myrtle Beach Chiefs - Oct 10, 2025 by Brian Bodine featuring schools: North Myrtle Beach, Socastee",https://bsky.app/profile/did:plc:ntab6rx6awxqgual523opugz/post/3m2zmgrbgvy2h,2025-10-12T21:11:51.680000+00:00,Braves,151
bluesky_post,bluesky,lizzysizzy.bsky.social,I know nothing about baseball btw other than the Atlanta Braves have a ridiculous stadium with chilled cup holders!,https://bsky.app/profile/did:plc:kt37l4tyzfeqtbeqiszdasd3/post/3m2zm4too3s23,2025-10-12T21:06:18.079000+00:00,Braves,115
bluesky_post,bluesky,jimadamsgeo.bsky.social,"Back when baseball was a proper sport with two leagues that only met once a season, Philadelphia was my NL team - because fuck the Braves and Philly has better food.",https://bsky.app/profile/did:plc:4j35ob37e57e4deamdcwxuho/post/3m2zj77y4js22,2025-10-12T20:13:57.182000+00:00,Braves,165
bluesky_post,bluesky,jeffbraves.bsky.social,I agree he does not need to be starting for the Braves. Battery Power share.google/6bLBDT2lhIQC...,https://bsky.app/profile/did:plc:3gamd3foqfntdfhr6v27as3z/post/3m2zgcnqkhc2q,2025-10-12T19:22:12.579000+00:00,Braves,98
bluesky_post,bluesky,jeffbraves.bsky.social,www.si.com/mlb/braves/n...,https://bsky.app/profile/did:plc:3gamd3foqfntdfhr6v27as3z/post/3m2zg32ptxk2q,2025-10-12T19:17:59.186000+00:00,Braves,26
bluesky_post,bluesky,rawmlb.bsky.social,"Detroit Tigers swept by Atlanta Braves, 6-2; AL Central edge holds at 1 game https://www.rawchili.com/mlb/376441/ Breaking down why Detroit Tigers pitcher Troy Melton features ‘elite stuff’ On “Days of Roar,” Nick Pollack —…",https://bsky.app/profile/did:plc:lgxwokjfnegutejxknkdpqwj/post/3m2zf3gk7h22l,2025-10-12T19:00:14.679000+00:00,Braves,224
bluesky_post,bluesky,collectingall.bsky.social,TOM GLAVINE Signed MLB Showdown Baseball Card-METS-ATLANTA BRAVES-PSA: $142.99 👉CollectingAll.com👈 #Baseball #MLB #SportsMemorabilia #Autographed #BaseballCard,https://bsky.app/profile/did:plc:5tyosqktoztcdzuvgiishtxi/post/3m2zdjfgtzw2o,2025-10-12T18:32:16.180000+00:00,Braves,159
bluesky_post,bluesky,rawmlb.bsky.social,This Day in Braves History: Joc Pederson powers Braves to victory in 2021 NLDS https://www.rawchili.com/mlb/376389/ 1948 – The Boston Braves fall 4-3 in Game 6 as Cleveland wins the World Series title. 2004…,https://bsky.app/profile/did:plc:lgxwokjfnegutejxknkdpqwj/post/3m2zctr6krg23,2025-10-12T18:20:09.982000+00:00,Braves,207
bluesky_post,bluesky,rawmlb.bsky.social,Former NY Mets coach is a threat to join the Braves coaching staff in some capacity https://www.rawchili.com/mlb/376335/ The New York Mets coaching staff underwent several major changes. Among them was the decision by bench coach…,https://bsky.app/profile/did:plc:lgxwokjfnegutejxknkdpqwj/post/3m2zan6ciqf27,2025-10-12T17:40:41.379000+00:00,Braves,230
bluesky_post,bluesky,rawmlb.bsky.social,Atlanta’s shortstop situation receives intriguing insight https://www.rawchili.com/mlb/376339/ The Atlanta Braves are currently in the early stages of what could be a highly consequential offseason for…,https://bsky.app/profile/did:plc:lgxwokjfnegutejxknkdpqwj/post/3m2zamx4hmh2y,2025-10-12T17:40:34.083000+00:00,Braves,202
bluesky_post,bluesky,insoumisbreton.bsky.social,"Ils sont tellement comme lui, s'ils boycottaient, qui inviteraient nos braves mé(r)dias?",https://bsky.app/profile/did:plc:tt3dzaxqfsfoqulelsgbxdjq/post/3m2zacesnxk2p,2025-10-12T17:34:39.385000+00:00,Braves,88
bluesky_post,bluesky,rawmlb.bsky.social,"Atlanta Braves News: Ha-Seong Kim option, NLCS set, more https://www.rawchili.com/mlb/376286/ MLB.com’s Mark Bowman reported that Ha-Seong Kim is expected to decline his $16 million player option and become…",https://bsky.app/profile/did:plc:lgxwokjfnegutejxknkdpqwj/post/3m2z6f755rz2p,2025-10-12T17:00:26.185000+00:00,Braves,207
bluesky_post,bluesky,dstrickland621.bsky.social,"Swanson, 4.5 war in 2025, 3.9 in 2024, 5.2 in 2023, 5.5 in 2022, with the Braves. Correa, 1.4 war 2025, 3.7 2024, 1.3 2023, 5.3 in 2022, 7.3 in 2021 before being a FA. Bogaerts, 2.0 war in 2025, 1.2 2024, 4.2 2023, 5.2 in 2022. Turner, 5.5 war in 2025, 3.0 2024, 3.5 2023, 5.2 2022.",https://bsky.app/profile/did:plc:t42ndh7luedxkvftlgujzzw7/post/3m2z4f3yau22v,2025-10-12T16:24:35.687000+00:00,Braves,282
bluesky_post,bluesky,rawmlb.bsky.social,"Brian Snitker, Braves Manager Candidates Spotted at Auburn Game https://www.rawchili.com/mlb/376244/ The Atlanta Braves had a presence on the sidelines for the Deep South’s Oldest Rivalry (Georgia vs Auburn)…",https://bsky.app/profile/did:plc:lgxwokjfnegutejxknkdpqwj/post/3m2z45c2o4a2y,2025-10-12T16:20:13.381000+00:00,Braves,208
bluesky_post,bluesky,rawmlb.bsky.social,Braves’ decision to build Battery continues to pay huge dividends with latest event https://www.rawchili.com/mlb/376191/ The spectacle that Truist Park and the surrounding Battery has become is something the Atlanta Braves are very…,https://bsky.app/profile/did:plc:lgxwokjfnegutejxknkdpqwj/post/3m2yzwikszh2p,2025-10-12T15:40:38.078000+00:00,Braves,232
bluesky_post,bluesky,jordantreske.bsky.social,"The Hawks were a losing team and once the Braves came to Milwaukee, they took any shine away from Kerner's Hawks. The Hawks moved to St. Louis when they were forced out of Milwaukee Arena. Here's Kerner on trying to sell the Hawks over in Milwaukee. vault.si.com/vault/1960/10/…",https://bsky.app/profile/did:plc:zmuav4sywd3yu4vztirftu3b/post/3m2yzb5n4hc2f,2025-10-12T15:28:43.901000+00:00,Braves,278
bluesky_post,bluesky,bibbletron.bsky.social,"I could give a fuck about the Braves, Hawks, and Falcons.",https://bsky.app/profile/did:plc:ua4y42ug6gxbll7sc6wlopjl/post/3m2yxuelqvs2m,2025-10-12T15:03:39.382000+00:00,Braves,57
bluesky_post,bluesky,rawmlb.bsky.social,"This Day in Braves History: Freddie Freeman’s Heroic NLCS Home Run https://www.rawchili.com/mlb/376144/ On this day in Braves history, Freddie Freeman’s pivotal home run in the eighth inning propelled the Braves…",https://bsky.app/profile/did:plc:lgxwokjfnegutejxknkdpqwj/post/3m2yxokoks52c,2025-10-12T15:00:24.180000+00:00,Braves,212
bluesky_post,bluesky,matrueblood.bsky.social,"Most two-out, two-strike home runs in a postseason, pitch-tracking era (s. 2008): 2020 Dodgers - 7 2024 Yankees - 6 2020 Rays, 2009 Phillies, 2017 Astros and Yankees, 2021 Braves, 2025 Brewers* - 4 *have only played 5 games",https://bsky.app/profile/did:plc:waoj7sifbp6n2josefuxhcod/post/3m2yw6xfg5s26,2025-10-12T14:33:42.682000+00:00,Braves,223
bluesky_post,bluesky,jusbellum.bsky.social,"Why only the child, when the whole family, according to the article, are foreign nationals? Something seems amiss.",https://bsky.app/profile/did:plc:cl2lhziyuu3nifpnjzgwtoiy/post/3m2zrhjv23k2q,2025-10-12T22:41:46.580000+00:00,Nationals,114
bluesky_post,bluesky,byteseu.bsky.social,Lee Orders All-Out Response to Protect S. Koreans from Crime in Cambodia https://www.byteseu.com/1444985/ Photo : YONHAP News President Lee Jae Myung has ordered the foreign ministry to make a concerted effort to respond to the recent spate of crime in Cambodia targeting South Korean nationals. …,https://bsky.app/profile/did:plc:5zww7zorx2ajw7hqrhuix3ba/post/3m2zooqb4wh2q,2025-10-12T21:52:06.685000+00:00,Nationals,297
bluesky_post,bluesky,joseph11lim.mastodon.social.ap.brid.gy,"#SouthKorea summons Cambodian envoy over job #scams targeting nationals ""# of reported kidnappings of Sth Koreans in #Cambodia – prev'ly aver'g 10-20 cases/year – surged to 220 in 2024 & 330 as of Aug 2025.. Per #AmnestyInternational, abuses in Cambodia’s #scamcentres r happening on a “mass […]",https://bsky.app/profile/did:plc:lshczxk5ib2sojltdcqsa4nj/post/3m2zoiozrunm2,2025-10-12T21:49:12.987000+00:00,Nationals,295
bluesky_post,bluesky,melderdhu.bsky.social,"The US is very much involved in this particular genocide, this isn’t a peace plan, it’s a realestate deal. Ice has disappeared people for voicing support for Palestinians and being brown. I would read the Nationals take on the Christo-Nationalist(aka Nazi) take over of the republic.",https://bsky.app/profile/did:plc:geyhanlf2zn2nrryw2zi3tgh/post/3m2zneclh3c2g,2025-10-12T21:28:22.977000+00:00,Nationals,283
bluesky_post,bluesky,rawmlb.bsky.social,"Washington Nationals Hiring Rocco Baldelli As Next Manager https://www.rawchili.com/mlb/376601/ Now that the Washington Nationals are on the hunt to hire a new manager, there’s been buzz around…",https://bsky.app/profile/did:plc:lgxwokjfnegutejxknkdpqwj/post/3m2zmxhozcy26,2025-10-12T21:21:12.276000+00:00,Nationals,194
bluesky_post,bluesky,baseballobserver.bsky.social,Washington Nationals And A New Era Under Paul Toboni,https://bsky.app/profile/did:plc:ffosahlappkc7nfhcip7kyrn/post/3m2zmw2j6jr2o,2025-10-12T21:20:24.182000+00:00,Nationals,52
bluesky_post,bluesky,jenphelan.bsky.social,"So rude. You two, as Welsh nationals, would have enjoyed that movie and the snacks too! And you are always VIP’s",https://bsky.app/profile/did:plc:a6ribyie6tq353yrtu4bgodj/post/3m2zlida54c2x,2025-10-12T20:54:49.580000+00:00,Nationals,112
bluesky_post,bluesky,thomashansen.bsky.social,"Mali has announced that US nationals visiting the West African country will be required to post a bond of up to $10,000 (£7,500) for business and tourist visas, in response to a similar requirement the Trump administration has imposed on its citizens:",https://bsky.app/profile/did:plc:zm64jthu5rlho6qjjwem4qq7/post/3m2zjzzet5c2n,2025-10-12T20:28:57.780000+00:00,Nationals,251
bluesky_post,bluesky,twsnsports.bsky.social,"Washington Nationals Hiring Rocco Baldelli as Next Manager Now that the Washington Nationals are on the hunt to hire a new manager, there’s been buzz around a few possible candidates. The one that makes the most sense, though, is Rocco Baldelli. Although there’s been some talk about the Nationals…",https://bsky.app/profile/did:plc:6ouqw3agrcudn733au3xg5iv/post/3m2zjqxgha32p,2025-10-12T20:23:52.084000+00:00,Nationals,298
bluesky_post,bluesky,grayathena.bsky.social,"Yeah I was saying the same thing to my friends, I was like ""well we're gonna lose in the most Nationals way possible, being shutout at home by the White Sox, but at least we could see the only no-hitter of the season."" And then we got the only hit of the game lmao.",https://bsky.app/profile/did:plc:utbrwyc6xfrbmkr4s67juybz/post/3m2zjkwp7es2r,2025-10-12T20:19:28.878000+00:00,Nationals,265
bluesky_post,bluesky,rawmlb.bsky.social,"Nationals announce their deal with Kyle Finnegan and designate Stone Garrett for assignment https://www.rawchili.com/mlb/376541/ WEST PALM BEACH, Fla. — Closer Kyle Finnegan finalized his one-year, $6 million deal with the Washington Nationals,…",https://bsky.app/profile/did:plc:lgxwokjfnegutejxknkdpqwj/post/3m2zjkvencq2l,2025-10-12T20:20:28.578000+00:00,Nationals,245
bluesky_post,bluesky,rawmlb.bsky.social,"Best laid plans can go awry; Don’t reinvent the wheel, just build a better one! https://www.rawchili.com/mlb/376488/ Photo by Steve Mears for TalkNats The only way is up. The Washington Nationals pitching staff was so…",https://bsky.app/profile/did:plc:lgxwokjfnegutejxknkdpqwj/post/3m2zhd3esgy23,2025-10-12T19:40:18.976000+00:00,Nationals,218
bluesky_post,bluesky,usnation2025.bsky.social,"Low turnout in Kosovo municipal elections In today’s Kosovo municipal elections and parliamentary ones held in February, turnout of eligible voters was lower than 50%, in a clear distrust by majority of country’s nationals toward the current political parties. Today’s turnout was at 39,47%, which…",https://bsky.app/profile/did:plc:5yrdvtdxyxh64mvbls55zrra/post/3m2zguaemfh26,2025-10-12T19:32:00.479000+00:00,Nationals,298
bluesky_post,bluesky,newsbeep.bsky.social,South Korean Student Tortured to Death in Cambodia – 조선일보 https://www.newsbeep.com/181022/ South Korean Student Tortured to Death in Cambodia 조선일보South Korea summons Cambodian envoy over job scams targeting nationals CNASeoul demands…,https://bsky.app/profile/did:plc:gi6gydeibb64wvhwm6tehjht/post/3m2zgrep4uv2w,2025-10-12T19:30:24.879000+00:00,Nationals,234
bluesky_post,bluesky,egrettt.bsky.social,"""Among the activists are the nationals of Tunisia, Spain, Belgium, France, Germany, Italy, Ireland, Finland, the US, and Canada, the Jordanian Foreign Ministry said. The final freed individuals were Huwaida Arraf and Zohar Regev, both dual Israeli citizens"" www.aa.com.tr/en/middle-ea...",https://bsky.app/profile/did:plc:6i3r2asy2y5dvb7pomiqe5in/post/3m2zgkztzgc2x,2025-10-12T19:26:55.383000+00:00,Nationals,287
bluesky_post,bluesky,sayittomyface.bsky.social,Anyone who voted for this should be shamed. This does not impact my family personally but I knew it was coming. I’m disgusted that this is how “christian nationals” show their faith. Attacking those who need help the most is disgusting. SHAME!,https://bsky.app/profile/did:plc:iarukkjm62mlgfl2ojojcel5/post/3m2zgb74fgk22,2025-10-12T19:21:23.777000+00:00,Nationals,243
bluesky_post,bluesky,turkishminute.com,"Flotilla activists say Israeli troops spoke Turkish, urge revoking citizenship of dual nationals in IDF www.turkishminute.com/2025/10/08/f...",https://bsky.app/profile/did:plc:6epg2k22rhswiqaumgrqaqma/post/3m2zf6zepef2x,2025-10-12T19:02:14.798000+00:00,Nationals,141
bluesky_post,bluesky,rawmlb.bsky.social,"Nationals’ Ruiz placed on IL after getting hit on head with foul ball https://www.rawchili.com/mlb/376433/ SAN DIEGO — Washington Nationals catcher Keibert Ruiz was placed on the 10-day injured list on Tuesday, a…",https://bsky.app/profile/did:plc:lgxwokjfnegutejxknkdpqwj/post/3m2zf3tmqom2c,2025-10-12T19:00:28.881000+00:00,Nationals,213
bluesky_post,bluesky,surambaya.bsky.social,"About time Mali has announced that US nationals visiting the West African country will be required to post a bond of up to $10,000 (£7,500) for business and tourist visas, in response to a similar requirement the Trump administration www.bbc.com/news/article...",https://bsky.app/profile/did:plc:xk5g2zggej5uywagdcgosr4g/post/3m2zerr7ejc2i,2025-10-12T18:54:59.783000+00:00,Nationals,261
bluesky_post,bluesky,covid-worrier.bsky.social,And Saudi Arabia nationals carried out 9/11 (on legally acquired visas). USA has no moral authority- it’s just business,https://bsky.app/profile/did:plc:gjepdm3shiihrdurgf7pmekk/post/3m2zemyfxlc2q,2025-10-12T18:52:10.283000+00:00,Nationals,119
bluesky_post,bluesky,pauls998.bsky.social,This morning on the tv they actually said ‘new rules for non-EU nationals….. including British people’! What exactly do they think their stupid Brexit would lead to? It’s the entitlement….,https://bsky.app/profile/did:plc:ahcsbcg4aykrzwc4tchvsd2y/post/3m2zdhwv62225,2025-10-12T18:31:27.179000+00:00,Nationals,188
bluesky_post,bluesky,dtt-net-english.bsky.social,"In today’s Kosovo municipal elections and parliamentary ones held in February, turnout of eligible voters was lower than 50%, in a clear distrust by majority of country’s nationals to the current political parties dtt-net.com/low-turnout-...",https://bsky.app/profile/did:plc:vkmsspdadmen2qkrd33jth7y/post/3m2zd4yovhc2o,2025-10-12T18:25:23.984000+00:00,Nationals,241
bluesky_post,bluesky,rawmlb.bsky.social,Legendary Nationals Pitcher Considered Franchise’s Worst Contract of Future https://www.rawchili.com/mlb/376382/ The Washington Nationals have been a team that has struggled to produce over the course of the past…,https://bsky.app/profile/did:plc:lgxwokjfnegutejxknkdpqwj/post/3m2zcu65hk72f,2025-10-12T18:20:23.479000+00:00,Nationals,213
bluesky_post,bluesky,guwonder.bsky.social,What is new now is that they are requiring it and not just trialing it with a few third country nationals. And third country national entries and exits may be clogging up things more than usual on a day like this than on say a Tuesday afternoon a few weeks back.,https://bsky.app/profile/did:plc:an5j4lkbkxyhfxddidjoy22a/post/3m2zcsnlvg22w,2025-10-12T18:19:32.980000+00:00,Nationals,262
bluesky_post,bluesky,nathanhb.bsky.social,This Seahawks/Jaguars Broadcast sounds like an August 3rd game between the Nationals and Marlins. It rules.,https://bsky.app/profile/did:plc:v2qey3kid75o7yrmmxjcpafy/post/3m2zcqu7pm22g,2025-10-12T18:18:32.282000+00:00,Nationals,107
bluesky_post,bluesky,dancethenightawade.bsky.social,The subreddit was initially the SEO-unfriendly r/letsgofish until they switched to the current name. Combine that with a bad team with no fans and it’s a mess (the users are nice!),https://bsky.app/profile/did:plc:ugesm5mqicuxgwy7yjap2sw4/post/3lzwx2fc4i22o,2025-09-29T02:18:36.052000+00:00,letsgofish,180
bluesky_post,bluesky,ajthefitzy.bsky.social,I'm back on social media to make an important post. FLCLxMARLINS ft. the yankees losing. #MiamiMarlins #Marlins #LetsGoFish #FLCL #MLB,https://bsky.app/profile/did:plc:agkxpv756uemaj5fgdfjvpcg/post/3lvfdavljc22g,2025-08-02T04:28:19.607000+00:00,letsgofish,134
bluesky_post,bluesky,tmv2.bsky.social,WESTERN CONFERENCE CHAMPS #LETSGOFISH #OURFISHOURFIGHT #WALLEYE #REDWINGS,https://bsky.app/profile/did:plc:vllazfeizhdvn3ijoxfp4rkt/post/3lpxljxyqjs2o,2025-05-25T02:13:24.948000+00:00,letsgofish,73
bluesky_post,bluesky,aar1012.bsky.social,What’s better than Walleye Hockey? #LetsGoFish,https://bsky.app/profile/did:plc:abz2zxnjm6sp3hxuslhlvq4s/post/3ln2e7476zc2y,2025-04-18T00:24:25.486000+00:00,letsgofish,46
bluesky_post,bluesky,allenisfeliz.bsky.social,"...and throwing to Emilio Bonifacio, of all players #letsgofish",https://bsky.app/profile/did:plc:rfh6koyrsqa3zhs6mhoxaetr/post/3lgr5yjdyrk2a,2025-01-28T00:08:10.061000+00:00,letsgofish,63
bluesky_post,bluesky,hockeytownwpod.bsky.social,🚨SPECIAL ANNOUNCEMENT🚨 We are thrilled to announce that tomorrows episode will feature former Toledo Walleye goaltender John Lethemon! This is one you won't want to miss! #OurFishOurFight #LetsGoFish #GoGRG #LGRW #THPN,https://bsky.app/profile/did:plc:q6o5uyejzlup4zrojje2b53b/post/3kv2j2t2xor2k,2024-06-16T15:46:46.558000+00:00,letsgofish,218
bluesky_post,bluesky,olmlb.bsky.social,カージナルス アフター ダーク 4/7 https://www.olmlb.com/381536/ ラインスコア|1|2|3|4|5|6|7|8|9|R|H|E|LOB :–|:–|:–|:–|:–|:– |:–|:–|:–|:–|:–|:–|:–|:–| [Marlins](/r/letsgofish)|6|1|0|0|0|0|1|2|0|**10**|**13**|**0**|**7**| [Cardinals](/r/カーディナルス)|0|0|0|0|1|0|0|0|2|**3**|**5**|**2**|**4**| ##決勝: 10-3 マーリンズ **判定** * …,https://bsky.app/profile/did:plc:64sap4x3jfwoy4vxdxpkrx3h/post/3kplbwuazj72f,2024-04-07T23:23:18+00:00,letsgofish,293
bluesky_post,bluesky,olmlb.bsky.social,"第10戦: マイアミ・マーリンズ (0-9) @ セントルイス・カージナルス (5-4) [Sunday, April 7, 2024; 1:15 PM CT] https://www.olmlb.com/381310/ ラインスコア|1|2|3|4|5|6|7|8|9|R|H|E|LOB :–|:–|:–|:–|:–|:– |:–|:–|:–|:–|:–|:–|:–|:–| [Marlins](/r/letsgofish)| ||||||||**0**|**0**|**0**|**0**| [Cardinals](/r/カーディナルス)| …",https://bsky.app/profile/did:plc:64sap4x3jfwoy4vxdxpkrx3h/post/3kpkmjszr7j2f,2024-04-07T17:00:12+00:00,letsgofish,275
bluesky_post,bluesky,olmlb.bsky.social,カージナルス午後 4/6 https://www.olmlb.com/380630/ ラインスコア|1|2|3|4|5|6|7|8|9|R|H|E|LOB :–|:–|:–|:–|:–|:– |:–|:–|:–|:–|:–|:–|:–|:–| [Marlins](/r/letsgofish)|0|0|0|0|0|0|0|1|0|**1**|**8**|**2**|**6**| [Cardinals](/r/カーディナルス)|0|0|0|2|1|0|0|0| |**3**|**8**|**0**|**8**| ##決勝: 3-1 カージナルス **判定** * …,https://bsky.app/profile/did:plc:64sap4x3jfwoy4vxdxpkrx3h/post/3kpim2egkij2f,2024-04-06T21:46:14+00:00,letsgofish,284
bluesky_post,bluesky,olmlb.bsky.social,"第9戦: マイアミ・マーリンズ (0-8) @ セントルイス・カージナルス (4-4) [Saturday, April 6, 2024; 1:15 PM CT] https://www.olmlb.com/380522/ ラインスコア|1|2|3|4|5|6|7|8|9|R|H|E|LOB :–|:–|:–|:–|:–|:– |:–|:–|:–|:–|:–|:–|:–|:–| [Marlins](/r/letsgofish)|0||||||||**0**|**0**|**0**|**0**| [Cardinals](/r/カーディナルス)| …",https://bsky.app/profile/did:plc:64sap4x3jfwoy4vxdxpkrx3h/post/3kpibz5pq2q2n,2024-04-06T18:46:36+00:00,letsgofish,276
bluesky_post,bluesky,olmlb.bsky.social,カージナルス アフター ダーク 4/4 https://www.olmlb.com/379134/ ラインスコア|1|2|3|4|5|6|7|8|9|R|H|E|LOB :–|:–|:–|:–|:–|:– |:–|:–|:–|:–|:–|:–|:–|:–| [Marlins](/r/letsgofish)|0|0|0|1|3|1|0|0|0|**5**|**9**|**2**|**6**| [Cardinals](/r/カーディナルス)|0|1|0|0|2|0|5|0| |**8**|**10**|**0**|**8**| ##決勝: 8-5 カージナルス **判定** * …,https://bsky.app/profile/did:plc:64sap4x3jfwoy4vxdxpkrx3h/post/3kpdvxcm54s23,2024-04-05T01:00:11+00:00,letsgofish,292
bluesky_post,bluesky,olmlb.bsky.social,"第8戦: マイアミ・マーリンズ (0-7) @ セントルイス・カージナルス (3-4) [Thursday, April 4, 2024; 3:15 PM CT] https://www.olmlb.com/378917/ ラインスコア|1|2|3|4|5|6|7|8|9|R|H|E|LOB :–|:–|:–|:–|:–|:– |:–|:–|:–|:–|:–|:–|:–|:–| [Marlins](/r/letsgofish)| ||||||||**0**|**0**|**0**|**0**| [Cardinals](/r/カーディナルス)| …",https://bsky.app/profile/did:plc:64sap4x3jfwoy4vxdxpkrx3h/post/3kpdb2lys4a2a,2024-04-04T18:46:12+00:00,letsgofish,276
bluesky_post,bluesky,dbrim.com,"The dodgers are the villains in this series but I regret to inform you that they are the heroes, aesthetically",https://bsky.app/profile/did:plc:5q5j4ixpmfcges44ksbvn2py/post/3m2zrhrif722h,2025-10-12T22:41:53.578000+00:00,Dodgers,110
bluesky_post,bluesky,juleshghn.bsky.social,The Brewers outscored the Dodgers 31-16 with a record of 6-0. But they do not have the power of Enrique Hernandez: October legend and forever their closer #Dodgers,https://bsky.app/profile/did:plc:bs4y23m66cyzhj2ngdslojy4/post/3m2zrevaib22f,2025-10-12T22:40:16.784000+00:00,Dodgers,163
bluesky_post,bluesky,prideofcucamonga.bsky.social,Dodgers trying to play underdog isn’t gonna fly Blake 😂,https://bsky.app/profile/did:plc:thsdhv5waqrqh7iipbjauocg/post/3m2zr62ity22h,2025-10-12T22:36:27.379000+00:00,Dodgers,55
bluesky_post,bluesky,dodgerblue1958.bsky.social,"🎥: youtu.be/RTqR43xIR7Y Pat Murphy had a lot of praise for Mookie Betts, Freddie Freeman, Shohei Ohtani and Roki Sasaki. He views the Dodgers as ""America's Team.""",https://bsky.app/profile/did:plc:u73vunepapto6glfdluhqmw5/post/3m2zr5al3fk2e,2025-10-12T22:36:00.382000+00:00,Dodgers,162
bluesky_post,bluesky,talkinbaseballbot.bsky.social,"Blake Snell will start NLCS Game 1 for the Dodgers, per @BNightengale",https://bsky.app/profile/did:plc:d7afxuq2iotwqbykuhr4dtdk/post/3m2zradi2ub23,2025-10-12T22:37:44.480000+00:00,Dodgers,69
bluesky_post,bluesky,fabianardaya.bsky.social,The Dodgers’ Game 1 starter.,https://bsky.app/profile/did:plc:g2ndvah3plcvtkonx45wcc6m/post/3m2zqvstgvs2e,2025-10-12T22:31:55.283000+00:00,Dodgers,28
bluesky_post,bluesky,yankeemac1.bsky.social,😂 I actually like the Dodgers with the exception of Dave Roberts- his act just turns me off.,https://bsky.app/profile/did:plc:6kcbszaslphleh56oerfzbb4/post/3m2zqox5ros2d,2025-10-12T22:27:58.582000+00:00,Dodgers,92
bluesky_post,bluesky,talkinbaseballbot.bsky.social,Pat Murphy enjoys meeting every reporter at his press conferences. And because the Dodgers are in town today he had about 25 Japanese reporters stand up and introduce themselves one by one (via @BNightengale),https://bsky.app/profile/did:plc:d7afxuq2iotwqbykuhr4dtdk/post/3m2zqogyq4b23,2025-10-12T22:27:43.983000+00:00,Dodgers,208
bluesky_post,bluesky,painting-corners.bsky.social,"Shohei was 1-18 with a single in the NLDS, Dodgers are lucky other guys hit enough to advance to NLCS...",https://bsky.app/profile/did:plc:z5jnk3bow2qaudvedbgq4ws6/post/3m2zqfgeizt2d,2025-10-12T22:22:41.482000+00:00,Dodgers,104
bluesky_post,bluesky,rawmlb.bsky.social,Are the Dodgers Darth Vader’s team? – Orange County Register https://www.rawchili.com/mlb/376673/ The world according to Jim: • I can already predict one of the main storylines for the National…,https://bsky.app/profile/did:plc:lgxwokjfnegutejxknkdpqwj/post/3m2zqdbcp2l27,2025-10-12T22:21:28.779000+00:00,Dodgers,194
bluesky_post,bluesky,rawmlb.bsky.social,Clayton Kershaw to pitch out of bullpen in NL Division Series against Philadelphia https://www.rawchili.com/mlb/376680/ PHILADELPHIA — Los Angeles Dodgers star Clayton Kershaw will pitch out of the bullpen in the NL Division…,https://bsky.app/profile/did:plc:lgxwokjfnegutejxknkdpqwj/post/3m2zqcttblt2y,2025-10-12T22:21:14.882000+00:00,Dodgers,225
bluesky_post,bluesky,rawmlb.bsky.social,"#MLBVideos: Top Plays from the Division Series! (Dodgers, Mariners walk it off into the next round, MORE!) https://www.rawchili.com/4594865/ Top Plays from the Division Series! (Dodgers, Mariners walk it off into the next round, MORE!) Seventh pitch…",https://bsky.app/profile/did:plc:lgxwokjfnegutejxknkdpqwj/post/3m2zqclqjd32y,2025-10-12T22:21:06.883000+00:00,Dodgers,250
bluesky_post,bluesky,rawmlb.bsky.social,"Dodgers squad the last time they faced brewers in NLCS in 2018. Only kiké, muncy and kershaw are the current dodgers https://www.rawchili.com/4594825/ Dodgers squad the last time they faced brewers in NLCS in 2018. Only kiké, muncy and kershaw are…",https://bsky.app/profile/did:plc:lgxwokjfnegutejxknkdpqwj/post/3m2zqci4lo52p,2025-10-12T22:21:02.578000+00:00,Dodgers,248
bluesky_post,bluesky,lafbnetwork.bsky.social,The #Dodgers are getting healthier at the right time — Dave Roberts says Kiké Hernández is “in a much better spot” ahead of the NLCS vs. the Brewers. Story: www.lafbnetwork.com/mlb/la-dodge...,https://bsky.app/profile/did:plc:pju43yjnfntxoe72jz7odhnp/post/3m2zqas5npk25,2025-10-12T22:20:07.386000+00:00,Dodgers,192
bluesky_post,bluesky,400-otd.bsky.social,"Go Mariners! I’m so sick of the CBC going on and on about the Jays day in and day out. The only good things to come out of Toronto are highways and the Maple Leafs. (When the mariners meet the Dodgers, my tune will change)",https://bsky.app/profile/did:plc:napsdo6f7airakgsdb2iw6b4/post/3m2zqagrfhk2n,2025-10-12T22:19:54.877000+00:00,Dodgers,222
bluesky_post,bluesky,jmhardin.bsky.social,When did he join the Dodgers? I thought he was with the White Sox.,https://bsky.app/profile/did:plc:wugwgnw2oeijyylmkj7t5d2b/post/3m2zpsl7v3c26,2025-10-12T22:12:08.983000+00:00,Dodgers,66
bluesky_post,bluesky,pattiagood.bsky.social,Dodgers forever,https://bsky.app/profile/did:plc:m5kl7mfeemmowm7blah6fitx/post/3m2zpqzhc6s2j,2025-10-12T22:11:16.479000+00:00,Dodgers,15
bluesky_post,bluesky,kenrudin.bsky.social,"The MLB league championship games both feature hard luck teams who are nonetheless easy to root for. The Seattle Mariners (playing the Blue Jays tonight) have never been to the World Series. The Milwaukee Brewers (playing the Dodgers tomorrow) have been to the big dance only once, in 1982, and lost",https://bsky.app/profile/did:plc:fjndzbn56dtqecrmtvam4f3d/post/3m2zpmvpsok2r,2025-10-12T22:08:58.681000+00:00,Dodgers,299
bluesky_post,bluesky,mustardseeds.bsky.social,Check out Yoshinobu Yamamoto 山本 由伸 Bobblehead – 2025 Dodgers Run Exclusive ebay.us/m/iSnhaw #eBay via @eBay,https://bsky.app/profile/did:plc:jihcahyc47f5cspuwoorfoy4/post/3m2zphvcmxk26,2025-10-12T22:06:11.179000+00:00,Dodgers,107
bluesky_post,bluesky,dodgersdigest.bsky.social,2025 NL Championship Series Preview: What you need to know about the Dodgers vs. Brewers matchup - By: Allan Yamashige dodgersdigest.com/2025/10/12/2...,https://bsky.app/profile/did:plc:iwl6ifmtf75pchajgf4a3tb2/post/3m2zpajewfy2o,2025-10-12T22:02:04.182000+00:00,Dodgers,152
bluesky_post,bluesky,docspkfree.bsky.social,Oh please …Dodgers defending WS champs,https://bsky.app/profile/did:plc:yinfz3ndqrgvxc64dqr4zgk3/post/3m2zp6ngw622h,2025-10-12T22:01:00.078000+00:00,Dodgers,38
bluesky_post,bluesky,repeter4lyfe.bsky.social,Dude can pound sand for saying for the health of baseball the dodgers. Like what does that even mean? The Asian market is infatuated with the Miz already. A lot of this country would jump on the Brewers vs Jays.,https://bsky.app/profile/did:plc:nqy3pchm5scncezbid6mbn7i/post/3m2zp36fn3k2h,2025-10-12T21:59:04.079000+00:00,Dodgers,211
bluesky_post,bluesky,mrikigai.bsky.social,"I know they need offense, but I like Jung Ho Lee, Heliot Ramos and Yaz so I’d hate to see them leave. 🤷🏼‍♂️ #SFGiants #MLB",https://bsky.app/profile/did:plc:3qn2gjwhxis363u3mweocqg7/post/3m2zbiy4szcjy,2025-10-12T17:56:14.081000+00:00,SFGiants,122
bluesky_post,bluesky,jewelsnbinoculars.bsky.social,"""[Murakami] admitted that the nonstop Dodger coverage in the country can annoy him — which might be music to some #SFGiants fans’ ears. “Everyday, it’s ‘Ohtani, Ohtani, Ohtani,’” Murakami said. “Sometimes I want to watch another game. Even my wife will say, ‘How come they are always on?’” 😂",https://bsky.app/profile/did:plc:mqj64se2243vn7e5264inok2/post/3m2zaskybc22h,2025-10-12T17:43:47.186000+00:00,SFGiants,291
bluesky_post,bluesky,sfgiants07.bsky.social,Made sure to wear my Tyler Rogers jersey to game #5 of the ALDS. Great extra inning game. #SFGiants #GiantsBaseball #OrangeAndBlack,https://bsky.app/profile/did:plc:qmzpwiea53logzx3uie7o7by/post/3m2yfjpcn5s2j,2025-10-12T09:35:40.579000+00:00,SFGiants,131
bluesky_post,bluesky,ngtcollectibles.bsky.social,"I'm a #SFGiants fan. It's always #BeatLA. I'll never root for the Dodgers. Also, Trump won Wisconsin, but not Milwaukee or Madison proper. I used to live in Wisconsin. It's been a split state for decades.",https://bsky.app/profile/did:plc:b2azzqfe7n5jfntj33mdnwjm/post/3m2xunpj4hk2v,2025-10-12T04:33:34.883000+00:00,SFGiants,204
bluesky_post,bluesky,bittergiantsfan.bsky.social,Willie Adames right now: #SFGiants 🥃⚾️ .,https://bsky.app/profile/did:plc:ybxlo6kh6ysxvclz2vjz43rw/post/3m2xoshuyq226,2025-10-12T02:48:52.885000+00:00,SFGiants,40
bluesky_post,bluesky,sfgiants07.bsky.social,"Saying “ADIOOOS” to another trip around the sun! Happy birthday, Jon 🎂 #SFGiants #GiantsBaseball #OrangeAndBlack",https://bsky.app/profile/did:plc:qmzpwiea53logzx3uie7o7by/post/3m2xatomxxk22,2025-10-11T22:39:03.485000+00:00,SFGiants,112
bluesky_post,bluesky,ngtcollectibles.bsky.social,"As a fan of both the #MNTwins and #SFGiants, this is the best. Having auto cards of a favorite player on both teams. ""Late Night"" LaMonte had some really nice seasons for the Giants between 2021 and 2024.",https://bsky.app/profile/did:plc:b2azzqfe7n5jfntj33mdnwjm/post/3m2x5ubnzok26,2025-10-11T21:45:41.981000+00:00,SFGiants,204
bluesky_post,bluesky,hehitsithigh762.bsky.social,The #SFGiants moving Ramos would hurt. But improving the pitching and defense should be priority number 1a and 1b. I think moving Ramos only makes sense if they’re getting a controllable SP such as Cameron.,https://bsky.app/profile/did:plc:w7ipkfbttx7x4ggcabbzg4ni/post/3m2x3ousngk24,2025-10-11T21:06:50.320000+00:00,SFGiants,206
bluesky_post,bluesky,hehitsithigh762.bsky.social,Does this make a ton of sense for both sides? #SFGiants #KCRoyals,https://bsky.app/profile/did:plc:w7ipkfbttx7x4ggcabbzg4ni/post/3m2x3otsxr224,2025-10-11T21:06:50.284000+00:00,SFGiants,65
bluesky_post,bluesky,giantbot.bsky.social,"🤖 SFGiants Saying “ADIOOOS” to another trip around the sun! Happy birthday, Jon 🎂",https://bsky.app/profile/did:plc:luuzpk7xzpkm6exbnbza46or/post/3m2wmtruzi42l,2025-10-11T16:41:08.985000+00:00,SFGiants,81
bluesky_post,bluesky,sfgiants07.bsky.social,Madison Bumgarner Appreciation Thread: Post Madison Bumgarner facts and photos #SFGiants #GiantsBaseball #SFGiantsNation,https://bsky.app/profile/did:plc:qmzpwiea53logzx3uie7o7by/post/3m2vxksczxk22,2025-10-11T10:20:26.482000+00:00,SFGiants,120
bluesky_post,bluesky,summergamesf.bsky.social,Nobody can Bumgarn like Bumgarner. #SFGiants #Postseason,https://bsky.app/profile/did:plc:yg7kh7tux22gwsthdlx6pac7/post/3m2vf2spzq22c,2025-10-11T04:49:15.182000+00:00,SFGiants,56
bluesky_post,bluesky,adamdoctolero.bsky.social,Every time I see Luis Castillo it makes me a little sad. #SFGiants,https://bsky.app/profile/did:plc:knsgf53prn5zlvaneggr4ue7/post/3m2vedmnjzs2m,2025-10-11T04:36:14.584000+00:00,SFGiants,66
bluesky_post,bluesky,katelenox1.bsky.social,"Maybe just walk in the winning run, SFGiants style.",https://bsky.app/profile/did:plc:7or3scdicizlpag5pxrmjk7i/post/3m2vdt52xts2x,2025-10-11T04:27:14.179000+00:00,SFGiants,51
bluesky_post,bluesky,adamdoctolero.bsky.social,"As a #SFGiants fan, I am having so many uncomfortable flashbacks. #ALDS",https://bsky.app/profile/did:plc:knsgf53prn5zlvaneggr4ue7/post/3m2vbflkjjs2k,2025-10-11T03:43:39.379000+00:00,SFGiants,71
bluesky_post,bluesky,baseballjeff1.bsky.social,"#SFGiants AFL roundup Maui Ahuna: 2-4, 2 RBI",https://bsky.app/profile/did:plc:mk55yyln23eg7hxidv3d63hm/post/3m2v5nchdyk2f,2025-10-11T02:36:24.683000+00:00,SFGiants,44
bluesky_post,bluesky,sfgientsyavanna.bsky.social,I really hope this is true. #sfgiants This will make next years team NOT #TheSameAsItEverWas,https://bsky.app/profile/did:plc:qwr4erts4wgdygz67ep3a5h3/post/3m2ururhoxc2o,2025-10-10T23:05:50.985000+00:00,SFGiants,92
bluesky_post,bluesky,walkupdb.com,New walk up song reported for Matt Chapman: 'Burning Down the House' by Talking Heads More San Francisco Giants walk up songs: https://walkupdb.com/teams/san-francisco-giants #SFGiants,https://bsky.app/profile/did:plc:trr6mdznjta3zdoz3xvlxv5y/post/3m2upcws7id2u,2025-10-10T22:20:05.081000+00:00,SFGiants,184
bluesky_post,bluesky,oh-ralphie.bsky.social,"We added a star bat and he ended up playing first base. If you put him in the outfield, will he hit the ball more? #SFGiants",https://bsky.app/profile/did:plc:mdop3dy6zg5kus4zy4csvt7v/post/3m2uj6v6bxs2i,2025-10-10T20:30:28.376000+00:00,SFGiants,124
bluesky_post,bluesky,russellnish.bsky.social,"""Not so much for LA"" - from this SFGiants fan 😁",https://bsky.app/profile/did:plc:3ypbip6dei2gydo235elvaky/post/3m2twsvw2q225,2025-10-10T15:01:37.682000+00:00,SFGiants,47
bluesky_post,bluesky,ericcrossmlb.bsky.social,"2025 Prospect of the Year: San Francisco Giants Bo Davidson (OF) Age: 23 Level(s): A+, AA Stats (144 GP, 522 PA) .281/.376/.468 16 2B, 18 HR, 19 SB (6 CS) 13% BB, 22.8% K Runners Up: Bryce Eldridge (1B) & Keyner Martinez (RHP) #SFGiants",https://bsky.app/profile/did:plc:66lawhumn3prl6xh7ofewk4u/post/3m2tvkm5znk22,2025-10-10T14:39:04.781000+00:00,SFGiants,236
bluesky_post,bluesky,bsmile.bsky.social,"102 Years Ago Today: New York Giants outfielder Casey Stengel becomes the first player to hit a #WorldSeries home run at Yankee Stadium! His inside-the-park homer helps defeat the New York #Yankees by a score of 5-4! (October 10, 1923) #MLB #History #SFGiants #Postseason",https://bsky.app/profile/did:plc:vok3j6g7yrv63grj4to7byio/post/3m2tpal2n3s22,2025-10-10T12:46:12.884000+00:00,SFGiants,271
bluesky_post,bluesky,baseballjeff1.bsky.social,"#SFGiants AFL roundup Parks Harber: 2-3, HR, 2 RBI, BB, SB, HBP Spencer Miles: 1 IP, 0 ER, 0 BB, 2 SO",https://bsky.app/profile/did:plc:mk55yyln23eg7hxidv3d63hm/post/3m2sot2w4r22e,2025-10-10T03:05:53.682000+00:00,SFGiants,101
bluesky_post,bluesky,unc13teddy.bsky.social,Some teen yelled “Fuck the Padres” at me today,https://bsky.app/profile/did:plc:ufh2got7ev3moxc4dvubyakr/post/3m2zr2cl3f22g,2025-10-12T22:34:24.284000+00:00,Padres,46
bluesky_post,bluesky,rawmlb.bsky.social,Padres Retain Mike Shildt and A.J. Preller Amid Roster Challenges https://www.rawchili.com/mlb/376672/ The San Diego Padres are set to keep manager Mike Shildt and president of baseball operations A.J. Preller…,https://bsky.app/profile/did:plc:lgxwokjfnegutejxknkdpqwj/post/3m2zqdep3dn2p,2025-10-12T22:21:32.584000+00:00,Padres,210
bluesky_post,bluesky,hastaallimismo.bsky.social,"Sigo de puente con la familia política, bien, pero me gusta más ir solo con marido y niñas, a nuestro aire. Lo mejor es q como todos no cabíamos en apartamento, nosotros estamos en hoteles solitos😉 y las niñas con los demás. Todo sea xq marido disfrute de sus padres que ya son mayores y su hermana",https://bsky.app/profile/did:plc:vfezvmfx5xueka3hltct2gz7/post/3m2zp65bvak2p,2025-10-12T22:00:43.581000+00:00,Padres,298
bluesky_post,bluesky,imtheenemywithin.bsky.social,My favorite team is the Padres. My 2nd favorite team is whoever is playing the Dodgers. Go Brewers!,https://bsky.app/profile/did:plc:txugsxuoriw5eq7c4fgejjp5/post/3m2zotuoc7s27,2025-10-12T21:54:58.778000+00:00,Padres,99
bluesky_post,bluesky,twsnsports.bsky.social,"San Diego Padres Signing Zac Gallen in MLB Free Agency After losing to the Chicago Cubs, the San Diego Padres are looking ahead to the 2026 season. One way that the Padres could take the next step in 2026 is by building up their rotation and signing Zac Gallen in free agency. Right now, Gallen is…",https://bsky.app/profile/did:plc:6ouqw3agrcudn733au3xg5iv/post/3m2zoss3nt72g,2025-10-12T21:54:22.377000+00:00,Padres,298
bluesky_post,bluesky,franrrequena.bsky.social,"Llevo 20 min escuchándome el concierto en el Olympia, a ver si el sábado me lo pongo en casa de mis padres que tienen el vinilo",https://bsky.app/profile/did:plc:ncx2igqkinq25vi5rxvcp2ml/post/3m2zopdrfec2p,2025-10-12T21:52:25.378000+00:00,Padres,127
bluesky_post,bluesky,ffr.bsky.social,Yo sufro a una y mis padres al otro 🙄,https://bsky.app/profile/did:plc:um5oko4txo55qhcbwmbpnbq4/post/3m2zol3vvak23,2025-10-12T21:50:05.282000+00:00,Padres,37
bluesky_post,bluesky,rawmlb.bsky.social,Padres owner John Seidler calls 2025 season a ‘disappointment’ in end-of-season statement https://www.rawchili.com/mlb/376628/ Despite topping 90 wins for a second consecutive season and strengthening their roster for a hopeful World Series…,https://bsky.app/profile/did:plc:lgxwokjfnegutejxknkdpqwj/post/3m2znzzy3dd2f,2025-10-12T21:40:31.278000+00:00,Padres,241
bluesky_post,bluesky,sociologiadiver.bsky.social,"Dios debería haber subcontratado la Creación A poco que hayamos ido a alguna catequesis, leído algo del Antiguo Testamento o prestado atención a las enseñanzas de nuestros devotos padres, todos sabemos en qué orden lo hizo... https://tmblr.co/ZBhrKobX-egkSW00",https://bsky.app/profile/did:plc:uuy6rhc7rc5gowpb6ggve3jy/post/3m2znqbbpbx2r,2025-10-12T21:35:05.883000+00:00,Padres,259
bluesky_post,bluesky,slvangra.bsky.social,Ésa fue la infancia de mis padres. 😢,https://bsky.app/profile/did:plc:wppajlbazht5u5cih23yciwn/post/3m2znjfdlac2i,2025-10-12T21:31:12.979000+00:00,Padres,36
bluesky_post,bluesky,bentejui.bsky.social,Qué frustrante es explicarle a los jóvenes que nuestros padres vivían con miedo a ser detenidos/torturados por escuchar o hablar de la miseria de se vida o contra Franco.,https://bsky.app/profile/did:plc:the4vua4q4aha24rtn2dw3fe/post/3m2zmwgd75s24,2025-10-12T21:20:37.387000+00:00,Padres,170
bluesky_post,bluesky,leehacksawhamilton.bsky.social,"Should Padres restructure Yu Darvish, Joe Musgrove contracts so they can sign Pete Alonso?",https://bsky.app/profile/did:plc:ncg67j3v3rft6jfgycy2ahpq/post/3m2zm5rwayc2s,2025-10-12T21:06:53.485000+00:00,Padres,90
bluesky_post,bluesky,clyr0lina.bsky.social,"y yo creo que sería más feliz en terreno pero mis padres viven en un piso, y mientras tanto ahí está la planta creciendo en una maceta porque no tiene más opción 😅😅",https://bsky.app/profile/did:plc:ynxoopjio5zdsxcvcnv6k3hi/post/3m2zlyxrv2c2v,2025-10-12T21:04:09.179000+00:00,Padres,164
bluesky_post,bluesky,clyr0lina.bsky.social,"lo tienes en maceta o plantado en jardín/huerto? te pregunto porque hace unos años (quizá fue pandemia o antes) yo también me aburría y metí un hueso de aguacate en agua y ahora es una planta de aprox 1,5m que vive en una maceta en casa de mis padres y no sabemos qué hacer con ella",https://bsky.app/profile/did:plc:ynxoopjio5zdsxcvcnv6k3hi/post/3m2zlvqsjus2v,2025-10-12T21:02:20.380000+00:00,Padres,282
bluesky_post,bluesky,rawmlb.bsky.social,Padres’ AJ Preller Called Out For Inability to Fill Key Offensive Position https://www.rawchili.com/mlb/376577/ The disappointment of losing in the 2025 Wild Card round is starting to evolve into a determination to…,https://bsky.app/profile/did:plc:lgxwokjfnegutejxknkdpqwj/post/3m2zlsmkenx2y,2025-10-12T21:00:35.079000+00:00,Padres,215
bluesky_post,bluesky,egomez.bsky.social,"Mis padres están en La Rápita. Se puede decir que viven allí. Por su zona dicen no hay tanta agua, pero tened mucho cuidado.",https://bsky.app/profile/did:plc:muequ2fogktyde3rzwn5rkhd/post/3m2zkzej35k2m,2025-10-12T20:46:27.782000+00:00,Padres,124
bluesky_post,bluesky,jaustral.bsky.social,"Sí. Vamos por la mitad. Un panegírico de Berlinguer, pero es un gusto oír diálogos y argumentaciones de los personajes. Es lenta pero necesita ese ritmo. A mí me producen nostalgia las escenas de diálogo político en familia, que se daban en la mía, también en el círculo de amigos de mis padres.",https://bsky.app/profile/did:plc:puylijkspxfg4fhaej2z6hx6/post/3m2zjhxezvs2z,2025-10-12T20:18:50.679000+00:00,Padres,295
bluesky_post,bluesky,motherofseagoats.bsky.social,Deseando el día que Visakan tenga ESA* conversación con Sharvani *aka tengo dos padres y dos madres y tres de ellos son la misma persona,https://bsky.app/profile/did:plc:suwmn2jvrvrr5qjkjx7ktqkw/post/3m2zjfniyik2i,2025-10-12T20:17:43.877000+00:00,Padres,136
bluesky_post,bluesky,darksideofwoman.bsky.ar,Pericia psicológica para futuros padres/madres,https://bsky.app/profile/did:plc:wp6v6i4zxk5fajqi6xupavgd/post/3m2zizlicec2g,2025-10-12T20:10:47.583000+00:00,Padres,46
bluesky_post,bluesky,desalinadiego.bsky.social,"Ahora que Kim Possible ha citado el mercado negro me estaba acordando de que de pequeño creía que el mercado negro era algo que existía físicamente. Vamos, como el mercado en el que trabajaban mis padres pero que el lugar de poner ""Galería comercial"" en la fachada ponía ""Mercado negro""",https://bsky.app/profile/did:plc:j2n2pt32m63r6iv7ivfldwxq/post/3m2ziweokus27,2025-10-12T20:09:05.183000+00:00,Padres,286
bluesky_post,bluesky,yoyarto.bsky.social,"Yo tuve un maestro que a día de hoy es director del colegio que ahora tiene prestigio. Profesor de lengua, literatura y euskera, admirado por alumnos, padres y profesores. Nos enseñó la gran riqueza cultural que hay en la tauromaquia y pude descubrirlo por mí mismo sin caer en dogmas ideológicos.",https://bsky.app/profile/did:plc:fb55e5naaza324pafj2k5jjg/post/3m2ziw6u5zs2h,2025-10-12T20:08:53.979000+00:00,Padres,297
bluesky_post,bluesky,nastenka.bsky.social,"Vaya, tarde. Decidí ir a la otra que, en sentido humano era casa.. porque era ver a mi hermana, cuñado y sobrino con mis padres. Ayer ya estuve en opción 1 (conferencia) y estoy hecha trizas. Espero que no sea por haberme equivocado...",https://bsky.app/profile/did:plc:gi5opoqkizfaezsxcdsltitt/post/3m2zilqusw22p,2025-10-12T20:03:05.608000+00:00,Padres,235
bluesky_post,bluesky,lagovanilla.bsky.social,"Mi marido gallego también lleva una castaña en su bolsillo 🤣🤣 Es supersticioso hasta decir basta. Y sí, también me cuenta que en la posguerra sus padres se quitaron mucha hambre gracias a las castañas.",https://bsky.app/profile/did:plc:bl2zqb7vdnwtnogyxvhw7xi4/post/3m2zi4g6ge22p,2025-10-12T19:54:28.683000+00:00,Padres,201
bluesky_post,bluesky,hector50.bsky.social,"Sin duda , entiendo que se lo dirás a tus antepasados , padres , abuelos , etc porque a día de hoy muchas naciones de Latinoamérica persiguen a los pocos indígenas que quedan",https://bsky.app/profile/did:plc:vntokxc7tquragwxy7bakkcr/post/3m2zhusam7s25,2025-10-12T19:50:14.177000+00:00,Padres,174
bluesky_post,bluesky,kilowatio.bsky.social,Ha sido difícil para la familia no intervenir mientras mis padres me vapuleaban en un manicomio (Están diciendo),https://bsky.app/profile/did:plc:fjentj52ljyhizrukge4f5fm/post/3m2zhdz6qxc2i,2025-10-12T19:40:50.184000+00:00,Padres,112
bluesky_post,bluesky,jawnphilly.bsky.social,"Game Day Thread - Sunday, September 21 ###[Phillies](/r/Phillies) [@](http://mlb.mlb.com/images/2017_ipad/684/phiari_684.jpg) [D-backs](/r/azdiamondbacks) - 04:10 PM EDT ###Game Status: Pre-Game ###Links & Info * Current conditions... https://tinyurl.com/26nzfsn6 #phillies #philly #jawnphilly",https://bsky.app/profile/did:plc:nakdwygxvwqbk3oat5lcd6og/post/3lzicbur3qh2t,2025-09-23T06:29:42.607000+00:00,azdiamondbacks,293
bluesky_post,bluesky,jawnphilly.bsky.social,"Game Thread: Phillies @ D-backs - Sun, Sep 21 @ 04:10 PM EDT #[Phillies](/r/Phillies) [@](http://mlb.mlb.com/images/2017_ipad/684/phiari_684.jpg) [D-backs](/r/azdiamondbacks) - Sun, Sep 21 ###Game Status: Game Over - Score: 9-2 D-b... https://tinyurl.com/2bvh7u9e #phillies #philly #jawnphilly",https://bsky.app/profile/did:plc:nakdwygxvwqbk3oat5lcd6og/post/3lzibrvjgcs2i,2025-09-23T06:20:46.505000+00:00,azdiamondbacks,293
bluesky_post,bluesky,jawnphilly.bsky.social,"The Phillies fell to the D-backs by a score of 4-3 - Sat, Sep 20 @ 08:10 PM EDT #[Phillies](/r/Phillies) [@](http://mlb.mlb.com/images/2017_ipad/684/phiari_684.jpg) [D-backs](/r/azdiamondbacks) - Sat, Sep 20 ###Game Status: Final -... https://tinyurl.com/2dzgy65s #phillies #philly #jawnphilly",https://bsky.app/profile/did:plc:nakdwygxvwqbk3oat5lcd6og/post/3lzib4dvj5i2w,2025-09-23T06:08:43.306000+00:00,azdiamondbacks,293
bluesky_post,bluesky,jawnphilly.bsky.social,"Game Thread: Phillies @ D-backs - Sat, Sep 20 @ 08:10 PM EDT #[Phillies](/r/Phillies) [@](http://mlb.mlb.com/images/2017_ipad/684/phiari_684.jpg) [D-backs](/r/azdiamondbacks) - Sat, Sep 20 ###Game Status: Game Over - Score: 4-3 D-b... https://tinyurl.com/2cyv237v #phillies #philly #jawnphilly",https://bsky.app/profile/did:plc:nakdwygxvwqbk3oat5lcd6og/post/3lziagtveef2q,2025-09-23T05:56:41.506000+00:00,azdiamondbacks,293
bluesky_post,bluesky,jawnphilly.bsky.social,"The Phillies fell to the D-backs by a score of 9-2 - Sun, Sep 21 @ 04:10 PM EDT #[Phillies](/r/Phillies) [@](http://mlb.mlb.com/images/2017_ipad/684/phiari_684.jpg) [D-backs](/r/azdiamondbacks) - Sun, Sep 21 ###Game Status: Final -... https://tinyurl.com/25krtgmx #phillies #philly #jawnphilly",https://bsky.app/profile/did:plc:nakdwygxvwqbk3oat5lcd6og/post/3lzi7retpv32c,2025-09-23T05:44:41.202000+00:00,azdiamondbacks,293
bluesky_post,bluesky,zinnbeck.bsky.social,Calling all #Diamondbacks Fans! The Arizona Diamondbacks have done something special for their fans. They have digitized many of their team media guides going back to 1998. Enjoy the collection. #AZDiamondbacks #DBacks archive.org/search?query...,https://bsky.app/profile/did:plc:cjlk4rcagiv46mnxkylllx7t/post/3lu5uaydx3k2x,2025-07-17T11:45:39.327000+00:00,azdiamondbacks,246
bluesky_post,bluesky,jseelug.bsky.social,Come on @AzDiamondbacks Let's go,https://bsky.app/profile/did:plc:lxkmovmloltqg2jjgz7qgq6c/post/3ls5vsx7ky22n,2025-06-22T01:23:38.142000+00:00,azdiamondbacks,32
bluesky_post,bluesky,jseelug.bsky.social,Attention @azdiamondbacks,https://bsky.app/profile/did:plc:lxkmovmloltqg2jjgz7qgq6c/post/3ls54xcyu3s2d,2025-06-21T17:58:40.540000+00:00,azdiamondbacks,25
bluesky_post,bluesky,jseelug.bsky.social,@azdiamondbacks,https://bsky.app/profile/did:plc:lxkmovmloltqg2jjgz7qgq6c/post/3ls54omc7mc2d,2025-06-21T17:53:48.440000+00:00,azdiamondbacks,15
bluesky_post,bluesky,janenenene.bsky.social,"Ugh I'm a lifelong, die hard, Dodger hater. I really, really hate that I have to love this. #AZDiamondbacks",https://bsky.app/profile/did:plc:zqpepjtgeawlv7awy4d4tiuv/post/3ls3n7iuqv22q,2025-06-21T03:44:15.239000+00:00,azdiamondbacks,107
bluesky_post,bluesky,kwhourlife.bsky.social,The #AZDiamondbacks should get a higher ranking. @azdiamondbacks.bsky.social www.cbssports.com/mlb/news/mlb...,https://bsky.app/profile/did:plc:4oun2orlxyf244l3ediaecmv/post/3lpmnp3bq5c22,2025-05-20T17:52:40.855000+00:00,azdiamondbacks,110
bluesky_post,bluesky,jawnphilly.bsky.social,"The Phillies defeated the D-backs by a score of 7-2 - Sat, May 03 @ 06:05 PM EDT #[D-backs](/r/azdiamondbacks) [@](http://mlb.mlb.com/images/2017_ipad/684/ariphi_684.jpg) [Phillies](/r/Phillies) - Sat, May 03 ###Game Status: Final ... https://tinyurl.com/2555w9v8 #phillies #philly #jawnphilly",https://bsky.app/profile/did:plc:nakdwygxvwqbk3oat5lcd6og/post/3lodiuvz5bq2p,2025-05-04T09:07:17.185000+00:00,azdiamondbacks,293
bluesky_post,bluesky,jawnphilly.bsky.social,"Game Thread: D-backs @ Phillies - Sat, May 03 @ 06:05 PM EDT #[D-backs](/r/azdiamondbacks) [@](http://mlb.mlb.com/images/2017_ipad/684/ariphi_684.jpg) [Phillies](/r/Phillies) - Sat, May 03 ###Game Status: Game Over - Score: 7-2 Phi... https://tinyurl.com/22c82m3e #phillies #philly #jawnphilly",https://bsky.app/profile/did:plc:nakdwygxvwqbk3oat5lcd6og/post/3loco2kk2fa2z,2025-05-04T01:07:15.087000+00:00,azdiamondbacks,293
bluesky_post,bluesky,jawnphilly.bsky.social,"The Phillies defeated the D-backs by a score of 3-2 - Fri, May 02 @ 06:45 PM EDT #[D-backs](/r/azdiamondbacks) [@](http://mlb.mlb.com/images/2017_ipad/684/ariphi_684.jpg) [Phillies](/r/Phillies) - Fri, May 02 ###Game Status: Final ... https://tinyurl.com/26p3mwcr #phillies #philly #jawnphilly",https://bsky.app/profile/did:plc:nakdwygxvwqbk3oat5lcd6og/post/3loayfub7ln2h,2025-05-03T09:07:12.387000+00:00,azdiamondbacks,293
bluesky_post,bluesky,jawnphilly.bsky.social,"Game Thread: D-backs @ Phillies - Fri, May 02 @ 06:45 PM EDT #[D-backs](/r/azdiamondbacks) [@](http://mlb.mlb.com/images/2017_ipad/684/ariphi_684.jpg) [Phillies](/r/Phillies) - Fri, May 02 ###Game Status: Game Over - Score: 3-2 Phi... https://tinyurl.com/275kvl29 #phillies #philly #jawnphilly",https://bsky.app/profile/did:plc:nakdwygxvwqbk3oat5lcd6og/post/3loa6gdnu572s,2025-05-03T01:22:11.383000+00:00,azdiamondbacks,293
bluesky_post,bluesky,erikamakesgames.bsky.social,Last night was CHAOS. I’ve never seen a game called so poorly. I’m not upset that the Orioles lost. I’m more annoyed with how the game was officiated. I’m crossing my fingers and wishing for a new umpire crew. #orioles #baltimore #baseball #baltimoreorioles #mlb #diamondbacks #AZdiamondbacks,https://bsky.app/profile/did:plc:2rfl7kyjppxb4wmnf67wz4gw/post/3lmfewlnqyc27,2025-04-09T16:11:35.888000+00:00,azdiamondbacks,292
bluesky_post,bluesky,fluhmbe.bsky.social,Love opening weekend #photography #AZdiamondbacks #baseball,https://bsky.app/profile/did:plc:rnkgbh6ugys7by73q2d2dk3q/post/3llxefi6ykc2m,2025-04-04T02:24:48.600000+00:00,azdiamondbacks,59
bluesky_post,bluesky,leahcim07.bsky.social,Burnes is a bad man! 🐍 #dbacks #azdiamondbacks #snakes,https://bsky.app/profile/did:plc:f63m2rfm4jmxvnwkxkcihyfy/post/3lls4mu2els2s,2025-04-02T00:22:22.704000+00:00,azdiamondbacks,54
bluesky_post,bluesky,suns-phonatics.bsky.social,Are there any @azdiamondbacks.bsky.social fans on here? #azdiamondbacks #mlb #dbacks,https://bsky.app/profile/did:plc:lv54ks36ugnmadqmw53rhcdo/post/3lh3phuehvs2n,2025-02-01T04:47:36.656000+00:00,azdiamondbacks,84
bluesky_post,bluesky,willkoch.bsky.social,"Give Torey all the hardware. Meantime, Hazen needs to give Torey a closer and one more power bat. This ‘25 team has a chance to be great. #AZDiamondbacks",https://bsky.app/profile/did:plc:7en3oyx6ol3fhwpr37dn5pts/post/3lgtnh4o5v22l,2025-01-28T23:50:05.754000+00:00,azdiamondbacks,153
bluesky_post,bluesky,olmlb.bsky.social,速報！コービン・バーンズ、AZダイヤモンドバックスへ6年/2億1000万ドル https://www.olmlb.com/510385/ コービン・バーンズが2年間のオプトアウト付きでダイヤモンドバックスへ移籍。サンフランシスコ・ジャイアンツのファンはどう思いますか？ 「いいね！」と「購読」！ #sfgiants #mlb #ladodgers #azdiamondbacks X @GiantsSTLive と FB Giants SportsTalk Live でフォローしてください。記事へのリンク: …,https://bsky.app/profile/did:plc:64sap4x3jfwoy4vxdxpkrx3h/post/3leebvlwzps2f,2024-12-28T10:23:07.750000+00:00,azdiamondbacks,256
bluesky_post,bluesky,willkoch.bsky.social,Uhhhhhhh … what?!?!?!?! #AZDiamondbacks #DBacks arizonasports.com/story/356860...,https://bsky.app/profile/did:plc:7en3oyx6ol3fhwpr37dn5pts/post/3ledxh4jqi22w,2024-12-28T07:16:05.249000+00:00,azdiamondbacks,81
bluesky_post,bluesky,olmlb.bsky.social,ジョシュ・ネイラーとカルロス・サンタナが活動中 https://www.olmlb.com/508777/ ジョシュ・ネイラーはクリーブランド・ガーディアンズからアリゾナ・ダイヤモンドバックスにトレードされ、カルロス・サンタナはクリーブランド・ガーディアンズと契約した。サンフランシスコ・ジャイアンツに関しては何も新しいことはない。 「いいね！」と「購読」！ #sfgiants #mlb #azdiamondbacks #clevelandguardians X @GiantsSTLive と FB Giants SportsTalk Live でフォローしてください。当社の Web …,https://bsky.app/profile/did:plc:64sap4x3jfwoy4vxdxpkrx3h/post/3ldwly62eu62q,2024-12-22T23:46:15.250000+00:00,azdiamondbacks,296
bluesky_post,bluesky,sportsandscience.bsky.social,The California Nebula if it was an Arizona Diamondbacks fan #AZDiamondbacks #Diamondbacks #ArizonaDiamondbacks #CaliforniaNebula,https://bsky.app/profile/did:plc:krl47qfd2hj277qqyl5b2ttt/post/3lbnquiupwk24,2024-11-24T00:29:21.756000+00:00,azdiamondbacks,128
bluesky_post,bluesky,willkoch.bsky.social,"#Snakes #AZDiamondbacks #EmbraceTheChaos Congrats, Ketel! What a fabulous season!!!!!",https://bsky.app/profile/did:plc:7en3oyx6ol3fhwpr37dn5pts/post/3laxc62rtsb2j,2024-11-15T02:08:05.159000+00:00,azdiamondbacks,85
bluesky_post,bluesky,colorado-rockies9.bsky.social,STOP ATTENDING GAMES #ColoradoRockies #RockiesBaseball #MLBColorado,https://bsky.app/profile/did:plc:djdo4q7sgxorpihubp7k6hq4/post/3m2yjwmfxgc2g,2025-10-12T10:54:27.682000+00:00,ColoradoRockies,67
bluesky_post,bluesky,colorado-rockies9.bsky.social,Rockies End Of The Season 'Thank You' Video #ColoradoRockies #MLB #RockiesNation,https://bsky.app/profile/did:plc:djdo4q7sgxorpihubp7k6hq4/post/3m2vx6m3ck22q,2025-10-11T10:13:35.379000+00:00,ColoradoRockies,80
bluesky_post,bluesky,colorado-rockies9.bsky.social,"Not just a birthday, but a GOOD day! #ColoradoRockies #RockiesBaseball #MLBColorado",https://bsky.app/profile/did:plc:djdo4q7sgxorpihubp7k6hq4/post/3m2pot7igis23,2025-10-08T22:28:02.957000+00:00,ColoradoRockies,83
bluesky_post,bluesky,colorado-rockies9.bsky.social,I don't feel like it's too soon for this... #ColoradoRockies #RockiesBaseball #MLBColorado,https://bsky.app/profile/did:plc:djdo4q7sgxorpihubp7k6hq4/post/3m2ltgreutc2d,2025-10-07T09:39:57.158000+00:00,ColoradoRockies,90
bluesky_post,bluesky,colorado-rockies9.bsky.social,I don't feel like it's too soon for this... #ColoradoRockies #RockiesBaseball #MLBColorado,https://bsky.app/profile/did:plc:djdo4q7sgxorpihubp7k6hq4/post/3m2jbwxvbgs2i,2025-10-06T09:21:34.058000+00:00,ColoradoRockies,90
bluesky_post,bluesky,colorado-rockies9.bsky.social,The Colorado Rockies announced today that Bill Schmidt has stepped down from his role as general manager. The Rockies will begin an external search for a new head of baseball operations immediately. #ColoradoRockies #RockiesBaseball #MLBColorado,https://bsky.app/profile/did:plc:djdo4q7sgxorpihubp7k6hq4/post/3m2fr2cbdac2u,2025-10-04T23:41:10.457000+00:00,ColoradoRockies,245
bluesky_post,bluesky,coyotebig.bsky.social,bsky.app/profile/kati... How interesting 🛻 🏔 ! #ColoradoRockies #ScenicDrives #MountBlueSky #Nature #Mountains,https://bsky.app/profile/did:plc:25w64r3zefpowtjenusjnfky/post/3m2fcehluck2x,2025-10-04T19:18:21.460000+00:00,ColoradoRockies,110
bluesky_post,bluesky,colorado-rockies9.bsky.social,Rockies 5th Win Upvote Party! #ColoradoRockies #RockiesBaseball #MLBColorado,https://bsky.app/profile/did:plc:djdo4q7sgxorpihubp7k6hq4/post/3m2epdfsmec2h,2025-10-04T13:37:54.661000+00:00,ColoradoRockies,76
bluesky_post,bluesky,colorado--rockies.bsky.social,This year's best of the best! 🌟 Introducing the 2025 All-MiLB Prospect 1st and 2nd Teams! #ColoradoRockies #RockiesBaseball #MLB #CoorsField #BaseballFans #RockyMountainHigh,https://bsky.app/profile/did:plc:3v5moggidy3eoxliu6u26jyw/post/3m2ayqybou22u,2025-10-03T02:15:48.760000+00:00,ColoradoRockies,173
bluesky_post,bluesky,koaa5.bsky.social,"Colorado Rockies General Manager Bill Schmidt announced his resignation. He had been with the Rockies since 1999, serving as senior vice president and GM for the past four seasons. More at: https://tinyurl.com/468s8h4e #billschmidt #coloradorockies",https://bsky.app/profile/did:plc:laqw5wf747o7qkdbwdxqsjgc/post/3m2ah4prtft2r,2025-10-02T21:00:12.451000+00:00,ColoradoRockies,248
bluesky_post,bluesky,colorado--rockies.bsky.social,MNF at a Mile High #ColoradoRockies #RockiesBaseball #MLB #CoorsField #BaseballFans #RockyMountainHigh,https://bsky.app/profile/did:plc:3v5moggidy3eoxliu6u26jyw/post/3m27mulnnok25,2025-10-02T13:10:26.757000+00:00,ColoradoRockies,102
bluesky_post,bluesky,ullumma.bsky.social,#MLB #ColoradoRockies are tied for first place with the 2003 Detroit Tigers with most losses (119) in the modern 162-game season! Congratulations and #FireMonfort,https://bsky.app/profile/did:plc:7hsk4o3docovqxhdhpllqnck/post/3m22xvv2tpk2n,2025-09-30T16:44:38.957000+00:00,ColoradoRockies,162
bluesky_post,bluesky,thebadbadler.bsky.social,"first, i celebrated the rockies not being the worst team in mlb history. then, i celebrated the fact that i can catch fish #art #wip #sketch #illustration #fish #coloradorockies",https://bsky.app/profile/did:plc:67ed2pu5aapuigkz52ujggpm/post/3lztlqubpn222,2025-09-27T18:20:01.055000+00:00,ColoradoRockies,177
bluesky_post,bluesky,paulpendell.bsky.social,"Went to my last game of the season, Marlins vs. Rockies!⚾️ It was also Bark in the Park night!🐶 #coloradorockies @coorsfield.bsky.social #barkinthepark @mlb.com",https://bsky.app/profile/did:plc:i7exu5rswywxvlkffq44emv2/post/3lzf7vei4sk2s,2025-09-22T01:08:58.803000+00:00,ColoradoRockies,160
bluesky_post,bluesky,troyrenck.bsky.social,"Labor talks represent inflection point for #ColoradoRockies owner Dick Monfort. He will be a hawk in the CBA talks. Without a cap or floor following 2026 season, will he sell? Will he step away from baseball decisions? My #denverpost Renck&File column: www.denverpost.com/2025/09/19/d...",https://bsky.app/profile/did:plc:67wqxhsm6tmbsfjucvhakvnt/post/3lz7mps6q2c2d,2025-09-19T19:42:30.106000+00:00,ColoradoRockies,287
bluesky_post,bluesky,edelleye.bsky.social,"These from one of my trips to Telluride Colorado. Love that little town. It has grown so much over the years, but keeps it's energy and people power. ;-) #photography #telluride #coloradorockies #mountains #edelleye",https://bsky.app/profile/did:plc:pyx7p63b67w7el536etrgc4s/post/3lz2666sl2c2i,2025-09-17T15:38:48.404000+00:00,ColoradoRockies,215
bluesky_post,bluesky,olmlb.bsky.social,コロラドロッキーズ対ロサンゼルスドジャース| MLB |遊びで遊ぶ|ライブスコアボード https://www.olmlb.com/610205/ コロラドロッキー @ロサンゼルスドジャース|メジャーリーグ野球|ライブスコアボード|遊びで遊ぶ| Bhordz Sportsみんなを見てくれてありがとう..購読：https：//bit.ly/2sazr8t #majorleaguebaseball #coloradorockies #losangelesdodgers＃coloradorockiesvslosangelesdodgers …,https://bsky.app/profile/did:plc:64sap4x3jfwoy4vxdxpkrx3h/post/3lyjwwvhdln2h,2025-09-11T04:46:51.005000+00:00,ColoradoRockies,271
bluesky_post,bluesky,alrichards4733.bsky.social,"Tampa Bay Rays fan. My first hope was no Yankees or Astros. I am definitely on the Seattle bandwagon, plus I love being able to watch Arozarena, plus with Raleigh having such a great year as a catcher.",https://bsky.app/profile/did:plc:7jlpjzfjgxstot4qz7g3ixxi/post/3m2zr7jbgm22j,2025-10-12T22:37:17.484000+00:00,Astros,201
bluesky_post,bluesky,kertikristof.bsky.social,Astros i18n support from the getgo is cool. Would be great to act actually know more languages to write them..,https://bsky.app/profile/did:plc:ulvhscbyhthxnmlznrzwge6y/post/3m2zoj7kog22c,2025-10-12T21:49:00.584000+00:00,Astros,110
bluesky_post,bluesky,bayouballyhoo.bsky.social,"lol calm down. The Astros barely missed the playoffs, let’s not do a “trend story” mah dudes",https://bsky.app/profile/did:plc:y4r5sb3xnvhrjrvevb7jp54i/post/3m2zodchfs22l,2025-10-12T21:45:43.877000+00:00,Astros,92
bluesky_post,bluesky,beefmaster2.bsky.social,Would you guys spare some gimmicks? astros-awesome-site.straw.page,https://bsky.app/profile/did:plc:6ayyz3epbrzgdzbinzyacqdh/post/3m2zmiotnxc2y,2025-10-12T21:12:57.783000+00:00,Astros,66
bluesky_post,bluesky,rawmlb.bsky.social,"Yordan Alvarez’s Return on Hold as Astros Reveal Encouraging Hand Injury Update https://www.rawchili.com/mlb/376552/ Even as the Houston Astros hold first place in the American League West, the absence of slugger Yordan…",https://bsky.app/profile/did:plc:lgxwokjfnegutejxknkdpqwj/post/3m2zkosy6cy2k,2025-10-12T20:40:34.080000+00:00,Astros,220
bluesky_post,bluesky,rawchili.bsky.social,"Los Angeles Angels Vrs Houston Astros https://www.rawchili.com/4594668/ Los Angeles Angels Vrs Houston Astros Live Sports With Doris-Rose Clean Version of games -No Cursing here, I…",https://bsky.app/profile/did:plc:rpraomxl4qbdazg322vwsno4/post/3m2zjkdgfot22,2025-10-12T20:20:10.877000+00:00,Astros,181
bluesky_post,bluesky,samkeeper.bsky.social,"I included the 2022 Mariners vs Astros playoff game in my big horror list facetiously, but as I wrote a tongue in cheek summary, it felt more like contemporary horror. After the Mariners' 15 inning long victory over the Tigers yesterday, I thought I'd republish this ""review"":",https://bsky.app/profile/did:plc:jsqfpkkzuyysola7pmzfz6ks/post/3m2zj74bvdc2p,2025-10-12T20:14:07.083000+00:00,Astros,276
bluesky_post,bluesky,laotraversionrd.bsky.social,¡Prepárate! Los astros dictarán tu destino hoy... según tu signo. 🌌 ¿Tu destino? Que tu café matutino no se derrame y que el jefe no te vea mirando el móvil. ¡Lo típico! #Horóscopo #LaOtraVersión ✨,https://bsky.app/profile/did:plc:lkh3lraww3m3wzcnose35nwq/post/3m2zitgbod422,2025-10-12T20:07:21.183000+00:00,Astros,197
bluesky_post,bluesky,rawmlb.bsky.social,"Los Angeles Angels Vrs Houston Astros https://www.rawchili.com/4594668/ Los Angeles Angels Vrs Houston Astros Live Sports With Doris-Rose Clean Version of games -No Cursing here, I…",https://bsky.app/profile/did:plc:lgxwokjfnegutejxknkdpqwj/post/3m2zignj2pc2y,2025-10-12T20:00:12.280000+00:00,Astros,181
bluesky_post,bluesky,estebanhawk.bsky.social,Just a reminder that the Astros were are and will always be cheaters,https://bsky.app/profile/did:plc:lqgu723shsxrtej7ler3gudo/post/3m2zgnppxyk2q,2025-10-12T19:28:21.979000+00:00,Astros,68
bluesky_post,bluesky,rawmlb.bsky.social,"Mets predicted sign $153M Astros-Twins starters in bold overhaul, cut ties with Pete Alonso https://www.rawchili.com/mlb/376447/ Mets predicted sign $153M Astros-Twins starters in bold overhaul, cut ties with Pete Alonso originally appeared on The…",https://bsky.app/profile/did:plc:lgxwokjfnegutejxknkdpqwj/post/3m2zg7yd5ry2p,2025-10-12T19:20:41.385000+00:00,Astros,248
bluesky_post,bluesky,apoetaumaporta.bsky.social,Refletindo aqui que acho que só saí por um tempo com três pessoas na vida que eu realmente acho que não valiam um tostão. Curiosamente duas delas foi no ano passado. Outra já vai fazer uns bons 15 anos pra mais. Alinhamento mto doido de astros ano passado espero que nunca mais ocorra.,https://bsky.app/profile/did:plc:7bdryeanuumn3nzcueujog3o/post/3m2zg3flrqs22,2025-10-12T19:18:08.783000+00:00,Astros,285
bluesky_post,bluesky,darkhoward.bsky.social,Espero que a próxima história de capa mostre o que aconteceu com os Grandes Astros do Kaido e demais membros. Pois dois dos Seis Magnânimos não sabemos o paradeiro: Black Maria e Sasaki. E ver se Kaido e Big Mom realmente morreram de fato.,https://bsky.app/profile/did:plc:3qc5oiwqfxwozect2ohsgyz5/post/3m2zfd4ilqs2a,2025-10-12T19:04:34.279000+00:00,Astros,239
bluesky_post,bluesky,rawmlb.bsky.social,"Astros Projected to Attempt to Land Free Agent All-Star Ace After Rough Year https://www.rawchili.com/mlb/376394/ The Houston Astros failed to make the playoffs this season for the first time since 2016, bringing a…",https://bsky.app/profile/did:plc:lgxwokjfnegutejxknkdpqwj/post/3m2zdzn6y5n27,2025-10-12T18:41:20.778000+00:00,Astros,215
bluesky_post,bluesky,uwdawgdude.bsky.social,He was fired from the Astros in 2019. That game was in 2022. Dusty Baker was the Astros manager in 2022.,https://bsky.app/profile/did:plc:3hztzw7t6zlfzp4dteptncsc/post/3m2zcuiinw22s,2025-10-12T18:20:34.683000+00:00,Astros,104
bluesky_post,bluesky,rawmlb.bsky.social,Kyle Tucker Will Sign With The Houston Astros https://www.rawchili.com/mlb/376345/ The Chicago Cubs ended up seeing their season end in heartbreaking fashion to the Milwaukee Brewers in the…,https://bsky.app/profile/did:plc:lgxwokjfnegutejxknkdpqwj/post/3m2zbrpzoxv25,2025-10-12T18:01:08.080000+00:00,Astros,190
bluesky_post,bluesky,pocket-aces98.bsky.social,IBEW runs ads during Astros radio broadcasts all the time.,https://bsky.app/profile/did:plc:zwe6anftiipb7wbnfihsxaft/post/3m2za256os22u,2025-10-12T17:30:02.983000+00:00,Astros,58
bluesky_post,bluesky,rawmlb.bsky.social,Is the Jose Altuve Contract Going To Become Problem for Houston Astros? https://www.rawchili.com/mlb/376292/ The beginning of this extension is what’s going to look bad for the Astros. His extension kicked in…,https://bsky.app/profile/did:plc:lgxwokjfnegutejxknkdpqwj/post/3m2z6evatqt2y,2025-10-12T17:00:15.885000+00:00,Astros,209
bluesky_post,bluesky,agoranation.bsky.social,"In 2019-2020, #TedCruz spent $2.2 million in leadership PAC money, but only 18% of that went to the intended political purposes. The rest? Limos, 5-star resorts, Houston Astros facility rentals, etc. Ted's donors make sure he gets his paycheck, it seems. #firedc @issueonereform.bsky.social",https://bsky.app/profile/did:plc:fe2vlmhypqaelcb4pxqjjvu6/post/3m2z53fs3if2h,2025-10-12T16:37:04.184000+00:00,Astros,290
bluesky_post,bluesky,rawmlb.bsky.social,"Astros Stud Creates Major Concern with Comments on New Injury https://www.rawchili.com/mlb/376248/ The 2025 MLB season is about to reach the All-Star break, and it’s safe to say the Houston…",https://bsky.app/profile/did:plc:lgxwokjfnegutejxknkdpqwj/post/3m2z452xmq22l,2025-10-12T16:20:05.982000+00:00,Astros,190
bluesky_post,bluesky,tranniehathaway.bsky.social,"Wait, George Springer formerly of the Astros is on the Blue Jays? Go Seattle- Do it for Jay Buhner",https://bsky.app/profile/did:plc:7mjbn64fshkrr6fr5uzeqzrs/post/3m2z3taqfrk2z,2025-10-12T16:14:36.384000+00:00,Astros,98
bluesky_post,bluesky,twsnsports.bsky.social,"Kyle Tucker Will Sign With the Houston Astros The Chicago Cubs ended up seeing their season end in heartbreaking fashion to the Milwaukee Brewers in the National League Divisional Series. After showing improvements throughout the regular season, they will have to now navigate through the offseason…",https://bsky.app/profile/did:plc:6ouqw3agrcudn733au3xg5iv/post/3m2z3pi7o6v2r,2025-10-12T16:12:30.585000+00:00,Astros,299
bluesky_post,bluesky,ewokinsd.bsky.social,"Yawn, the Pirates and Astros swept the Dodgers. They lose to bad teams in the regular season.",https://bsky.app/profile/did:plc:bjaqk75qq6sf426zh46wvtfs/post/3m2z3mdam7c2l,2025-10-12T16:10:44.385000+00:00,Astros,93
bluesky_post,bluesky,chron.com,A favorite haunt for Houston Astros fan is going away.,https://bsky.app/profile/did:plc:h5dm22h7fqg7mahcttj4jz5y/post/3m2z32fbpbd2h,2025-10-12T16:00:42.189000+00:00,Astros,54
bluesky_post,bluesky,texax-rangers-fans.bsky.social,Skip Schumaker will wear #55 for the Texas Rangers #TexasRangers #RangersBaseball #MLB #TexasSports #BaseballFans #RangerNation,https://bsky.app/profile/did:plc:du3bs6ieko5luzui7gyawdxk/post/3m2xqwjb7fk22,2025-10-12T03:26:58.684000+00:00,TexasRangers,127
bluesky_post,bluesky,jessicacorethers.bsky.social,“Baseball blazing through your veins? This Bury Me At MSG shirt is made for the true Rangers fan. 🧢 Get it now: sunfrogtshirt.com/product/texa... #TexasRangers #MLBFan #sunfrogtshirt”,https://bsky.app/profile/did:plc:iuo454blaymors6u7pkldckt/post/3m2tayvbkys2r,2025-10-10T08:31:19.178000+00:00,TexasRangers,183
bluesky_post,bluesky,texax-rangers-fans.bsky.social,Got our Skip. Skip Schumaker has been named the 21st full-time manager in franchise history. #TexasRangers #RangersBaseball #MLB #TexasSports #BaseballFans #RangerNation,https://bsky.app/profile/did:plc:du3bs6ieko5luzui7gyawdxk/post/3m2qcrsuqic2w,2025-10-09T04:25:10.059000+00:00,TexasRangers,169
bluesky_post,bluesky,texax-rangers-fans.bsky.social,Thank you for everything Bochy #TexasRangers #RangersBaseball #MLB #TexasPride #BaseballFans,https://bsky.app/profile/did:plc:du3bs6ieko5luzui7gyawdxk/post/3m2m4x4xwjs2b,2025-10-07T12:30:06.762000+00:00,TexasRangers,92
bluesky_post,bluesky,hellyeahbot.bsky.social,😭🔥💣⚾👊 The shot heard around the world gets our Super Mario Smash Bros treatment ((BlueJays ))TexasRangers MLB,https://bsky.app/profile/did:plc:kaxwhrcwrqdxm2ppaaczwhcn/post/3m2kgr6hvbu2h,2025-10-06T20:20:21.758000+00:00,TexasRangers,109
bluesky_post,bluesky,texax-rangers-fans.bsky.social,Got our Skip. Skip Schumaker has been named the 21st full-time manager in franchise history. #TexasRangers #RangersBaseball #MLB #TexasSports #BaseballLife #RangerNation #GoRangers,https://bsky.app/profile/did:plc:du3bs6ieko5luzui7gyawdxk/post/3m2iqo2w6vk2d,2025-10-06T04:12:19.761000+00:00,TexasRangers,180
bluesky_post,bluesky,texax-rangers-fans.bsky.social,Crazy luck pull. Helman Topps Now 1/1! #TexasRangers #RangersBaseball #MLB #TexasSports #BaseballFans #RangerNation,https://bsky.app/profile/did:plc:du3bs6ieko5luzui7gyawdxk/post/3m2hgaldpx22f,2025-10-05T15:33:41.167000+00:00,TexasRangers,115
bluesky_post,bluesky,hellyeahbot.bsky.social,😭🔥💣⚾👊 The shot heard around the world gets our Super Mario Smash Bros treatment ((BlueJays ))TexasRangers MLB,https://bsky.app/profile/did:plc:kaxwhrcwrqdxm2ppaaczwhcn/post/3m2gjdwug3k2q,2025-10-05T06:56:00.360000+00:00,TexasRangers,109
bluesky_post,bluesky,texax-rangers-fans.bsky.social,Got our Skip. Skip Schumaker has been named the 21st full-time manager in franchise history. #TexasRangers #RangersBaseball #MLB #TexasSports #BaseballFans #RangerNation,https://bsky.app/profile/did:plc:du3bs6ieko5luzui7gyawdxk/post/3m2eoq6zo6k2h,2025-10-04T13:27:05.358000+00:00,TexasRangers,169
bluesky_post,bluesky,newsmason.bsky.social,#trends today for 'texas rangers' 'crypto trading' & 'market cap' Click/Tap below: www.newsmason.com?query=%22tex... www.newsmason.com?query=%22cry... www.newsmason.com?query=%22mar... #texasrangers #cryptotrading #marketcap,https://bsky.app/profile/did:plc:ycthjmpolv2mcoq6wyuqdokw/post/3m2dvbixuus25,2025-10-04T05:51:23.961000+00:00,TexasRangers,224
bluesky_post,bluesky,hellyeahbot.bsky.social,😭🔥💣⚾👊 The shot heard around the world gets our Super Mario Smash Bros treatment ((BlueJays ))TexasRangers MLB,https://bsky.app/profile/did:plc:kaxwhrcwrqdxm2ppaaczwhcn/post/3m2djpbhvcz24,2025-10-04T02:24:20.957000+00:00,TexasRangers,109
bluesky_post,bluesky,hellyeahbot.bsky.social,😭🔥💣⚾👊 The shot heard around the world gets our Super Mario Smash Bros treatment ((BlueJays ))TexasRangers MLB,https://bsky.app/profile/did:plc:kaxwhrcwrqdxm2ppaaczwhcn/post/3m2cizk5kxl2b,2025-10-03T16:39:31.964000+00:00,TexasRangers,109
bluesky_post,bluesky,texax-rangers-fans.bsky.social,Thank you for everything Bochy #TexasRangers #RangersBaseball #MLB #TexasPride #BaseballFans,https://bsky.app/profile/did:plc:du3bs6ieko5luzui7gyawdxk/post/3m2ch65w4r22k,2025-10-03T16:06:26.666000+00:00,TexasRangers,92
bluesky_post,bluesky,nemoshirttee.bsky.social,Yes I’m Old but I Saw Texas Rangers Greatness Players Signatures Shirt – nostalgic and perfect for longtime fans. Celebrate historic MLB moments in style. 👉 nemoshirt.com/product/yes-... #TexasRangers #MLBHistory #FanGear,https://bsky.app/profile/did:plc:56drdz6qxnypsmw5yarjexti/post/3m2bspbfozs25,2025-10-03T10:00:53.660000+00:00,TexasRangers,221
bluesky_post,bluesky,hellyeahbot.bsky.social,😭🔥💣⚾👊 The shot heard around the world gets our Super Mario Smash Bros treatment ((BlueJays ))TexasRangers MLB,https://bsky.app/profile/did:plc:kaxwhrcwrqdxm2ppaaczwhcn/post/3m2azbbp7hw2h,2025-10-03T02:24:52.158000+00:00,TexasRangers,109
bluesky_post,bluesky,texax-rangers-fans.bsky.social,Strong September from Shawn. Shawn Armstrong is your Player of the Month for September! #TexasRangers #RangersBaseball #MLB #TexasPride #BaseballFans #RangerNation,https://bsky.app/profile/did:plc:du3bs6ieko5luzui7gyawdxk/post/3m2axcyy3jk23,2025-10-03T01:50:06.501000+00:00,TexasRangers,163
bluesky_post,bluesky,hellyeahbot.bsky.social,😭🔥💣⚾👊 The shot heard around the world gets our Super Mario Smash Bros treatment ((BlueJays ))TexasRangers MLB,https://bsky.app/profile/did:plc:kaxwhrcwrqdxm2ppaaczwhcn/post/3m27ti3prwc2f,2025-10-02T15:08:38.356000+00:00,TexasRangers,109
bluesky_post,bluesky,texax-rangers-fans.bsky.social,"The man who led us to our first World Series Championship. Thank you, Boch for your leadership in the dugout over the past three seasons! #TexasRangers #RangersBaseball #MLB #TexasSports #BaseballFans #RangerNation",https://bsky.app/profile/did:plc:du3bs6ieko5luzui7gyawdxk/post/3m27lo5quos2v,2025-10-02T12:48:57.153000+00:00,TexasRangers,214
bluesky_post,bluesky,hellyeahbot.bsky.social,😭🔥💣⚾👊 The shot heard around the world gets our Super Mario Smash Bros treatment ((BlueJays ))TexasRangers MLB,https://bsky.app/profile/did:plc:kaxwhrcwrqdxm2ppaaczwhcn/post/3m247u4x5ht2d,2025-10-01T04:39:28.252000+00:00,TexasRangers,109
bluesky_post,bluesky,d210sports.bsky.social,ChatGPT said: ICYMI: Bruce Bochy is stepping down as Rangers manager after leading Texas to its first World Series title. 🏆 End of an era in Arlington. #TexasRangers #MLB #Bochy #RangersNation #ICYMI,https://bsky.app/profile/did:plc:bj4baiuv74axknimb4vgj7vk/post/3m23g3zrdyk2n,2025-09-30T20:58:40.452000+00:00,TexasRangers,199
bluesky_post,bluesky,carlosluanlorifan.bsky.social,It’s good baseball season for Texas Rangers. 81-81 record! Hopefully they’ll get a postseason bound next season. Go Rangers! ❤️💙🤍⚾️🤠🤍☝️ #TexasRangers #AllForTexas #MLB,https://bsky.app/profile/did:plc:xgb7uwuz7t2u36rnmkjumxbl/post/3m237glpx5k2t,2025-09-30T18:59:17.355000+00:00,TexasRangers,167
bluesky_post,bluesky,getnews-me.bsky.social,"Bruce Bochy will not return 2026 as the Texas Rangers and he mutually part ways after a 81‑81 2025 finish, ending his three‑year tenure that delivered the 2023 World Series title. Read more: https://getnews.me/bruce-bochy-parts-ways-with-texas-rangers-after-three-seasons/ #brucebochy #texasrangers",https://bsky.app/profile/did:plc:r3v7vp5jq7ufw6mgcnv5x2do/post/3lzzzabcfxg2x,2025-09-30T07:35:40.350000+00:00,TexasRangers,298
bluesky_post,bluesky,tx3dnews.bsky.social,"Rangers finish 2025 at 81–81. Pitching led MLB in ERA, Jack Leiter revived his career, but the bats never woke up. Full season recap ➡️ #TexasRangers #MLB",https://bsky.app/profile/did:plc:rzs66ynpvn4r4mp3nfvle7rj/post/3lzz77sfkee2l,2025-09-29T23:50:07.956000+00:00,TexasRangers,154
bluesky_post,bluesky,sportsradio1000.bsky.social,"Rumors say that the Texas Rangers plan on cutting payroll for the next season, after missing the playoffs the past two years!!! #TexasRangers #Texas #MLB",https://bsky.app/profile/did:plc:2jkx3efcr4pemscl45nfd7g4/post/3lzyulsyi7c23,2025-09-29T20:40:06.158000+00:00,TexasRangers,153
bluesky_post,bluesky,hellyeahbot.bsky.social,😭🔥💣⚾👊 The shot heard around the world gets our Super Mario Smash Bros treatment ((BlueJays ))TexasRangers MLB,https://bsky.app/profile/did:plc:kaxwhrcwrqdxm2ppaaczwhcn/post/3lzwr2jx5zv2v,2025-09-29T00:31:18.368000+00:00,TexasRangers,109
bluesky_post,bluesky,jhohos.bsky.social,Mariners!!!,https://bsky.app/profile/did:plc:axengj3rl2pxkgmbcfe4wnpe/post/3m2zrklyup22z,2025-10-12T22:43:29.478000+00:00,Mariners,11
bluesky_post,bluesky,windsorns.bsky.social,"Big fan, Mina. Rooted hard for the Mariners to beat Detroit. But I'm a Canadian. Can't root for the Mariners anymore, even though I live in Vancouver.",https://bsky.app/profile/did:plc:suee73lwiehsvsz2457pxuhh/post/3m2zrjyzfak2g,2025-10-12T22:43:08.384000+00:00,Mariners,150
bluesky_post,bluesky,marinergal.bsky.social,Beautiful! Let's go Mariners!,https://bsky.app/profile/did:plc:ljc2jkmomi24ybchfbrw3ry6/post/3m2zrhrt7us24,2025-10-12T22:41:54.580000+00:00,Mariners,29
bluesky_post,bluesky,brittneybush.bsky.social,"I’ve been meaning to do a Mariners fit thread forever, and Josh Naylor finally forced my hand. Strolling into Rogers Center in a bubble gum pink, Chanel-inspired textured blazer? And ROCKING it? Swagger levels off the charts.",https://bsky.app/profile/did:plc:otgjzppmtv3nq36qqzpf4nou/post/3m2zrd3ho5k2e,2025-10-12T22:39:27.978000+00:00,Mariners,225
bluesky_post,bluesky,thenwmagpie.bsky.social,So we're gonna be a bit early because the ILs want us to watch the Mariners game with them . . . 🍴😋,https://bsky.app/profile/did:plc:tqmlgyjsdg4sjm2aqyj4a5ub/post/3m2zrbt7odc2a,2025-10-12T22:38:36.981000+00:00,Mariners,99
bluesky_post,bluesky,danjoncon.bsky.social,"I have opened up twitter this week since the M's aren't here yet... and oh boy! Every single post, every last one, has someone replying being an asshole. Most posts are just straight up rage bait. Every Mariners thing I see some lunatic in the mentions saying the worst thing I've heard all year.",https://bsky.app/profile/did:plc:gql3mjydb23kpewzfnv5zolm/post/3m2zr3vtenc23,2025-10-12T22:35:16.582000+00:00,Mariners,296
bluesky_post,bluesky,llamsoyd.bsky.social,"I sometimes wonder if The Strokes are dad rock. ”Classic rock” might be pushing it, but I think they qualify for dad status. anyway the last time the Mariners played in the ALCS they hadn’t released their debut album yet",https://bsky.app/profile/did:plc:bams4eymjogqariinhmsbneg/post/3m2zr2m2s522o,2025-10-12T22:34:31.679000+00:00,Mariners,220
bluesky_post,bluesky,mrrenn.bsky.social,"Jays - Mariners is one of those series I hope the hope team wins the first six games of. Really don’t care whoever comes out, both easy to root for.",https://bsky.app/profile/did:plc:5m5xqdiqdwk3z2ac73gi66gy/post/3m2zr2klkg22u,2025-10-12T22:34:30.078000+00:00,Mariners,148
bluesky_post,bluesky,nutedawn.bsky.social,Presumably the Mariners will be deploy a member of the Legion of Super-Heroes tonight,https://bsky.app/profile/did:plc:i5j6whdy7nvbsczayf5w4mgs/post/3m2zqwx46hk22,2025-10-12T22:32:31.578000+00:00,Mariners,85
bluesky_post,bluesky,wfmz.com,"Bichette left off Blue Jays' ALCS roster but Scherzer and Bassitt active, Woo returns for Mariners",https://bsky.app/profile/did:plc:rcyoios7tmxtllyjm7jtchbm/post/3m2zqujtrq72b,2025-10-12T22:31:08.186000+00:00,Mariners,98
bluesky_post,bluesky,toolow.bsky.social,Imaging a world where the Pirates good and i watch good games at normal times instead of having them start at 8-10 since im a dbacks and mariners fan,https://bsky.app/profile/did:plc:awrzll662qptd3gjlr6sxo6d/post/3m2zqtpqlos2e,2025-10-12T22:30:40.480000+00:00,Mariners,149
bluesky_post,bluesky,mharvey816.bsky.social,Mariners,https://bsky.app/profile/did:plc:a5a7fvsc5nneewt43awdlxmc/post/3m2zqqtza2c2u,2025-10-12T22:29:06.193000+00:00,Mariners,8
bluesky_post,bluesky,megancorcoran.bsky.social,good way to start being 34!,https://bsky.app/profile/did:plc:kynvxbzrtpacmg5blynaptbz/post/3m2zqnxg2r226,2025-10-12T22:28:05.496000+00:00,Mariners,27
bluesky_post,bluesky,sea-manders.bsky.social,Mariners ⚾💙⚾💛⚾,https://bsky.app/profile/did:plc:lh4zxncknisvw5wkpzje7j63/post/3m2zqm7tjoc2e,2025-10-12T22:26:29.184000+00:00,Mariners,14
bluesky_post,bluesky,katbs.bsky.social,Mariners!!,https://bsky.app/profile/did:plc:3aspinz7naamyeoheox3co77/post/3m2zqm6zcsk2f,2025-10-12T22:26:28.182000+00:00,Mariners,10
bluesky_post,bluesky,toolow.bsky.social,if me drawing fat lugias generates more mariners fans then i know my purpose in life.,https://bsky.app/profile/did:plc:awrzll662qptd3gjlr6sxo6d/post/3m2zqkz74ak2e,2025-10-12T22:25:48.480000+00:00,Mariners,85
bluesky_post,bluesky,marzipandancer.bsky.social,"Amen brother. I’m obviously hoping for a win, but all in all I’m just happy to be able to watch the Mariners play tonight. And since I’ve never seen us go past the ALCS (nor has anyone), it feels like we’ve already won.",https://bsky.app/profile/did:plc:tpfoysihwf2gp5tzazkyeutt/post/3m2zqkpunhk2x,2025-10-12T22:25:38.987000+00:00,Mariners,219
bluesky_post,bluesky,bcjbcj.bsky.social,I can't say I'm super tuned into local baseball opinions in BC but I simply would not be surprised if more people in Vancouver are Mariners fans than Blue Jays fans,https://bsky.app/profile/did:plc:7kwqhayylfsikxwde764lqkl/post/3m2zqknmcz22n,2025-10-12T22:25:37.382000+00:00,Mariners,164
bluesky_post,bluesky,thrashman10.bsky.social,"Shot in the dark, but looking for any Mariners fans on here who are in Port Angeles. Will be there Thursday through Monday and would love to meet up and watch the games.",https://bsky.app/profile/did:plc:4y677t4ehawjmio6t36nms47/post/3m2zqjpevy22k,2025-10-12T22:25:03.885000+00:00,Mariners,169
bluesky_post,bluesky,bluesette13.bsky.social,"Finally getting some much-needed rain today. Perfect for staying indoors with a cup of coffee and a shot of Johnnie Walker Blue. Celebrating the Mariners properly, like we would if my husband were still here. 🥃",https://bsky.app/profile/did:plc:5nsbkdqzl6qgitddjxy2lund/post/3m2zqiezprc2g,2025-10-12T22:24:21.681000+00:00,Mariners,210
bluesky_post,bluesky,wuffaf.at,Sounders scored a goal and did the Mariners infield dance!,https://bsky.app/profile/did:plc:svcoromm67dptdmcd4o5bop3/post/3m2zqhnm2j225,2025-10-12T22:23:54.480000+00:00,Mariners,58
bluesky_post,bluesky,oakland-athletics.bsky.social,An epic magnet schedule combination #OaklandAthletics #AthleticsNation #RootedInOakland,https://bsky.app/profile/did:plc:lyh5iybvengupw4t76zgmdfx/post/3m2vzgtayzk2k,2025-10-11T10:53:57.982000+00:00,OaklandAthletics,87
bluesky_post,bluesky,oakland-athletics.bsky.social,How to make the Ballers even more Baller: Let them sign old MLB stars (ok fine burnouts) like they do in other Indy leagues. Trevor Cahill played pro baseball this year! And other old friends did in their day. Who would you want them to sign #OaklandAthletics #AthleticsNation #RootedInOakland,https://bsky.app/profile/did:plc:lyh5iybvengupw4t76zgmdfx/post/3m2qtpqj4gc2c,2025-10-09T09:28:17.753000+00:00,OaklandAthletics,293
bluesky_post,bluesky,oakland-athletics.bsky.social,Congratulations to Nick Kurtz for being nominated for the @mlb Hank Aaron Award 👏 #OaklandAthletics #AthleticsNation #RootedInOakland,https://bsky.app/profile/did:plc:lyh5iybvengupw4t76zgmdfx/post/3m2kwl3yj5s25,2025-10-07T01:03:21.556000+00:00,OaklandAthletics,133
bluesky_post,bluesky,oakland-athletics.bsky.social,Anybody know if Andy Samberg ever said anything about the A’s leaving Oakland? #OaklandAthletics #AthleticsNation #RootedInOakland,https://bsky.app/profile/did:plc:lyh5iybvengupw4t76zgmdfx/post/3m2ha7367rc2d,2025-10-05T13:45:02.658000+00:00,OaklandAthletics,130
bluesky_post,bluesky,oakland-athletics.bsky.social,"September was jam-packed! As we wrapped up baseball season, our front office represented the Green & Gold across Nevada! We attended the UNLV Career and Internship Fair, Stomper celebrated the Summerlin North Little League and Central Little League’s fall ball opening day, #OaklandAthletics",https://bsky.app/profile/did:plc:lyh5iybvengupw4t76zgmdfx/post/3m2ft4l5ods2o,2025-10-05T00:18:15.058000+00:00,OaklandAthletics,291
bluesky_post,bluesky,oakland-athletics.bsky.social,New image of the Athletics Clubhouse in Sacramento #OaklandAthletics #AthleticsNation #RootedInOakland,https://bsky.app/profile/did:plc:lyh5iybvengupw4t76zgmdfx/post/3m2eook46rk2h,2025-10-04T13:26:14.163000+00:00,OaklandAthletics,102
bluesky_post,bluesky,oakland-athletics.bsky.social,Thank you fans…from the woman in the OAK hat #OaklandAthletics #AthleticsNation #RootedInOakland,https://bsky.app/profile/did:plc:lyh5iybvengupw4t76zgmdfx/post/3m27du5bx5k2t,2025-10-02T10:29:11.252000+00:00,OaklandAthletics,96
bluesky_post,bluesky,oakland-athletics.bsky.social,All-MLB voting is open! #OaklandAthletics #AthleticsNation #RootedInOakland,https://bsky.app/profile/did:plc:lyh5iybvengupw4t76zgmdfx/post/3m24q6n3hsk2k,2025-10-01T09:31:43.354000+00:00,OaklandAthletics,75
bluesky_post,bluesky,oakland-athletics.bsky.social,Fixed the jersey reveal #OaklandAthletics #AthleticsNation,https://bsky.app/profile/did:plc:lyh5iybvengupw4t76zgmdfx/post/3m22bmpeftk2v,2025-09-30T10:05:54.851000+00:00,OaklandAthletics,58
bluesky_post,bluesky,oakland-athletics.bsky.social,162. #OaklandAthletics #AthleticsNation #RootedInOakland,https://bsky.app/profile/did:plc:lyh5iybvengupw4t76zgmdfx/post/3lzwblgo5h22l,2025-09-28T19:54:29.354000+00:00,OaklandAthletics,56
bluesky_post,bluesky,oakland-athletics.bsky.social,Saturday's starters ⤵️ #OaklandAthletics #AthleticsNation #RootedInOakland,https://bsky.app/profile/did:plc:lyh5iybvengupw4t76zgmdfx/post/3lzvastwavk2k,2025-09-28T10:08:05.151000+00:00,OaklandAthletics,74
bluesky_post,bluesky,oakland-athletics.bsky.social,This was a Banger. #OaklandAthletics #AthleticsNation #RootedInOakland,https://bsky.app/profile/did:plc:lyh5iybvengupw4t76zgmdfx/post/3lzsqaan4kk22,2025-09-27T10:06:03.554000+00:00,OaklandAthletics,70
bluesky_post,bluesky,oakland-athletics.bsky.social,Lineup tonight ⚾️ #OaklandAthletics #AthleticsNation #RootedInOakland,https://bsky.app/profile/did:plc:lyh5iybvengupw4t76zgmdfx/post/3lzsq7ieymk22,2025-09-27T10:05:38.251000+00:00,OaklandAthletics,69
bluesky_post,bluesky,olmlb.bsky.social,🔴live🔴detroittigersvsボストンレッドソックス /9月16日 /野球envivo /mlb The Show 25 https://www.olmlb.com/616703/ 🔴live🔴oaklandAthletics vs Boston Red Sox /9月16日 /野球envivo /MLBショー25 #MLBTODAY #BostonRedSoxVSoaklandathTics #AthleticsAtRedsox #Livesports ＃season2025 #homeruns #baseballszn #envivotv …,https://bsky.app/profile/did:plc:64sap4x3jfwoy4vxdxpkrx3h/post/3lzra6qn5qg2s,2025-09-26T19:46:07.857000+00:00,OaklandAthletics,282
bluesky_post,bluesky,oakland-athletics.bsky.social,hoWdy #OaklandAthletics #AthleticsNation #RootedInOakland,https://bsky.app/profile/did:plc:lyh5iybvengupw4t76zgmdfx/post/3lzoefmuj622n,2025-09-25T16:23:39.651000+00:00,OaklandAthletics,57
bluesky_post,bluesky,oakland-athletics.bsky.social,Wednesday in West Sac #OaklandAthletics #AthleticsNation #RootedInOakland,https://bsky.app/profile/did:plc:lyh5iybvengupw4t76zgmdfx/post/3lzoeeqyvw22n,2025-09-25T16:23:11.352000+00:00,OaklandAthletics,73
bluesky_post,bluesky,amay206.bsky.social,"Safeco Field Seattle, Washington Taken: September 24, 2018 • Featured: Khris Davis • #Baseball #OaklandAthletics #OaklandAs #OTD #Photography #PNW #Seattle #Washington",https://bsky.app/profile/did:plc:wo4ao5pcpt6bw7fkcjpoznob/post/3lzlnmna63mjs,2025-09-24T14:30:36.454000+00:00,OaklandAthletics,167
bluesky_post,bluesky,oakland-athletics.bsky.social,It’s not rocket science 🤷 #OaklandAthletics #AthleticsNation #RootedInOakland,https://bsky.app/profile/did:plc:lyh5iybvengupw4t76zgmdfx/post/3lzl4xzbj6s2y,2025-09-24T12:03:22.376000+00:00,OaklandAthletics,77
bluesky_post,bluesky,oakland-athletics.bsky.social,Springs on the mound! #OaklandAthletics #AthleticsNation #RootedInOakland,https://bsky.app/profile/did:plc:lyh5iybvengupw4t76zgmdfx/post/3lzk5mffiws2j,2025-09-24T00:11:31.703000+00:00,OaklandAthletics,73
bluesky_post,bluesky,oakland-athletics.bsky.social,Your Ballers are 2025 PBL Champions! Let's Go Oakland!! 👏👏👏 #OaklandAthletics #AthleticsNation #RootedInOakland,https://bsky.app/profile/did:plc:lyh5iybvengupw4t76zgmdfx/post/3lziqccvskc2j,2025-09-23T10:40:39.003000+00:00,OaklandAthletics,111
bluesky_post,bluesky,oakland-athletics.bsky.social,Road trip finale. #OaklandAthletics #AthleticsNation #RootedInOakland,https://bsky.app/profile/did:plc:lyh5iybvengupw4t76zgmdfx/post/3lzeev5y6qu24,2025-09-21T17:05:42.503000+00:00,OaklandAthletics,69
bluesky_post,bluesky,oakland-athletics.bsky.social,Forgot I had to this picture #OaklandAthletics #AthleticsNation #RootedInOakland,https://bsky.app/profile/did:plc:lyh5iybvengupw4t76zgmdfx/post/3lzdmlphyvs24,2025-09-21T09:50:58.406000+00:00,OaklandAthletics,80
bluesky_post,bluesky,oakland-athletics.bsky.social,series secured. #OaklandAthletics #AthleticsNation,https://bsky.app/profile/did:plc:lyh5iybvengupw4t76zgmdfx/post/3lz5i3pc5ss2o,2025-09-18T23:14:23.903000+00:00,OaklandAthletics,50
bluesky_post,bluesky,oakland-athletics.bsky.social,Baseball for breakfast #OaklandAthletics #AthleticsNation #RootedInOakland,https://bsky.app/profile/did:plc:lyh5iybvengupw4t76zgmdfx/post/3lz5i2gx5cs2o,2025-09-18T23:13:42.103000+00:00,OaklandAthletics,74
bluesky_post,bluesky,lovingsquadstore.bsky.social,"Big Three Tim Hudson Mark Mulder Barry Zito of the Oakland Athletics Baseball team shirt Honor the legendary Oakland A’s trio—Hudson, Mulder, and Zito baseball tee. Perfect for A’s fans! Get It Now: lovingsquad.com/product/big-... #OaklandAthletics #BigThree #TimHudson #MLBLegends #BaseballFans",https://bsky.app/profile/did:plc:nwgon4zal2xvu3bnsyzuvxnz/post/3lz3d6mim5k2m,2025-09-18T02:41:12.409000+00:00,OaklandAthletics,295
bluesky_post,bluesky,losangeles0.bsky.social,500 baseball dancy dance #LosAngelesAngels #AngelsBaseball #MLB,https://bsky.app/profile/did:plc:qdownbhxcnqxezay37cojpbh/post/3m2yepgwwy22r,2025-10-12T09:20:59.182000+00:00,angelsbaseball,63
bluesky_post,bluesky,losangeles0.bsky.social,Pujols interviewed for manager job. Contract being discussed #LosAngelesAngels #AngelsBaseball #MLB,https://bsky.app/profile/did:plc:qdownbhxcnqxezay37cojpbh/post/3m2xa44xbec2l,2025-10-11T22:25:52.984000+00:00,angelsbaseball,99
bluesky_post,bluesky,losangeles0.bsky.social,One of the best power hitters ever — and my brother Vladimir Guerrero 💣😂 #LosAngelesAngels #AngelsBaseball #MLB,https://bsky.app/profile/did:plc:qdownbhxcnqxezay37cojpbh/post/3m2vwqnaxo22l,2025-10-11T10:05:45.182000+00:00,angelsbaseball,111
bluesky_post,bluesky,nightdrive82.bsky.social,@laaabaseball.bsky.social go make c/angelsbaseball,https://bsky.app/profile/did:plc:whvpf3ani6yx3cgbbycvsrle/post/3m2szj7vimk2b,2025-10-10T06:17:14.186000+00:00,angelsbaseball,50
bluesky_post,bluesky,losangeles0.bsky.social,Moore made MLB History last night #LosAngelesAngels #AngelsBaseball #MLB,https://bsky.app/profile/did:plc:qdownbhxcnqxezay37cojpbh/post/3m2quljrtns2x,2025-10-09T09:43:49.655000+00:00,angelsbaseball,72
bluesky_post,bluesky,losangeles0.bsky.social,Lineup from 2019 #LosAngelesAngels #AngelsBaseball #MLB,https://bsky.app/profile/did:plc:qdownbhxcnqxezay37cojpbh/post/3m2pohauvjs2x,2025-10-08T22:21:23.262000+00:00,angelsbaseball,55
bluesky_post,bluesky,losangeles0.bsky.social,Yusei and Jopsticks #LosAngelesAngels #AngelsBaseball #MLB,https://bsky.app/profile/did:plc:qdownbhxcnqxezay37cojpbh/post/3m2oel6syzc2x,2025-10-08T09:51:58.256000+00:00,angelsbaseball,58
bluesky_post,bluesky,rawmlb.bsky.social,"[Weekly Discussion] This Week in Angels Baseball https://www.rawchili.com/4582008/ Top Posts this Week: https://old.reddit.com/r/angelsbaseball/top/?sort=top&t=week Upcoming Games: https://www.mlb.com/angels/schedule/ Don't forget to follow the subreddit rules, the unpaid janitors…",https://bsky.app/profile/did:plc:lgxwokjfnegutejxknkdpqwj/post/3m2lxwib4we2y,2025-10-07T11:00:13.156000+00:00,angelsbaseball,282
bluesky_post,bluesky,losangeles0.bsky.social,Me and my son on our way to watch Sho kick some Mariner a** #LosAngelesAngels #AngelsBaseball #MLB,https://bsky.app/profile/did:plc:qdownbhxcnqxezay37cojpbh/post/3m2ls5gngcs2m,2025-10-07T09:16:50.658000+00:00,angelsbaseball,98
bluesky_post,bluesky,losangeles0.bsky.social,SWEEP 6-0 LA #LosAngelesAngels #AngelsBaseball #MLB,https://bsky.app/profile/did:plc:qdownbhxcnqxezay37cojpbh/post/3m2jb5rwhrk2w,2025-10-06T09:07:28.360000+00:00,angelsbaseball,51
bluesky_post,bluesky,losangeles0.bsky.social,John Lackey returns to Angel Stadium to pitch for the Bananas 🍌 #LosAngelesAngels #AngelsBaseball #MLB,https://bsky.app/profile/did:plc:qdownbhxcnqxezay37cojpbh/post/3m2i5mjyjy22s,2025-10-05T22:31:29.463000+00:00,angelsbaseball,102
bluesky_post,bluesky,losangeles0.bsky.social,THE MAN. THE MYTH. THE LEGEND. THE FUTURE. CHRISTIAN MOORE #LosAngelesAngels #AngelsBaseball #MLB,https://bsky.app/profile/did:plc:qdownbhxcnqxezay37cojpbh/post/3m2gubff3qs2j,2025-10-05T10:11:31.357000+00:00,angelsbaseball,97
bluesky_post,bluesky,losangeles0.bsky.social,"Ghost of Yōtei has a bounty for a ""cowardly thief"" named Ippei. Probably just a coincidence but pretty funny still ( #LosAngelesAngels #AngelsBaseball #MLB",https://bsky.app/profile/did:plc:qdownbhxcnqxezay37cojpbh/post/3m2eaao5rtc2p,2025-10-04T09:07:53.859000+00:00,angelsbaseball,155
bluesky_post,bluesky,losangeles0.bsky.social,We are saved #LosAngelesAngels #AngelsBaseball #MLB,https://bsky.app/profile/did:plc:qdownbhxcnqxezay37cojpbh/post/3m27aoywwkc2r,2025-10-02T09:32:35.555000+00:00,angelsbaseball,51
bluesky_post,bluesky,losangeles0.bsky.social,Albert Pujols is the halos new manager?! #LosAngelesAngels #AngelsBaseball #MLB,https://bsky.app/profile/did:plc:qdownbhxcnqxezay37cojpbh/post/3m24rt5egas2a,2025-10-01T10:01:07.327000+00:00,angelsbaseball,79
bluesky_post,bluesky,losangeles0.bsky.social,The Angels have announced that Manager Ron Washington will not return for the 2026 season. #LosAngelesAngels #AngelsBaseball #MLB,https://bsky.app/profile/did:plc:qdownbhxcnqxezay37cojpbh/post/3m23ourzjwc2j,2025-09-30T23:35:40.555000+00:00,angelsbaseball,129
bluesky_post,bluesky,rawmlb.bsky.social,"[Weekly Discussion] This Week in Angels Baseball https://www.rawchili.com/4565461/ Top Posts this Week: https://old.reddit.com/r/angelsbaseball/top/?sort=top&t=week Upcoming Games: https://www.mlb.com/angels/schedule/ Don't forget to follow the subreddit rules, the unpaid janitors…",https://bsky.app/profile/did:plc:lgxwokjfnegutejxknkdpqwj/post/3m2273eb2zs2y,2025-09-30T09:20:17.554000+00:00,angelsbaseball,282
bluesky_post,bluesky,rawchili.bsky.social,"[Weekly Discussion] This Week in Angels Baseball https://www.rawchili.com/4565461/ Top Posts this Week: https://old.reddit.com/r/angelsbaseball/top/?sort=top&t=week Upcoming Games: https://www.mlb.com/angels/schedule/ Don't forget to follow the subreddit rules, the unpaid janitors…",https://bsky.app/profile/did:plc:rpraomxl4qbdazg322vwsno4/post/3m2272xhgvx2z,2025-09-30T09:20:04.252000+00:00,angelsbaseball,282
bluesky_post,bluesky,losangeles0.bsky.social,Five Angels are nominees for @MLB 's 2025 All-MLB Team ⭐️ #LosAngelesAngels #AngelsBaseball #MLB,https://bsky.app/profile/did:plc:qdownbhxcnqxezay37cojpbh/post/3m226wqqzps2j,2025-09-30T09:17:47.354000+00:00,angelsbaseball,96
bluesky_post,bluesky,losangeles0.bsky.social,"Through every exciting play, memorable milestone, and stadium cheer, your unwavering dedication to your Halos has been felt all season long. ❤️ See you in 2026! #LosAngelesAngels #AngelsBaseball #MLB",https://bsky.app/profile/did:plc:qdownbhxcnqxezay37cojpbh/post/3lzxnkx4w2s2r,2025-09-29T09:01:38.950000+00:00,angelsbaseball,199
bluesky_post,bluesky,losangeles0.bsky.social,my life a video game... GOAT SIMULATOR 🐐 #LosAngelesAngels #AngelsBaseball #MLB,https://bsky.app/profile/did:plc:qdownbhxcnqxezay37cojpbh/post/3lzxnjrrsvk2r,2025-09-29T09:00:59.052000+00:00,angelsbaseball,79
bluesky_post,bluesky,losangeles0.bsky.social,one hundred sixty two 😇 #LosAngelesAngels #AngelsBaseball #MLB,https://bsky.app/profile/did:plc:qdownbhxcnqxezay37cojpbh/post/3lzwanonr3s2x,2025-09-28T19:37:51.051000+00:00,angelsbaseball,62
bluesky_post,bluesky,losangeles0.bsky.social,"FINAL: Astros 6, Angels 1 #LosAngelesAngels #AngelsBaseball #MLB",https://bsky.app/profile/did:plc:qdownbhxcnqxezay37cojpbh/post/3lzv7hxfpuk2w,2025-09-28T09:44:05.350000+00:00,angelsbaseball,64
bluesky_post,bluesky,losangeles0.bsky.social,Happy Fan Appreciation Night 🫶 #LosAngelesAngels #AngelsBaseball #MLB,https://bsky.app/profile/did:plc:qdownbhxcnqxezay37cojpbh/post/3lzv7h5eyfs2w,2025-09-28T09:43:37.453000+00:00,angelsbaseball,69
bluesky_post,bluesky,losangeles0.bsky.social,"FINAL: Royals 8, Angels 4 #LosAngelesAngels #AngelsBaseball #MLB",https://bsky.app/profile/did:plc:qdownbhxcnqxezay37cojpbh/post/3lzl3rnf3rc23,2025-09-24T09:11:16.303000+00:00,angelsbaseball,64
bluesky_post,bluesky,twins0.bsky.social,HIP HIP #MinnesotaTwins #TwinsBaseball #MLB,https://bsky.app/profile/did:plc:2ixvtcm6k6e3y4v6y5vvexgs/post/3m2yg3mohzc2j,2025-10-12T09:45:38.381000+00:00,minnesotatwins,43
bluesky_post,bluesky,minnesota-twins.bsky.social,HBD Mickey!!! 🥳 #MinnesotaTwins #TwinsBaseball #MLB #GoTwins #TwinCities #BaseballFans,https://bsky.app/profile/did:plc:wbczqlafz3nfoap7xomx2q2f/post/3m2xspzjecc2q,2025-10-12T03:59:07.878000+00:00,minnesotatwins,86
bluesky_post,bluesky,twins0.bsky.social,HBD Mickey!!! 🥳 #MinnesotaTwins #TwinsBaseball #MLB,https://bsky.app/profile/did:plc:2ixvtcm6k6e3y4v6y5vvexgs/post/3m2xarz6ses22,2025-10-11T22:38:07.283000+00:00,minnesotatwins,51
bluesky_post,bluesky,andherewego1.bsky.social,"As a #MinnesotaTwins fan, I must decline. We use this time, and the offseason, to try and forget our shit owners and our shit team. Hope is all we have, and youse guys don’t wanna be tainted with this feeling",https://bsky.app/profile/did:plc:hwsig2ezqlmiijaqhplo3iku/post/3m2wyr3xszs2r,2025-10-11T20:14:23.584000+00:00,minnesotatwins,208
bluesky_post,bluesky,twins0.bsky.social,Louis Varland has advanced to the ALCS #MinnesotaTwins #TwinsBaseball #MLB,https://bsky.app/profile/did:plc:2ixvtcm6k6e3y4v6y5vvexgs/post/3m2sflbig4s2o,2025-10-10T00:20:31.096000+00:00,minnesotatwins,74
bluesky_post,bluesky,minnesota-twins.bsky.social,Byron Buxton has been nominated for the Hank Aaron Award - awarded to the best offensive performer in each league! Vote for Buck here: #MinnesotaTwins #TwinsBaseball #MLB #GoTwins #TwinsNation #BaseballLife,https://bsky.app/profile/did:plc:wbczqlafz3nfoap7xomx2q2f/post/3m2qervq2pc27,2025-10-09T05:01:00.961000+00:00,minnesotatwins,206
bluesky_post,bluesky,twins0.bsky.social,Byron Buxton has been nominated for the Hank Aaron Award - awarded to the best offensive performer in each league! #MinnesotaTwins #TwinsBaseball #MLB,https://bsky.app/profile/did:plc:2ixvtcm6k6e3y4v6y5vvexgs/post/3m2ppdz4euk2z,2025-10-08T22:37:26.856000+00:00,minnesotatwins,150
bluesky_post,bluesky,twins0.bsky.social,"It doesn't matter who they fire this offseason, we all know what the team did wrong leading into the 2024 season... #MinnesotaTwins #TwinsBaseball #MLB",https://bsky.app/profile/did:plc:2ixvtcm6k6e3y4v6y5vvexgs/post/3m2ohy2elcs2z,2025-10-08T10:52:50.653000+00:00,minnesotatwins,151
bluesky_post,bluesky,twins0.bsky.social,Fans are organizing a standing ovation for Buck #MinnesotaTwins #TwinsBaseball #MLB,https://bsky.app/profile/did:plc:2ixvtcm6k6e3y4v6y5vvexgs/post/3m2lwelyimc25,2025-10-07T10:32:27.060000+00:00,minnesotatwins,83
bluesky_post,bluesky,twins0.bsky.social,Congratulations to Mike Paredes and Hendry Mendez ( @WindSurgeICT ) on being named our @CHSInc MiLB Players of the Month for September! #MinnesotaTwins #TwinsBaseball #MLB,https://bsky.app/profile/did:plc:2ixvtcm6k6e3y4v6y5vvexgs/post/3m2kvsyc6fs2s,2025-10-07T00:49:53.357000+00:00,minnesotatwins,171
bluesky_post,bluesky,twins0.bsky.social,Meh is all I gotta say. Least I got the saints #MinnesotaTwins #TwinsBaseball #MLB,https://bsky.app/profile/did:plc:2ixvtcm6k6e3y4v6y5vvexgs/post/3m2h6thnqwk2q,2025-10-05T13:20:36.164000+00:00,minnesotatwins,82
bluesky_post,bluesky,twins0.bsky.social,Grandma stays in the cage until we sign a free agent #MinnesotaTwins #TwinsBaseball #MLB,https://bsky.app/profile/did:plc:2ixvtcm6k6e3y4v6y5vvexgs/post/3m2ef4aiyv22o,2025-10-04T10:34:50.959000+00:00,minnesotatwins,88
bluesky_post,bluesky,la--clippers.bsky.social,Really want Beal to work out for us man #MinnesotaTwins #TwinsBaseball #MLB #GoTwins #TwinsNation,https://bsky.app/profile/did:plc:fybua7wyaqbmxmor5phsavw6/post/3m2cjhjtlbc2i,2025-10-03T16:47:26.258000+00:00,minnesotatwins,97
bluesky_post,bluesky,minnesota-twins.bsky.social,This dude is so out of his league #MinnesotaTwins #TwinsBaseball #MLB #GoTwins #TwinsNation,https://bsky.app/profile/did:plc:wbczqlafz3nfoap7xomx2q2f/post/3m2cjehmj5c2i,2025-10-03T16:45:44.758000+00:00,minnesotatwins,91
bluesky_post,bluesky,minnesota-twins.bsky.social,"Byron Buxton set career highs in homers, triples, runs and RBI this season 🦌 #MinnesotaTwins #TwinsBaseball #MLB #GoTwins #TwinCities #BaseballFans",https://bsky.app/profile/did:plc:wbczqlafz3nfoap7xomx2q2f/post/3m27mo6jkvk25,2025-10-02T13:06:50.551000+00:00,minnesotatwins,147
bluesky_post,bluesky,twins0.bsky.social,"Happy birthday to one of the all-time greats - Rod Carew! 🎉 Enjoy your day, #29! #MinnesotaTwins #TwinsBaseball #MLB",https://bsky.app/profile/did:plc:2ixvtcm6k6e3y4v6y5vvexgs/post/3m27bpnm5vk2s,2025-10-02T09:50:50.353000+00:00,minnesotatwins,116
bluesky_post,bluesky,twins0.bsky.social,There’s only one person who can save the Twins… #MinnesotaTwins #TwinsBaseball #MLB,https://bsky.app/profile/did:plc:2ixvtcm6k6e3y4v6y5vvexgs/post/3m2545h23uc2e,2025-10-01T13:05:48.254000+00:00,minnesotatwins,83
bluesky_post,bluesky,twins0.bsky.social,"Byron Buxton set career highs in homers, triples, runs and RBI this season 🦌 #MinnesotaTwins #TwinsBaseball #MLB",https://bsky.app/profile/did:plc:2ixvtcm6k6e3y4v6y5vvexgs/post/3m23r45z3ok2t,2025-10-01T00:15:35.055000+00:00,minnesotatwins,112
bluesky_post,bluesky,twins0.bsky.social,"We SWR you can't end a season much better than this! Well done, Sim! 🙌 #MinnesotaTwins #TwinsBaseball #MLB",https://bsky.app/profile/did:plc:2ixvtcm6k6e3y4v6y5vvexgs/post/3lzxpk6mews2b,2025-09-29T09:37:00.553000+00:00,minnesotatwins,106
bluesky_post,bluesky,northernsnowdog.bsky.social,Out with a 4th place whimper. Way to go #MinnesotaTwins . You’re so pathetic you don’t even have a presence here on bsky.,https://bsky.app/profile/did:plc:kdwrezuenpcedp22wd47wedm/post/3lzwzwr4wsc22,2025-09-29T03:10:16.154000+00:00,minnesotatwins,121
bluesky_post,bluesky,jawnphilly.bsky.social,"Game Thread: Twins @ Phillies - Sun, Sep 28 @ 03:05 PM EDT #[Twins](/r/minnesotatwins) [@](http://mlb.mlb.com/images/2017_ipad/684/minphi_684.jpg) [Phillies](/r/Phillies) - Sun, Sep 28 ###Game Status: Game Over - Score: 2-1 Phillie... https://tinyurl.com/236g7zpc #phillies #philly #jawnphilly",https://bsky.app/profile/did:plc:nakdwygxvwqbk3oat5lcd6og/post/3lzwigq7yft2v,2025-09-28T21:57:03.955000+00:00,minnesotatwins,293
bluesky_post,bluesky,twins0.bsky.social,Last one in 2025 #MinnesotaTwins #TwinsBaseball #MLB,https://bsky.app/profile/did:plc:2ixvtcm6k6e3y4v6y5vvexgs/post/3lzwbaqy6q22k,2025-09-28T19:48:31.352000+00:00,minnesotatwins,52
bluesky_post,bluesky,twins0.bsky.social,Phun night! #MinnesotaTwins #TwinsBaseball #MLB,https://bsky.app/profile/did:plc:2ixvtcm6k6e3y4v6y5vvexgs/post/3lzvbe7ctkk2n,2025-09-28T10:17:46.252000+00:00,minnesotatwins,47
bluesky_post,bluesky,twins0.bsky.social,Jeffers back behind the plate tonight #MinnesotaTwins #TwinsBaseball #MLB,https://bsky.app/profile/did:plc:2ixvtcm6k6e3y4v6y5vvexgs/post/3lzvbdapnl22n,2025-09-28T10:17:16.052000+00:00,minnesotatwins,73
bluesky_post,bluesky,minnesota-62.bsky.social,Mick was Abel to end his season on a high note! #MinnesotaTwins #TwinsBaseball #MLB,https://bsky.app/profile/did:plc:cz7r62b4h4uadg5yoonduavr/post/3lzv7ykycqc2r,2025-09-28T09:53:22.952000+00:00,minnesotatwins,83
bluesky_post,bluesky,kansas-city-royals.bsky.social,"Sending our congratulations to World Series Champion Mike Jirschele, and wishing him the best in retirement! We'll miss you, Jirsch! #KansasCityRoyals #RoyalsBaseball #MLB #KCBaseball #RoyalsNation #BaseballFans",https://bsky.app/profile/did:plc:xqkbqujh33b2xsg3pjxragh2/post/3m2xsjvpsas2q,2025-10-12T03:55:44.383000+00:00,kansascityroyals,211
bluesky_post,bluesky,kansas-city-royals.bsky.social,025 All-MLB voting is open. Vote for your Royals today! #KansasCityRoyals #RoyalsBaseball #MLB #KCBaseball #RoyalsNation,https://bsky.app/profile/did:plc:xqkbqujh33b2xsg3pjxragh2/post/3m2sqc6fgxk2e,2025-10-10T03:32:18.486000+00:00,kansascityroyals,120
bluesky_post,bluesky,kansas-city-royals.bsky.social,Bobby has been named a finalist for the 2025 Hank Aaron award! Vote for our guy today! #KansasCityRoyals #RoyalsBaseball #MLB #KCBaseball #RoyalsNation #BaseballFans,https://bsky.app/profile/did:plc:xqkbqujh33b2xsg3pjxragh2/post/3m2qegs4i7s27,2025-10-09T04:54:48.758000+00:00,kansascityroyals,165
bluesky_post,bluesky,kansas-city-royals.bsky.social,"Thank you for being with us through the ups and downs, every step of the way. We can't wait to be back on the field again. 💙 #KansasCityRoyals #RoyalsBaseball #MLB #KCBaseball #RoyalsNation #BaseballFans",https://bsky.app/profile/did:plc:xqkbqujh33b2xsg3pjxragh2/post/3m27mpg3btc25,2025-10-02T13:07:33.157000+00:00,kansascityroyals,203
bluesky_post,bluesky,logofractor.bsky.social,Monday Logofractor Edition: 2024 Topps Chrome Logofractor Bobby Witt Jr. Red 5/5 PSA 10 from @joecapo7 on IG #logofractor #logofractoredition #toppslogofractor #baseballcards #toppschrome #mlb #topps #bobbywittjr #bobbywittjrcards #kansascityroyals #psagrading,https://bsky.app/profile/did:plc:krfw7cnwwd74be46jamfzovv/post/3lyvtw2cnqk2o,2025-09-15T22:24:39.911000+00:00,kansascityroyals,260
bluesky_post,bluesky,collectingall.bsky.social,Jac Caglianone Kansas City Royals Autographed 2025 Bowman Chrome #CPA-JCA SGC Authenticated 10/10 Card: $349.99 👉 @CollectingAll 👈 #BaseballMemorabilia #MLBCollectibles #SignedBaseball #AutographedCards #KansasCityRoyals,https://bsky.app/profile/did:plc:5tyosqktoztcdzuvgiishtxi/post/3lyvbrukcib2j,2025-09-15T17:00:10.510000+00:00,kansascityroyals,220
bluesky_post,bluesky,collectingall.bsky.social,George Brett Kansas City Royals Hall of Fame Sublimated Display Case with Image: $44.99 $59.99 👉 @CollectingAll 👈 #GeorgeBrett #KansasCityRoyals #MLBMemorabilia #Collectibles #SportsMemorabilia,https://bsky.app/profile/did:plc:5tyosqktoztcdzuvgiishtxi/post/3lyhljugc222h,2025-09-10T06:17:22.900000+00:00,kansascityroyals,193
bluesky_post,bluesky,collectingall.bsky.social,George Brett Kansas City Royals Hall of Fame Sublimated Display Case with Image: $59.99 👉 @CollectingAll 👈 #KansasCityRoyals #GeorgeBrett #MLBMemorabilia #Collectibles #SportsCollectibles,https://bsky.app/profile/did:plc:5tyosqktoztcdzuvgiishtxi/post/3lyfe2zt6z32b,2025-09-09T08:58:29.808000+00:00,kansascityroyals,187
bluesky_post,bluesky,kansas-city-royals.bsky.social,"Kansas City Royals @Royals · 58m Let’s go, @Chiefs ! Good luck this season. 👊 #KansasCityRoyals #RoyalsBaseball #MLB #KCRoyals #BaseballFans #RoyalsNation #KansasCitySports #GoRoyals",https://bsky.app/profile/did:plc:xqkbqujh33b2xsg3pjxragh2/post/3ly3zpkxyrs2e,2025-09-05T15:59:13.805000+00:00,kansascityroyals,182
bluesky_post,bluesky,fetchfeeds.bsky.social,"Jo Adell leads Angels to 4-3 win with HR & all RBIs, defeating Royals 🏆 #KansasCityRoyals #Baseball ⚾️ #LosAngelesAngels https://fefd.link/eR5ZH",https://bsky.app/profile/did:plc:pk5nq3gedpdb6xedfeobsm52/post/3lxymzf66yf24,2025-09-04T07:34:01.102000+00:00,kansascityroyals,144
bluesky_post,bluesky,kansas-city-royals.bsky.social,Bergert takes the bump. #KansasCityRoyals #RoyalsBaseball #MLB #KCRoyals #BaseballLife #RoyalsNation #KansasCitySports #BaseballFans #RoyalsPride #GoRoyals,https://bsky.app/profile/did:plc:xqkbqujh33b2xsg3pjxragh2/post/3lxybdprvnk27,2025-09-04T04:05:06.605000+00:00,kansascityroyals,155
bluesky_post,bluesky,stadiumvagabond.bsky.social,"Kansas City Royals legend ⚾👑 George Brett shining on the red carpet during the 2025 Baseball Hall of Fame Induction Weekend in Cooperstown, New York this summer. #GeorgeBrett #KansasCityRoyals #Royals #MLB #BaseballLegend #BaseballHistory #HallOfFame #Cooperstown #HOF2025",https://bsky.app/profile/did:plc:kbsfnhdbcfnfcetvnmco5omr/post/3lxwkj3caw22v,2025-09-03T11:43:53.805000+00:00,kansascityroyals,272
bluesky_post,bluesky,heelerdoodle.bsky.social,Sweeper! #Pasquatch and #Slugerrr congratulate #Paws with his own Pasquatch necklace! #DetroitTigers 5 #KansasCityRoyals 0 Now back home to hang out with #MrandMrsMet! #KansasCity #Detroit #MLB #MascotWorld,https://bsky.app/profile/did:plc:avtp6ac2yirxpflg6i4walxk/post/3lxq375gt5c2c,2025-08-31T21:53:55.804000+00:00,kansascityroyals,206
bluesky_post,bluesky,heelerdoodle.bsky.social,"#Paws, #Slugerrr and #Pasquatch find themselves at #DixonsFamousChili after this tough game. #DetroitTigers 1 #KansasCityRoyals 3 #MLB #MascotWorld Game 3 tomorrow at 2:10 EDT/1:10 CDT",https://bsky.app/profile/did:plc:avtp6ac2yirxpflg6i4walxk/post/3lxnxy43tfc2z,2025-08-31T01:50:56.704000+00:00,kansascityroyals,184
bluesky_post,bluesky,heelerdoodle.bsky.social,"#Paws, #Slugerr and #Pasquatch are ready for their spotlight tonight at 6:15 CDT/7:15 EDT on Fox Network channels nationwide from #KauffmanStadium ---and it is #Margaritaville Night there! #MLB #DetroitTigers #KansascityRoyals #MascotWorld",https://bsky.app/profile/did:plc:avtp6ac2yirxpflg6i4walxk/post/3lxnlwk2wrc2c,2025-08-30T22:15:19.403000+00:00,kansascityroyals,239
bluesky_post,bluesky,heelerdoodle.bsky.social,"#Paws is happy to be back on his feet again, with his own league and division pals! #Pasquatch and #Slugerrr took him out for some real BBQ! #KansasCityRoyals 3 #DetroitTigers 5 Game 2, tomorrow at 7:15 EDT/8:15 CDT #MLB #MascotWorld",https://bsky.app/profile/did:plc:avtp6ac2yirxpflg6i4walxk/post/3lxlm27hihs2e,2025-08-30T03:12:03.503000+00:00,kansascityroyals,233
bluesky_post,bluesky,autographdanny.bsky.social,Autograph #105 – A J Block – Kansas City Royals – MLB Autograph #105 - Added to our personal collection - 2021 Panini Contenders Auto AJ Block #CA-AB Kansas City Royals. We purchased it off of eBay. #ajblock #KansasCityRoyals #baseball #MLB #autographs #panini #ebayfinds #washingtonstatecougars…,https://bsky.app/profile/did:plc:qfsekybjqzemeumtd3yurwve/post/3lxkux6macm2r,2025-08-29T20:18:41.508000+00:00,kansascityroyals,296
bluesky_post,bluesky,boninsportscards.bsky.social,Added to our personal collection - 2021 Panini Contenders Auto AJ Block #CA-AB Kansas City Royals #ajblock #KansasCityRoyals #baseball #MLB #autographs #panini #ebayfinds #BoninSportsCards #AutographCollectingwDannyB,https://bsky.app/profile/did:plc:objtlatqb7qjd3ihmqfmhsxf/post/3lxkudx4sqc2d,2025-08-29T20:07:58.809000+00:00,kansascityroyals,216
bluesky_post,bluesky,heelerdoodle.bsky.social,"#Paws, #Slugerrr, #Pasquatch, #KCWolf, and #MacandCheeze enjoy some Horsefeather cocktails (a local invention) at the hotel pool on this day off! #MLB #DetroitTigers #KansasCityRoyals #KansasCityChiefs #KansasCityMavericks #MascotWorld",https://bsky.app/profile/did:plc:avtp6ac2yirxpflg6i4walxk/post/3lxizwwtfes2f,2025-08-29T02:42:46.408000+00:00,kansascityroyals,235
bluesky_post,bluesky,heelerdoodle.bsky.social,Kansas City- again?! #Paws crashed out soon as he got to the hotel today. Game 1 with #Pasquatch doin' his thing on the utility access roof---starts tomorrow at 8:10 EDT/7:10 CDT. #FridayNightBaseball #MLB #MascotWorld #DetroitTigers #Detroit #Tigers #KansasCityRoyals #KansasCity #Royals,https://bsky.app/profile/did:plc:avtp6ac2yirxpflg6i4walxk/post/3lxhuurmpqc2a,2025-08-28T15:39:23.908000+00:00,kansascityroyals,288
bluesky_post,bluesky,guardians-fans.bsky.social,The Party Animals are coming to Cleveland! Banana Ball returns next September! #ClevelandGuardians #GuardiansBaseball #MLB #ClevelandSports #BaseballFans #GoGuardians,https://bsky.app/profile/did:plc:zhi7ayo32xk6xk34xfq3xsnu/post/3m2xsb2jttc25,2025-10-12T03:50:46.482000+00:00,clevelandguardians,166
bluesky_post,bluesky,fetchfeeds.bsky.social,"Dillon Dingler, young fan turned pro, hits game-tying HR for Cleveland Guardians. 🏈🇦🇺 ⚾️ Young catcher Dillon Dingler scores tiebreaking home run for the C #ClevelandGuardians https://fefd.link/LD4Ep",https://bsky.app/profile/did:plc:pk5nq3gedpdb6xedfeobsm52/post/3m2xdznnmj32r,2025-10-11T23:36:01.479000+00:00,clevelandguardians,199
bluesky_post,bluesky,dontquotemeonthat.bsky.social,#PaulDolan #JoseRamirez #ClevelandGuardians Wait! The team that tried to steal a roller derby team’s nickname & covered up the Callaway sex scandal didn’t invest the money they saved on Ramirez’s hometown discount on better players as they promised him?!?,https://bsky.app/profile/did:plc:gdyc6hvipjvzumrohdn6tjmu/post/3m2sg6goggc2e,2025-10-10T00:31:11.398000+00:00,clevelandguardians,255
bluesky_post,bluesky,guardians-fans.bsky.social,Vote for the best of the best in this year's All-MLB ballot. ⭐️ #ClevelandGuardians #GuardiansBaseball #MLB #ClevelandSports #BaseballFans #GoGuardians,https://bsky.app/profile/did:plc:zhi7ayo32xk6xk34xfq3xsnu/post/3m2qdhytrbk24,2025-10-09T04:37:35.958000+00:00,clevelandguardians,151
bluesky_post,bluesky,guardians-fans.bsky.social,Final. #ClevelandGuardians #GuardiansBaseball #MLB #ClevelandSports #BaseballFans #GoGuardians #ClevelandPride,https://bsky.app/profile/did:plc:zhi7ayo32xk6xk34xfq3xsnu/post/3m2ireuaruc26,2025-10-06T04:25:04.160000+00:00,clevelandguardians,110
bluesky_post,bluesky,guardians-fans.bsky.social,A batch of standing room only tickets have been released for today's game! Get 'em now! #ClevelandGuardians #GuardiansBaseball #MLB #ClevelandSports #BaseballFans #GoGuardians,https://bsky.app/profile/did:plc:zhi7ayo32xk6xk34xfq3xsnu/post/3m2ewe53bos25,2025-10-04T15:43:30.265000+00:00,clevelandguardians,175
bluesky_post,bluesky,russburlingame.c.im.ap.brid.gy,"Every time the #ClevelandGuardians play the Tigers, all I can think of is that ""Dillon Dingler"" absolutely sounds like a porn name.",https://bsky.app/profile/did:plc:rywsj3q5kx2ta6fymhalbxdp/post/3m2evy53ggwm2,2025-10-04T15:36:56.059000+00:00,clevelandguardians,131
bluesky_post,bluesky,quillworkforbeads.bsky.social,"IDK how I managed to replicate the stitches, but I did it!🤣❤️ His and hers Cleveland set is complete!🔥 ##clevelandguardians ##clevelandindians #beadwork #beadsky #indigisky #indigenous",https://bsky.app/profile/did:plc:dovk67pky772zsilesaaasfy/post/3m2cle4wqxk2d,2025-10-03T17:21:16.465000+00:00,clevelandguardians,184
bluesky_post,bluesky,guardians-fans.bsky.social,Final. #ClevelandGuardians #GuardiansBaseball #MLB #ClevelandSports #BaseballFans #GoGuardians,https://bsky.app/profile/did:plc:zhi7ayo32xk6xk34xfq3xsnu/post/3m2ayhmkms224,2025-10-03T02:10:34.461000+00:00,clevelandguardians,94
bluesky_post,bluesky,olmlb.bsky.social,インスタント過剰反応：デトロイトタイガースはクリーブランドガーディアンズ10/02/25を破った https://www.olmlb.com/619235/ ドリューレーンがデトロイトタイガース対クリーブランドガーディアンズを破壊するのをライブで見る。 #DrewLane #Detroittigers #ClevelandGuardians,https://bsky.app/profile/did:plc:64sap4x3jfwoy4vxdxpkrx3h/post/3m2an255iu42w,2025-10-02T22:46:07.854000+00:00,clevelandguardians,171
bluesky_post,bluesky,baseballbanter.bsky.social,"10/2/25 AL Wildcard Game 3 Detroit Tigers vs Cleveland Guardians Winner: Tigers 6-3 Check out our Linktree for all of our sponsor links, audio platform, & much more: linktr.ee/Baseballbant... #RepDetroit #GuardsBall #DetroitTigers #ClevelandGuardians #BaseballBanterBroadcast #3Outs #GameRecaps #MLB",https://bsky.app/profile/did:plc:64ynkddxb7vxj2472s7ajing/post/3m2ambqi6tk2p,2025-10-02T22:32:30.555000+00:00,clevelandguardians,299
bluesky_post,bluesky,lonniebell.bsky.social,Good things come to an end sometimes. Congratulations to the Cleveland Guardians on a wild season!!! It's looking bright next year!!! #Guardsball #MLB #ClevelandGuardians #BellStrongSports⚾️ #TheLand,https://bsky.app/profile/did:plc:klfzhrueqkfvt2katr2ukquc/post/3m2alc5xpb22l,2025-10-02T22:14:49.354000+00:00,clevelandguardians,199
bluesky_post,bluesky,heelerdoodle.bsky.social,"And just like that, the #DetroitTigers are moving on to play #SeattleMariners on Saturday! Thank you, #ClevelandGuardians for a great series!! #Paws is looking forward to seeing his pal #MarinerMoose!",https://bsky.app/profile/did:plc:avtp6ac2yirxpflg6i4walxk/post/3m2aklaqzls23,2025-10-02T22:02:05.552000+00:00,clevelandguardians,200
bluesky_post,bluesky,medi-nerd.com,"Well played, Detroit. You earned it when it counted. Until next season, Guards. #MLB #Baseball #ClevelandGuardians",https://bsky.app/profile/did:plc:wtzcivmxhnacu6nomgt7cgs6/post/3m2akhskplq2c,2025-10-02T22:00:06.561000+00:00,clevelandguardians,114
bluesky_post,bluesky,noctouyan.bsky.social,"pro tip #clevelandguardians, do not give up four runs in an inning, it may cause you to lose games to the #DetroitTigers",https://bsky.app/profile/did:plc:kpoef3tbanmustd4ls5os3m2/post/3m2aj36wvxk2i,2025-10-02T21:35:08.054000+00:00,clevelandguardians,120
bluesky_post,bluesky,momsterville.bsky.social,Ahhhhh you're killing me #ClevelandGuardians,https://bsky.app/profile/did:plc:o235mu2w2od33drpntqjpisk/post/3m2ai2435os26,2025-10-02T21:16:39.153000+00:00,clevelandguardians,44
bluesky_post,bluesky,heelerdoodle.bsky.social,A bracing dip at #EdgewaterBeach in #Cleveland for #Paws on this 3rd #ALWildcard gameday for #Paws today. #DetroitTigers and #ClevelandGuardians meet one more time at 3:08 PM today. Will this weekend be in Seattle or at home in Michigan for Paws? #MLB #MascotWorld,https://bsky.app/profile/did:plc:avtp6ac2yirxpflg6i4walxk/post/3m2a4jhqnb22h,2025-10-02T17:50:33.758000+00:00,clevelandguardians,264
bluesky_post,bluesky,lonniebell.bsky.social,Let's get one more and move on!!! #Guardsball #MLB #ClevelandGuardians #BellStrongSports⚾️ #TheLand,https://bsky.app/profile/did:plc:klfzhrueqkfvt2katr2ukquc/post/3m27uudwhwc2l,2025-10-02T15:33:27.751000+00:00,clevelandguardians,99
bluesky_post,bluesky,guardians-fans.bsky.social,We have believers in our clubhouse. #ClevelandGuardians #GuardiansBaseball #MLB #ClevelandSports #BaseballFans #GoGuardians,https://bsky.app/profile/did:plc:zhi7ayo32xk6xk34xfq3xsnu/post/3m27lujs66s2f,2025-10-02T12:52:30.654000+00:00,clevelandguardians,123
bluesky_post,bluesky,stadiumvagabond.bsky.social,"🏟️ Cleveland Municipal Stadium — 1932–1993 • Capacity: 74,438 • Lakefront home for the Indians for 60+ years, also shared with the Browns vs 🏟️ Progressive Field — Since 1994 • Capacity: 34,830 • Opened as “Jacobs Field” 🗳️ Which one wis? ⬇️ #ClevelandGuardians #Wildcard #Playoffs #ClevelandBrowns",https://bsky.app/profile/did:plc:kbsfnhdbcfnfcetvnmco5omr/post/3m26knsbizc24,2025-10-02T02:58:10.259000+00:00,clevelandguardians,298
bluesky_post,bluesky,fetchfeeds.bsky.social,"Guardians expand roster, call up outfielders Valera & Noel, and right-hander Kent; active rosters now 28 players. #ClevelandGuardians https://fefd.link/139Av",https://bsky.app/profile/did:plc:pk5nq3gedpdb6xedfeobsm52/post/3m264olrnd62h,2025-10-01T22:48:00.855000+00:00,clevelandguardians,157
bluesky_post,bluesky,baseballbanter.bsky.social,"10/1/25 AL Wildcard Game 2 Detroit Tigers vs Cleveland Guardians Winner: Guardians 6-1 Check out our Linktree for all of our sponsor links, audio platform& much more: linktr.ee/Baseballbant... #RepDetroit #GuardsBall #DetroitTigers #ClevelandGuardians #BaseballBanterBroadcast #3Outs #GameRecaps #MLB",https://bsky.app/profile/did:plc:64ynkddxb7vxj2472s7ajing/post/3m25x2zytwc2i,2025-10-01T21:07:39.058000+00:00,clevelandguardians,300
bluesky_post,bluesky,heelerdoodle.bsky.social,Tomorrow makes or breaks our beloved #DetroitTigers in the #ALWildCard playoffs v. #ClevelandGuardians. #Detroit 1 #Cleveland 6 today in Game 2. #Paws and #Slider make it over to #Hofbräuhaus to burn off some stress. #MLB #MascotWorld Gametime Thursday 1:08 EDT.,https://bsky.app/profile/did:plc:avtp6ac2yirxpflg6i4walxk/post/3m25ujyuewc2q,2025-10-01T20:22:23.557000+00:00,clevelandguardians,262
bluesky_post,bluesky,heelerdoodle.bsky.social,#Paws and #Slider at a #WarehouseDistrict coffeeshop contemplating Game 2 of the #ALWildCard. It's a beautiful day in #Cleveland. #DetroitTigers #ClevelandGuardians #MLB #MascotWorld Gametime 1:08 ESPN.,https://bsky.app/profile/did:plc:avtp6ac2yirxpflg6i4walxk/post/3m25gdz4wic2g,2025-10-01T16:08:27.157000+00:00,clevelandguardians,202
bluesky_post,bluesky,baseballbanter.bsky.social,"9/30/25 AL Wildcard Game 1 Detroit Tigers vs Cleveland Guardians Winner: Tigers 2-1 Check out our Linktree for all of our sponsor links, audio platform, & much more: linktr.ee/Baseballbant... #RepDetroit #GuardsBall #DetroitTigers #ClevelandGuardians #BaseballBanterBroadcast #3Outs #GameRecaps #MLB",https://bsky.app/profile/did:plc:64ynkddxb7vxj2472s7ajing/post/3m23g64zi5s2s,2025-09-30T20:59:48.752000+00:00,clevelandguardians,299
bluesky_post,bluesky,publicnaked2.bsky.social,Wer besucht mich im Hotel in Lübtheen? Brauche cum! Please expose me! Retweet for more! #exhibitionist #greedymouth #exhi #exposing #gay #nude #naked #cumlover #risky #cheatingboyfriend #public #whitesox #bareback #cumslut #swallow #cumdump #sucking #fremdgehen,https://bsky.app/profile/did:plc:vj5ni2kjaa24cfshng77e7qy/post/3m2zly2ihy223,2025-10-12T21:03:44.584000+00:00,whitesox,261
bluesky_post,bluesky,stiefelknecht90.bsky.social,#gay #gayleather #poppers #popperstraining #whitesox,https://bsky.app/profile/did:plc:yfvmyude7xvmuiyzht6mnvwy/post/3m2z5tqpfok2r,2025-10-12T16:50:48.687000+00:00,whitesox,52
bluesky_post,bluesky,shox-er.bsky.social,"Alpha, Picaldi, Amstaff, Whitesox, Shox 👌",https://bsky.app/profile/did:plc:mrez3pwxoma3kuxjl2btyn3z/post/3m2z5ptj3js2l,2025-10-12T16:48:33.078000+00:00,whitesox,41
bluesky_post,bluesky,cumbuddy27.bsky.social,Horny Day #gay #hairydick #dick #Whitesox,https://bsky.app/profile/did:plc:mxb6723xl7p3e3ox652kumtx/post/3m2z4ze4ie22l,2025-10-12T16:36:03.984000+00:00,whitesox,41
bluesky_post,bluesky,jasminstyle25.bsky.social,"Chicago White Sox Baseball Beer Bullshit Shirt The Chicago White Sox Baseball Beer Bullshit Shirt is a bold statement for fans, blending humor with team pride. #WhiteSox --> https://jasminstyle.com/product/chicago-white-sox-baseball-beer-bullshit-shirt/",https://bsky.app/profile/did:plc:p3tu4w46sldwgac3kaszlffr/post/3m2ylnusdq42r,2025-10-12T11:25:16.681000+00:00,whitesox,253
bluesky_post,bluesky,natedorsey60l.bsky.social,"Well, that's it for the Cubbies. I was rooting for them even as a Whitesox fan because we needed something good to happen for the city during these horrid times for us. Great season though.",https://bsky.app/profile/did:plc:va2yfo5lakdl2ryyow5jcahm/post/3m2xp33qj722m,2025-10-12T02:53:41.888000+00:00,whitesox,189
bluesky_post,bluesky,stu846.bsky.social,Topping a white-socked Asian twink #bareback #twink #whitesox #balls #ass #feet #legs #gaysex #analsex,https://bsky.app/profile/did:plc:juk5qm2bla3esh755dknkq42/post/3m2wxkg4glc2i,2025-10-11T19:52:48.680000+00:00,whitesox,102
bluesky_post,bluesky,bln-hottie.bsky.social,Moin. Frühstück ist angerichtet😈Schönes Wochenende 😁 #uncut #dirtysox #whitesox #smellysox,https://bsky.app/profile/did:plc:nt4uyum2uadvrodmdqrwkkle/post/3m2vrpxfmus2d,2025-10-11T08:35:54.879000+00:00,whitesox,90
bluesky_post,bluesky,leathersneaks.bsky.social,Me horny #gayleather #leatherfetish #gaysneakers #gaysock #gaybondage #soxsniffer #sneakerfetish #sk8erboy #sneakersniffer #sneakercum #gaysocks #kinky #gaysox #leather #leatherfetish #leatherboy #whitesox #Socks #Gay #BDSM #WhiteSocks #MaleSocks #DirtySocks #FeetFetish #SockFetish,https://bsky.app/profile/did:plc:476ukm62gfiusqvztuhfmd3r/post/3m2vqmhbkds2i,2025-10-11T08:16:06.683000+00:00,whitesox,282
bluesky_post,bluesky,trbarry.bsky.social,Never been prouder to be a #WhiteSox fan.,https://bsky.app/profile/did:plc:rp4xo5qsyp3eovpcszg73pkx/post/3m2uzh7wa6k2x,2025-10-11T01:21:25.284000+00:00,whitesox,41
bluesky_post,bluesky,cardinalchronicles.bsky.social,"Tom Egan C (b. 1946 in Los Angeles CA). Signed out of high school for $100,000 in 1964. Part of seasons with #Angels from 65-69. Full time in 70. Spent 1971-72 with #WhiteSox. Back to Angels 74-75. Caught Nolan Ryan's 3rd no-hitter. Best year: 1971: 10/34/.239. #Topps #nohitter",https://bsky.app/profile/did:plc:oqwyl2kt4sw53ea2fanziihi/post/3m2ul6zqe5c2e,2025-10-10T21:06:20.588000+00:00,whitesox,278
bluesky_post,bluesky,leon06c.bsky.social,"Repost this post, maybe there's an uncensored version of the picture 😏👀 #gay #gaygerman #gaygermany #twink #jocks #jockstraps #whitesocks #whitesox #ass #fuck #fuckme #horny #top #bottom",https://bsky.app/profile/did:plc:jedwvptgnamb2iywy6w5ncje/post/3m2ui3qzqus2j,2025-10-10T20:10:54.282000+00:00,whitesox,186
bluesky_post,bluesky,bln-hottie.bsky.social,Wenn man durch Bilder richtig rattig gemacht wird😈😝 Danke @snickersbln.bsky.social #cumshot #cum #smelly #smellysox #whitesox #hairy #cockring #uncut #dirtysox,https://bsky.app/profile/did:plc:nt4uyum2uadvrodmdqrwkkle/post/3m2rxpc24ds2u,2025-10-09T20:12:12.097000+00:00,whitesox,159
bluesky_post,bluesky,bln-hottie.bsky.social,Saftet wie Sau…. Heute echt Dauer horny 😈 #precum #uncut #whitesox,https://bsky.app/profile/did:plc:nt4uyum2uadvrodmdqrwkkle/post/3m2ruyjedzs2j,2025-10-09T19:23:43.894000+00:00,whitesox,66
bluesky_post,bluesky,wrlewin.bsky.social,go go! whitesox!,https://bsky.app/profile/did:plc:rqesd4nmegd2np36rtenvl7b/post/3m2rowbsz6s26,2025-10-09T17:35:01.496000+00:00,whitesox,16
bluesky_post,bluesky,dailywalkoff.com,Today’s Daily Walkoff is a thinker! Can you ace the Chicago White Sox puzzle? Play all 30 teams at dailywalkoff.com #mlb #baseball #baseballtrivia #baseballgame #baseballgame #whitesox,https://bsky.app/profile/did:plc:5sqycqcxdfjkqymgetp5ggkt/post/3m2r6oq53zc2e,2025-10-09T12:44:29.159000+00:00,whitesox,184
bluesky_post,bluesky,bln-hottie.bsky.social,Daheim wird weiter gesaftet. Bei dem smell auch kein Wunder🤤🤤😈 #smelly #smellysox #dirtysox #hairy #uncut #whitesox #precum,https://bsky.app/profile/did:plc:nt4uyum2uadvrodmdqrwkkle/post/3m2r5ha67ac2q,2025-10-09T12:22:28.457000+00:00,whitesox,123
bluesky_post,bluesky,bln-hottie.bsky.social,"Feierabend, umziehen und ab nach Hause😝 #cockout #jeans #freeballing #hairy #uncut #gayniketns #whitesox #smellysox",https://bsky.app/profile/did:plc:nt4uyum2uadvrodmdqrwkkle/post/3m2r2zzannk2q,2025-10-09T11:39:19.057000+00:00,whitesox,115
bluesky_post,bluesky,publicnaked2.bsky.social,"Noch eine Kleinigkeit essen, bevor es auf Schicht geht. Please expose me! Retweet for more! #exhibitionist #greedymouth #exhi #exposing #gay #nude #naked #cumlover #risky #cheatingboyfriend #public #whitesox #bareback #cumslut #swallow #cumdump #sucking #fremdgehen",https://bsky.app/profile/did:plc:vj5ni2kjaa24cfshng77e7qy/post/3m2qt6wwaac2c,2025-10-09T09:18:51.358000+00:00,whitesox,265
bluesky_post,bluesky,bsmile.bsky.social,Today In 1959: Los Angeles #Dodgers become the first team from the West Coast to win the #WorldSeries - defeating the Chicago #WhiteSox in six games! Narrated by Vin Scully! #MLB #History #Postseason,https://bsky.app/profile/did:plc:vok3j6g7yrv63grj4to7byio/post/3m2p557bkcc2y,2025-10-08T17:11:27.866000+00:00,whitesox,199
bluesky_post,bluesky,bsmile.bsky.social,Today In 1959: Los Angeles #Dodgers star Duke Snider hits a HR vs. Chicago #WhiteSox pitcher Early Wynn in Game 6 of the World Series at Comiskey Park! Narrated by Vin Scully! #MLB #History #Postseason,https://bsky.app/profile/did:plc:vok3j6g7yrv63grj4to7byio/post/3m2p3h4clkk2y,2025-10-08T16:41:12.867000+00:00,whitesox,201
bluesky_post,bluesky,ericcrossmlb.bsky.social,"The 15 Most Impressive Rookies of 2025 8. Colson Montgomery (SS - CHW) 284 PA, .239/.311/.529, 21 HR While the AVG and OBP were low, Montgomery was tied for 10th in MLB in HR after his 7/4 debut and was tied for the 5th-best rookie fWAR. #WhiteSox",https://bsky.app/profile/did:plc:66lawhumn3prl6xh7ofewk4u/post/3m2ozkzpp5224,2025-10-08T16:07:35.961000+00:00,whitesox,247
bluesky_post,bluesky,bsmile.bsky.social,Today In 1959: Color pregame footage of World Series Game 6 - Los Angeles #Dodgers vs. Chicago #WhiteSox at Comiskey Park! Narrated by the great Vin Scully! #MLB #Baseball #History #Postseason,https://bsky.app/profile/did:plc:vok3j6g7yrv63grj4to7byio/post/3m2oz7nrejc2y,2025-10-08T16:01:15.167000+00:00,whitesox,192
bluesky_post,bluesky,publicnaked2.bsky.social,Einmal fertig machen für den Tag. Please expose me! Retweet for more! #exhibitionist #greedymouth #exhi #exposing #gay #nude #naked #cumlover #risky #cheatingboyfriend #public #whitesox #bareback #cumslut #swallow #cumdump #sucking #fremdgehen,https://bsky.app/profile/did:plc:vj5ni2kjaa24cfshng77e7qy/post/3m2oas7ofb22p,2025-10-08T08:44:18.457000+00:00,whitesox,243
bluesky_post,bluesky,bln-hottie.bsky.social,Guten Morgen. Erstmal die Morgenlatte bearbeiten😈😆 #cumshot #cum #whitesox #dirtysox #smellysox #dick #uncut #hairy #cockring #adiletten,https://bsky.app/profile/did:plc:nt4uyum2uadvrodmdqrwkkle/post/3m2nztt4ooc2r,2025-10-08T06:39:51.960000+00:00,whitesox,136
bluesky_post,bluesky,nicefrogtees.bsky.social,2025 American League Division Series Champions! Get the Detroit Tigers locker room tee. 🏆 serenashirt.com/product/detr... #DetroitTigers #MotorCityKitties #ALDS #MLBPlayoffs #Champions,https://bsky.app/profile/did:plc:r2izck7ho42tzjy5knaq2cx5/post/3m2v4byoa2c2j,2025-10-11T02:12:16.482000+00:00,motorcitykitties,184
bluesky_post,bluesky,danakmofo.bsky.social,KERRY CARPENTER #detroittigers #alds #motorcitykitties,https://bsky.app/profile/did:plc:h6d5rtqrpjanfdq3pqoti3lj/post/3m2v2seplt22n,2025-10-11T01:45:34.280000+00:00,motorcitykitties,54
bluesky_post,bluesky,bellmore.bsky.social,How about those #MotorCityKitties?!,https://bsky.app/profile/did:plc:2q3k2poacwjt7fxei4wkv7sx/post/3m2pnnxl5yk2a,2025-10-08T22:07:07.154000+00:00,motorcitykitties,35
bluesky_post,bluesky,kevincarley.bsky.social,Tigers refuse to let me go to bed on time. #MLB #Baseball #motorcitykitties #Detroit,https://bsky.app/profile/did:plc:5rixcnihb3d3h632slobd5qc/post/3m2ilfubdws2p,2025-10-06T02:38:11.558000+00:00,motorcitykitties,84
bluesky_post,bluesky,kevincarley.bsky.social,"Hearing ""Let's go Tigers"" chants coming down in Cleveland. Way to travel Detroit. #MLB #motorcitykitties #Detroit #TIGERS",https://bsky.app/profile/did:plc:5rixcnihb3d3h632slobd5qc/post/3m2ai7opcok2u,2025-10-02T21:19:45.454000+00:00,motorcitykitties,121
bluesky_post,bluesky,kevincarley.bsky.social,Let's go Tigers. #motorcitykitties #MLB #october #Detroit,https://bsky.app/profile/did:plc:5rixcnihb3d3h632slobd5qc/post/3m25j3qu3uc2w,2025-10-01T16:57:28.757000+00:00,motorcitykitties,57
bluesky_post,bluesky,jawnphilly.bsky.social,"Game Thread: Tigers @ Phillies - Sun, Aug 03 @ 07:10 PM EDT #[Tigers](/r/MotorCityKitties) [@](http://mlb.mlb.com/images/2017_ipad/684/detphi_684.jpg) [Phillies](/r/Phillies) - Sun, Aug 03 ###Game Status: Game Over - Score: 2-0 Phi... https://tinyurl.com/27a59r94 #phillies #philly #jawnphilly",https://bsky.app/profile/did:plc:nakdwygxvwqbk3oat5lcd6og/post/3lvovalymxz2t,2025-08-05T23:44:12.608000+00:00,motorcitykitties,293
bluesky_post,bluesky,jawnphilly.bsky.social,"The Phillies defeated the Tigers by a score of 2-0 - Sun, Aug 03 @ 07:10 PM EDT #[Tigers](/r/MotorCityKitties) [@](http://mlb.mlb.com/images/2017_ipad/684/detphi_684.jpg) [Phillies](/r/Phillies) - Sun, Aug 03 ###Game Status: Final ... https://tinyurl.com/27kr83hl #phillies #philly #jawnphilly",https://bsky.app/profile/did:plc:nakdwygxvwqbk3oat5lcd6og/post/3lvopplnrrh2t,2025-08-05T22:05:13.011000+00:00,motorcitykitties,293
bluesky_post,bluesky,maniacalindustries.com,"Dear @tigers.bsky.social , Mister Benetti is an absolute treasure. Live Petry and Dirks of course but Benetti is the special sauce on my Riger sammich. Please, please, give him hugs from us fans and never let him go. Not in a weird way, but, yknow. #baseball #detroittigers #motorcitykitties",https://bsky.app/profile/did:plc:lrrwyhxidxfci2jx6jxbc5hx/post/3lsfgooaeos2c,2025-06-25T01:14:07.143000+00:00,motorcitykitties,291
bluesky_post,bluesky,maxburnsi.de,"Here's a comparison of the current UI (left) vs my proposed solution (right). P.S. ""motorcitykitties"" is the best MLB team subreddit name. By far.",https://bsky.app/profile/did:plc:ukzc3rqnxt6cfvhnwlfpkmtt/post/3lrkbh3wugs27,2025-06-14T05:58:34.070000+00:00,motorcitykitties,146
bluesky_post,bluesky,heelerdoodle.bsky.social,I got bullied on the motorcitykitties group on reddit for making my own awesome AI pictures! So lets build a #detroittigers community here!,https://bsky.app/profile/did:plc:avtp6ac2yirxpflg6i4walxk/post/3lpusbqqlmk2i,2025-05-23T23:35:58.950000+00:00,motorcitykitties,139
bluesky_post,bluesky,starbuckbsg75.bsky.social,#motorcitykitties,https://bsky.app/profile/did:plc:6727ndezbsparayj6bkha3wl/post/3lp7dscm3us2c,2025-05-15T10:50:53.646000+00:00,motorcitykitties,17
bluesky_post,bluesky,evanpatrickw.bsky.social,Tigers memes are here to stay #MotorCityKitties,https://bsky.app/profile/did:plc:ulbpyj3s2vlxqjufmxkcnd63/post/3loqwfjo3s22f,2025-05-09T17:13:48.544000+00:00,motorcitykitties,47
bluesky_post,bluesky,jawnphilly.bsky.social,"Game Thread: Tigers @ Phillies - Sun, Mar 23 @ 12:05 PM EDT #[Tigers](/r/MotorCityKitties) [@](http://mlb.mlb.com/images/2017_ipad/684/detphi_684.jpg) [Phillies](/r/Phillies) - Sun, Mar 23 ###Game Status: Game Over - Score: 4-2 Phi... https://tinyurl.com/2bq2kry8 #phillies #philly #jawnphilly",https://bsky.app/profile/did:plc:nakdwygxvwqbk3oat5lcd6og/post/3ll2vuodw7l2b,2025-03-23T18:50:14.947000+00:00,motorcitykitties,293
bluesky_post,bluesky,jawnphilly.bsky.social,"Game Thread: Tigers @ Phillies - Sat, Mar 15 @ 01:05 PM EDT #[Tigers](/r/MotorCityKitties) [@](http://mlb.mlb.com/images/2017_ipad/684/detphi_684.jpg) [Phillies](/r/Phillies) - Sat, Mar 15 ###Game Status: Game Over: Tied - Score: 2... https://tinyurl.com/25wt9kwt #phillies #philly #jawnphilly",https://bsky.app/profile/did:plc:nakdwygxvwqbk3oat5lcd6og/post/3lkguci5vp62b,2025-03-15T19:28:55.950000+00:00,motorcitykitties,293
bluesky_post,bluesky,rawmlb.bsky.social,"Casey Mize https://www.rawchili.com/4109385/ Casey and I go way back. See https://www.reddit.com/r/motorcitykitties/s/kuoA2MPJpH for reference. I bought this card February 4th, I told…",https://bsky.app/profile/did:plc:lgxwokjfnegutejxknkdpqwj/post/3lk6y7w7eqt2x,2025-03-12T16:17:47.757000+00:00,motorcitykitties,184
bluesky_post,bluesky,jawnphilly.bsky.social,"The Phillies fell to the Tigers by a score of 17-7 - Wed, Mar 05 @ 01:05 PM EST #[Phillies](/r/Phillies) [@](http://mlb.mlb.com/images/2017_ipad/684/phidet_684.jpg) [Tigers](/r/MotorCityKitties) - Wed, Mar 05 ###Game Status: Final ... https://tinyurl.com/2y5zcj32 #phillies #philly #jawnphilly",https://bsky.app/profile/did:plc:nakdwygxvwqbk3oat5lcd6og/post/3ljpari7tjh2z,2025-03-06T10:08:10.549000+00:00,motorcitykitties,293
bluesky_post,bluesky,jawnphilly.bsky.social,"Game Thread: Phillies @ Tigers - Wed, Mar 05 @ 01:05 PM EST #[Phillies](/r/Phillies) [@](http://mlb.mlb.com/images/2017_ipad/684/phidet_684.jpg) [Tigers](/r/MotorCityKitties) - Wed, Mar 05 ###Game Status: Game Over - Score: 17-7 Ti... https://tinyurl.com/29832pcy #phillies #philly #jawnphilly",https://bsky.app/profile/did:plc:nakdwygxvwqbk3oat5lcd6og/post/3ljo22ayswz2o,2025-03-05T22:35:09.060000+00:00,motorcitykitties,293
bluesky_post,bluesky,jawnphilly.bsky.social,"Game Thread: Phillies @ Tigers - Sat, Feb 22 @ 01:05 PM EST #[Phillies](/r/Phillies) [@](http://mlb.mlb.com/images/2017_ipad/684/phidet_684.jpg) [Tigers](/r/MotorCityKitties) - Sat, Feb 22 ###Game Status: Game Over - Score: 7-6 Tig... https://tinyurl.com/288bdyd6 #phillies #philly #jawnphilly",https://bsky.app/profile/did:plc:nakdwygxvwqbk3oat5lcd6og/post/3lisa5yzt5o2r,2025-02-22T21:10:04.653000+00:00,motorcitykitties,293
bluesky_post,bluesky,psanyqg.bsky.social,superbowlchallenge.canada.nfl.com/predictor/sh... Figure get this out there right as the first WC game starts. #OnePride #AllGrit #MotorCityKitties,https://bsky.app/profile/did:plc:653stuqryo4sprsatbo3qieo/post/3lfio5rz2qc27,2025-01-11T21:38:17.654000+00:00,motorcitykitties,147
bluesky_post,bluesky,deaph-mckneticc.bsky.social,Detroit vs Everybody!! 🦁 #MotorCityKitties,https://bsky.app/profile/did:plc:r5fafhvk53vxf5p7gg7xptd2/post/3lelapcvmhc24,2024-12-31T04:50:20.753000+00:00,motorcitykitties,42
bluesky_post,bluesky,lobster-sweater.bsky.social,Detroit Tigers fans on here wya? #RepDetroit #MotorCityKitties,https://bsky.app/profile/did:plc:gckzdvw2k5njrwqo7fjthraz/post/3lazmh7ixgc23,2024-11-16T00:17:51.359000+00:00,motorcitykitties,62
bluesky_post,bluesky,olmlb.bsky.social,カージナルス午後 5/1 https://www.olmlb.com/400699/ ラインスコア|1|2|3|4|5|6|7|8|9|R|H|E|LOB :–|:–|:–|:–|:–|:– |:–|:–|:–|:–|:–|:–|:–|:–| [Cardinals](/r/カーディナルス)|0|0|0|1|0|0|0|0|0|**1**|**7**|**0**|**5**| [Tigers](/r/MotorCityKitties)|0|1|2|0|0|0|0|1| |**4**|**8**|**0**|**4**| ##決勝: 4-1 タイガース **判定** * …,https://bsky.app/profile/did:plc:64sap4x3jfwoy4vxdxpkrx3h/post/3krhee4f5dc2q,2024-05-01T20:46:15+00:00,motorcitykitties,288
bluesky_post,bluesky,olmlb.bsky.social,ゲーム前スレッド: 2024 年 5 月 1 日 https://www.olmlb.com/400364/ [Cardinals](/r/カージナルス) @ [Tigers](/r/MotorCityKitties) **予想投手:** **カージナルス**: [Miles Mikolas](https://www.mlb.com/player/miles-mikolas-571945) (2勝3敗、防御率5.91) **タイガース**: [Kenta Maeda](https://www.mlb.com/player/kenta-maeda-628317) …,https://bsky.app/profile/did:plc:64sap4x3jfwoy4vxdxpkrx3h/post/3krgdlyrfvp2y,2024-05-01T11:00:06+00:00,motorcitykitties,285
bluesky_post,bluesky,olmlb.bsky.social,カージナルス アフターダーク 4/30 https://www.olmlb.com/399987/ ラインスコア|1|2|3|4|5|6|7|8|9|R|H|E|LOB :–|:–|:–|:–|:–|:– |:–|:–|:–|:–|:–|:–|:–|:–| [Cardinals](/r/カーディナルス)|0|0|0|0|0|0|0|0|2|**2**|**7**|**0**|**6**| [Tigers](/r/MotorCityKitties)|0|0|0|1|0|0|0|0|0|**1**|**4**|**0**|**5**| ##決勝: 2-1 カージナルス **判定** * …,https://bsky.app/profile/did:plc:64sap4x3jfwoy4vxdxpkrx3h/post/3krfdfhck3i2g,2024-05-01T01:23:47+00:00,motorcitykitties,296
bluesky_post,bluesky,mellinger01.bsky.social,I don’t think you can run Shota out there tomorrow. Has to be a Rea/Soroka/Civale game #Chicubs,https://bsky.app/profile/did:plc:g55pqa7h5aatabdlrpd5fqrt/post/3m2ssqrzun22a,2025-10-10T04:16:12.484000+00:00,chicubs,95
bluesky_post,bluesky,tommyedwin.bsky.social,America may be all fucked up right now but it’s good to see the #ChiCubs playing like the Cubs and having a disastrous first inning. 🤓⚾️,https://bsky.app/profile/did:plc:44q4mboaf46tegyn5tg3sjdj/post/3m2f7knpos225,2025-10-04T18:28:08.160000+00:00,chicubs,136
bluesky_post,bluesky,keithlaw.bsky.social,"there were quite a few cubs fans who hated this trade, too",https://bsky.app/profile/did:plc:l7s4rksndlrnouklhdrtrymz/post/3lzttk6bdls2q,2025-09-27T20:37:53.456000+00:00,chicubs,58
bluesky_post,bluesky,divclasslarge.bsky.social,They found time to attack a friend of Charlie’s instead for going Sunday. Cub ‘fans’ are a special breed of dumbass. www.reddit.com/r/CHICubs/s/...,https://bsky.app/profile/did:plc:2ydfgdghoomcxdw22p35kcx2/post/3lzlkvjb42c2u,2025-09-24T13:41:51.451000+00:00,chicubs,147
bluesky_post,bluesky,divclasslarge.bsky.social,Q: Are there any normal Cub fans? A: No What a bunch of fucks… #behereforit #chicagocubs www.reddit.com/r/CHICubs/s/...,https://bsky.app/profile/did:plc:2ydfgdghoomcxdw22p35kcx2/post/3lzjn6t4izc2w,2025-09-23T19:17:32.910000+00:00,chicubs,119
bluesky_post,bluesky,bastianmlb.bsky.social,Gonna hop in here at Noon PT/2 pm CT to answer some Q’s. Feel free to send some my way! Can be on the Cubs… life on the beat… whatever! www.reddit.com/r/CHICubs/s/...,https://bsky.app/profile/did:plc:rcetk47n6hybe57ou4m36jf6/post/3lxfktyj4uk2x,2025-08-27T17:34:38.910000+00:00,chicubs,166
bluesky_post,bluesky,bluelightnightlite.bsky.social,Here it is. I dont think it's any more fake or dumb than all the others. I also considered swapping Rockies and Royals but whocare.,https://bsky.app/profile/did:plc:tzudastn2lzmpwycerrxrplb/post/3lxbjtbot222z,2025-08-26T03:05:44.005000+00:00,chicubs,131
bluesky_post,bluesky,jhernandezlagunes.bsky.social,@huecub.bsky.social Go read the comments: www.reddit.com/r/CHICubs/co... People like him. People also like Coldplay and voted for Republicans. You can’t trust people.,https://bsky.app/profile/did:plc:k7orike2py5odk3vlkmsfh2l/post/3lwwmylz6qc2y,2025-08-21T19:03:05.823000+00:00,chicubs,166
bluesky_post,bluesky,desarrayed.bsky.social,Yeah Cubs www.reddit.com/r/CHICubs/s/...,https://bsky.app/profile/did:plc:fug2ucm2q2g6mcdmhpkpyllr/post/3lwuwpo4zz22n,2025-08-21T02:51:42.908000+00:00,chicubs,40
bluesky_post,bluesky,finkeldoppler.bsky.social,"(3) NL ""Atlantic"": Philly, NYMets, DC, Pittsburgh ""Midwest"": ChiCubs, StLCards, Milwaukee, Cincy ""Dixie"" (?): Atlanta, Miami, Tampa (from AL), Charlotte ""Pacific"": SF, LADodgers, San Diego, Arizona Seems way easier than Manfred makes it out to be.",https://bsky.app/profile/did:plc:bn5uegd7z6eumps3b3aui23d/post/3lwrqflvzvs2d,2025-08-19T20:20:41.409000+00:00,chicubs,247
bluesky_post,bluesky,ivychat.bsky.social,Research here says unlikely Blue Cubas. www.reddit.com/r/CHICubs/co...,https://bsky.app/profile/did:plc:ntxzivbkm3n3r6gwm2xsl4av/post/3lv4xd52azj2q,2025-07-29T20:33:29.602000+00:00,chicubs,70
bluesky_post,bluesky,beda.bsky.social,These absolutely gorgeous shots have been my favorite thing to come out of the loss of Ryne Sandberg www.reddit.com/r/CHICubs/co...,https://bsky.app/profile/did:plc:syvaocyahiy3z5dj5n4lgrqg/post/3lv45fkl6xs2k,2025-07-29T12:49:33.204000+00:00,chicubs,131
bluesky_post,bluesky,zinnbeck.bsky.social,Calling all #Cubs Fans! The Chicago Cubs have done something special for their fans. They have digitized many of their team media guides and a yearbook going back to 1937. Enjoy the collection. #CHICubs archive.org/search?query...,https://bsky.app/profile/did:plc:cjlk4rcagiv46mnxkylllx7t/post/3lu5noavl3s2z,2025-07-17T09:47:45.614000+00:00,chicubs,230
bluesky_post,bluesky,praz.bsky.social,Easily my favorite post ever on r/ChiCubs.,https://bsky.app/profile/did:plc:j2rhcsecujmaexyn7xdii63s/post/3ltnfh5mn6s2s,2025-07-10T22:38:31.341000+00:00,chicubs,42
bluesky_post,bluesky,jawnphilly.bsky.social,"The Phillies defeated the Cubs by a score of 7-2 - Wed, Jun 11 @ 01:05 PM EDT #[Cubs](/r/CHICubs) [@](http://mlb.mlb.com/images/2017_ipad/684/chcphi_684.jpg) [Phillies](/r/Phillies) - Wed, Jun 11 ###Game Status: Final - Score: 7-2 ... https://tinyurl.com/27ln8aes #phillies #philly #jawnphilly",https://bsky.app/profile/did:plc:nakdwygxvwqbk3oat5lcd6og/post/3lrfkx3v55r2p,2025-06-12T09:05:11.950000+00:00,chicubs,293
bluesky_post,bluesky,jawnphilly.bsky.social,"Game Thread: Cubs @ Phillies - Wed, Jun 11 @ 01:05 PM EDT #[Cubs](/r/CHICubs) [@](http://mlb.mlb.com/images/2017_ipad/684/chcphi_684.jpg) [Phillies](/r/Phillies) - Wed, Jun 11 ###Game Status: Game Over - Score: 7-2 Phillies ###Link... https://tinyurl.com/28ucucwj #phillies #philly #jawnphilly",https://bsky.app/profile/did:plc:nakdwygxvwqbk3oat5lcd6og/post/3lre6oszfdv22,2025-06-11T19:53:09.553000+00:00,chicubs,293
bluesky_post,bluesky,jawnphilly.bsky.social,"The Phillies fell to the Cubs by a score of 8-4 - Tue, Jun 10 @ 06:45 PM EDT #[Cubs](/r/CHICubs) [@](http://mlb.mlb.com/images/2017_ipad/684/chcphi_684.jpg) [Phillies](/r/Phillies) - Tue, Jun 10 ###Game Status: Final - Score: 8-4 C... https://tinyurl.com/29furqqa #phillies #philly #jawnphilly",https://bsky.app/profile/did:plc:nakdwygxvwqbk3oat5lcd6og/post/3lrd2ss7fi627,2025-06-11T09:11:08.444000+00:00,chicubs,293
bluesky_post,bluesky,jawnphilly.bsky.social,"Game Thread: Cubs @ Phillies - Tue, Jun 10 @ 06:45 PM EDT #[Cubs](/r/CHICubs) [@](http://mlb.mlb.com/images/2017_ipad/684/chcphi_684.jpg) [Phillies](/r/Phillies) - Tue, Jun 10 ###Game Status: Game Over - Score: 8-4 Cubs ###Links & ... https://tinyurl.com/27aqkdx3 #phillies #philly #jawnphilly",https://bsky.app/profile/did:plc:nakdwygxvwqbk3oat5lcd6og/post/3lrcd6e5mos22,2025-06-11T02:08:06.349000+00:00,chicubs,293
bluesky_post,bluesky,jawnphilly.bsky.social,"The Phillies defeated the Cubs by a score of 4-3 - Mon, Jun 09 @ 06:45 PM EDT #[Cubs](/r/CHICubs) [@](http://mlb.mlb.com/images/2017_ipad/684/chcphi_684.jpg) [Phillies](/r/Phillies) - Mon, Jun 09 ###Game Status: Final - Score: 4-3 ... https://tinyurl.com/2bdkccbx #phillies #philly #jawnphilly",https://bsky.app/profile/did:plc:nakdwygxvwqbk3oat5lcd6og/post/3lrakgewjkn22,2025-06-10T09:12:32.348000+00:00,chicubs,293
bluesky_post,bluesky,jawnphilly.bsky.social,"Game Thread: Cubs @ Phillies - Mon, Jun 09 @ 06:45 PM EDT #[Cubs](/r/CHICubs) [@](http://mlb.mlb.com/images/2017_ipad/684/chcphi_684.jpg) [Phillies](/r/Phillies) - Mon, Jun 09 ###Game Status: Game Over - Score: 4-3 Phillies ###Link... https://tinyurl.com/27r9w6o6 #phillies #philly #jawnphilly",https://bsky.app/profile/did:plc:nakdwygxvwqbk3oat5lcd6og/post/3lr7s4imgxp22,2025-06-10T01:57:30.953000+00:00,chicubs,293
bluesky_post,bluesky,desarrayed.bsky.social,This is why I love Cubs fans www.reddit.com/r/CHICubs/s/...,https://bsky.app/profile/did:plc:fug2ucm2q2g6mcdmhpkpyllr/post/3lotzhcwykc2i,2025-05-10T22:46:31.150000+00:00,chicubs,59
bluesky_post,bluesky,cubs4me.bsky.social,Some of these Shota pitches are sexy! #ChiCubs #Cubs,https://bsky.app/profile/did:plc:odsd4mttebrlfy6lwsx4fwwd/post/3lnyjq23hju2e,2025-04-30T00:23:10.081000+00:00,chicubs,52
bluesky_post,bluesky,jawnphilly.bsky.social,"The Phillies defeated the Cubs by a score of 3-1 - Sun, Apr 27 @ 07:10 PM EDT #[Phillies](/r/Phillies) [@](http://mlb.mlb.com/images/2017_ipad/684/phichc_684.jpg) [Cubs](/r/CHICubs) - Sun, Apr 27 ###Game Status: Final - Score: 3-1 ... https://tinyurl.com/25z34hmq #phillies #philly #jawnphilly",https://bsky.app/profile/did:plc:nakdwygxvwqbk3oat5lcd6og/post/3lnug2owxex2t,2025-04-28T09:06:53.681000+00:00,chicubs,293
bluesky_post,bluesky,jawnphilly.bsky.social,"The Phillies defeated the Cubs by a score of 10-4 - Sat, Apr 26 @ 04:05 PM EDT #[Phillies](/r/Phillies) [@](http://mlb.mlb.com/images/2017_ipad/684/phichc_684.jpg) [Cubs](/r/CHICubs) - Sat, Apr 26 ###Game Status: Final - Score: 10-... https://tinyurl.com/29td279q #phillies #philly #jawnphilly",https://bsky.app/profile/did:plc:nakdwygxvwqbk3oat5lcd6og/post/3lnrvgburt72p,2025-04-27T09:03:49.284000+00:00,chicubs,293
bluesky_post,bluesky,jawnphilly.bsky.social,"Game Thread: Phillies @ Cubs - Sat, Apr 26 @ 04:05 PM EDT #[Phillies](/r/Phillies) [@](http://mlb.mlb.com/images/2017_ipad/684/phichc_684.jpg) [Cubs](/r/CHICubs) - Sat, Apr 26 ###Game Status: Game Over - Score: 10-4 Phillies ###Lin... https://tinyurl.com/273ryyf9 #phillies #philly #jawnphilly",https://bsky.app/profile/did:plc:nakdwygxvwqbk3oat5lcd6og/post/3lnqv2vge3a2p,2025-04-26T23:24:47.385000+00:00,chicubs,293
bluesky_post,bluesky,mbrowley.bsky.social,"Madder occasionally shows up in very old drinks receipts for imparting a red hue. Cochineal (the insect-derived red of cardinals’ vestments, kings’ robes, and, until vegans got wind of it, strawberry Frappuccinos) came later. Nice to see this.",https://bsky.app/profile/did:plc:fvj4gwmhrbmadale57csaw2r/post/3m2zret3fd22e,2025-10-12T22:40:14.477000+00:00,cardinals,243
bluesky_post,bluesky,aaronclerner.bsky.social,"The Cardinals started 2-0. Then, they hosted a memorial at their stadium. They are 0-4 since.",https://bsky.app/profile/did:plc:fmi35xmosrxdppw2pgpbuypb/post/3m2zranjkms2y,2025-10-12T22:37:54.380000+00:00,cardinals,93
bluesky_post,bluesky,europesays.bsky.social,"Carolina Handles Business Against Cardinals With 3-0 Win https://www.europesays.com/2488082/ CHAPEL HILL, N.C. – A rainy Sunday at Karen Shelton Stadium finished with a 3-0 win for Carolina…",https://bsky.app/profile/did:plc:msian4dqa2rqalf3biilnf3m/post/3m2zqv5kuu522,2025-10-12T22:31:28.880000+00:00,cardinals,190
bluesky_post,bluesky,celebrityhottub.bsky.social,"even the Raiders are going to be able to finish off the Titans, the Cardinals should have to sit out the rest of the year",https://bsky.app/profile/did:plc:ocytsitctktxvp4k3n2edgta/post/3m2zqu27iic2w,2025-10-12T22:30:51.679000+00:00,cardinals,121
bluesky_post,bluesky,europesays.bsky.social,"Carolina Handles Business Against Cardinals With 3-0 Win https://www.europesays.com/2488082/ CHAPEL HILL, N.C. – A rainy Sunday at Karen Shelton Stadium finished with a 3-0 win for Carolina…",https://bsky.app/profile/did:plc:msian4dqa2rqalf3biilnf3m/post/3m2zqtpqucc2w,2025-10-12T22:30:41.880000+00:00,cardinals,190
bluesky_post,bluesky,remembirds.bsky.social,"On this date, Bob Gibson and the Cardinals won Game 7 of the 1967 World Series after Red Sox first baseman George Scott predicted that Gibson wouldn’t last five innings against Boston’s lineup … www.stlredbirds.com/2022/07/08/o...",https://bsky.app/profile/did:plc:4w2wcgfs7aoz7xdcqvhuaqrs/post/3m2zqliny6k2v,2025-10-12T22:26:10.581000+00:00,cardinals,230
bluesky_post,bluesky,scorpiono.bsky.social,"My #7 Hoosiers went on the road and beat #3 Oregon, my Colts beat the Cardinals, and my Pacers looked good in their preseason game vs. the Thunder (Peters looks like a star)!!! 😃",https://bsky.app/profile/did:plc:pxdf7acxdsyulfnff4rqv726/post/3m2zqidz3t22u,2025-10-12T22:24:19.782000+00:00,cardinals,178
bluesky_post,bluesky,rawnfl.bsky.social,"Trey McBride Speaks Out Against NFL Referees as Cardinals HC Announces Kyler Murray’s Future https://www.rawchili.com/nfl/441478/ The Arizona Cardinals tried to mount a comeback, but the Colts held on for a tense 31-27 win.…",https://bsky.app/profile/did:plc:vjr7alppw4htiuieppbc5ow3/post/3m2zqhj4pye2c,2025-10-12T22:23:51.381000+00:00,cardinals,224
bluesky_post,bluesky,skyhighinc.bsky.social,"Yanno, the #Titans didn't ""come back"" last week so much as the #Cardinals turned into the keystone cops.",https://bsky.app/profile/did:plc:x4nflgmksyyh37osideq6bke/post/3m2zq2wlq6s26,2025-10-12T22:16:48.785000+00:00,cardinals,104
bluesky_post,bluesky,virtualnews360.bsky.social,"Colts QB Richardson taken to hospital with orbital fracture after elastic band mishap | Indianapolis Colts The Indianapolis Colts were without their backup quarterback, Anthony Richardson, after he suffered an orbital fracture during the buildup to Sunday’s win over the Arizona Cardinals. ESPN…",https://bsky.app/profile/did:plc:s6e2lk7c6rkaafxftbdowvel/post/3m2zprzpeuw2b,2025-10-12T22:11:50.786000+00:00,cardinals,295
bluesky_post,bluesky,rawnfl.bsky.social,"Colts-Cardinals takeaways: Indianapolis holds on as Arizona’s final drive sputters https://www.rawchili.com/nfl/441439/ Jonathan Taylor’s one-yard touchdown run gave Indianapolis the lead in the fourth quarter, and the Colts withstood a…",https://bsky.app/profile/did:plc:vjr7alppw4htiuieppbc5ow3/post/3m2zpbipjcp2i,2025-10-12T22:02:36.277000+00:00,cardinals,237
bluesky_post,bluesky,axelmtg.bsky.social,The Cardinals lost to this Titans team...,https://bsky.app/profile/did:plc:aj27tfsnjkiraicfpsj2k4go/post/3m2zp7f5dp22f,2025-10-12T22:01:25.079000+00:00,cardinals,41
bluesky_post,bluesky,azcentral.com,Marvin Harrison Jr. has exited the Arizona Cardinals’ Week 6 game against the Indianapolis Colts. Harrison is being evaluated for a concussion.,https://bsky.app/profile/did:plc:2ck3eeyct4de6x3ie2rzfwua/post/3m2zp5uv6fq2f,2025-10-12T22:00:34.581000+00:00,cardinals,143
bluesky_post,bluesky,jettrack.bsky.social,Plane Alert! Mike Bidwill - Arizona Cardinals Owner (N1AZ) Track it here: https://globe.adsb.fi/?reg=N1AZ #adsb #JetTrack,https://bsky.app/profile/did:plc:y4udlkwmp3jkidddccbgmasr/post/3m2zp34aym22w,2025-10-12T21:59:01.181000+00:00,cardinals,121
bluesky_post,bluesky,profootballtalk.bsky.social,"Cardinals TE Travis Vokolek out of hospital, traveling home with team. www.nbcsports.com/nfl/profootb...",https://bsky.app/profile/did:plc:6yldqhxynki4isg36iszsvr3/post/3m2zp2nphdk2w,2025-10-12T21:58:48.579000+00:00,cardinals,104
bluesky_post,bluesky,newsbylarry.bsky.social,Marvin Harrison Jr. injury update: What we know after Cardinals WR diagnosed with concussion against Colts,https://bsky.app/profile/did:plc:vyoea7qbgilsg5af4zezfibm/post/3m2zou4r5hw2s,2025-10-12T21:55:07.184000+00:00,cardinals,106
bluesky_post,bluesky,jc-esq.bsky.social,"Thank God they pulled it out against the godforsaken Cardinals, there's pumpkin fucking & then there's pumpkin fucking",https://bsky.app/profile/did:plc:czxmmjnrx44rls7vs55hac6a/post/3m2zotejzpk2c,2025-10-12T21:54:41.583000+00:00,cardinals,118
bluesky_post,bluesky,theamericagist.bsky.social,"Fans think Cardinals got screwed on final 4th-down stop by Colts The Arizona Cardinals suffered a 31-27 Week 6 loss to the Indianapolis Colts in what turned out to be a hard-fought contest. However, the fanbase is crying foul, as they believe the team got screwed over in the closing minutes of the…",https://bsky.app/profile/did:plc:b3mxijkjymyu3qxjalek2ugn/post/3m2zorf35zq27,2025-10-12T21:53:35.479000+00:00,cardinals,299
bluesky_post,bluesky,theamericagist.bsky.social,Kyler Murray cemented as Cardinals QB1 despite strong Jacoby Brissett showing Many fans assumed that the Arizona Cardinals were left dead in the water after they ruled Kyler Murray out for their Week 6 matchup with the Indianapolis Colts. Jacoby Brissett instead led the team to one of their best…,https://bsky.app/profile/did:plc:b3mxijkjymyu3qxjalek2ugn/post/3m2zoqjn2pc25,2025-10-12T21:53:06.179000+00:00,cardinals,297
bluesky_post,bluesky,harshreality13.bsky.social,"Just Act like you are the best team Or at least that you knocked out the best team No pearls needed I have a sense of humor&really I’m ok with the loss Just surprised , didn’t realize the cubs lived in the brewers heads Or maybe i just have to accept the brewers are the new cardinals",https://bsky.app/profile/did:plc:eeldyhooukazhvoxbv2764qc/post/3m2zokawr4s2a,2025-10-12T21:49:35.880000+00:00,cardinals,284
bluesky_post,bluesky,rawnfl.bsky.social,Cardinals’ near-upset brings new problem to Arizona https://www.rawchili.com/nfl/441402/ The Cardinals’ latest loss comes with silver linings and a new kind of problem: A most welcome quarterback…,https://bsky.app/profile/did:plc:vjr7alppw4htiuieppbc5ow3/post/3m2zo5capwf2p,2025-10-12T21:42:21.382000+00:00,cardinals,196
bluesky_post,bluesky,rawmlb.bsky.social,"Yankees’ perfect Nolan Arenado trade proposal to Cardinals https://www.rawchili.com/mlb/376631/ The New York Yankees, perennial contenders with a championship-or-bust mentality, find themselves at a critical juncture in the…",https://bsky.app/profile/did:plc:lgxwokjfnegutejxknkdpqwj/post/3m2znzslxhl25,2025-10-12T21:40:24.579000+00:00,cardinals,224
bluesky_post,bluesky,jakearthurnfl.bsky.social,Indianapolis Colts Hang On for Narrow Back-and-Forth Win Over Arizona Cardinals,https://bsky.app/profile/did:plc:skzhwre3oj2hshueyj2msqj3/post/3m2znt5j77c22,2025-10-12T21:36:43.286000+00:00,cardinals,79
bluesky_post,bluesky,suchprotech.com,"I think the Bengals only hope is some coaching and front office turnover with all of this. Burrow shouldn't have to be the hero like he is. Jacoby Brissett almost won with zero notice he would be starting, the Cardinals have problems but that's what it should look like.",https://bsky.app/profile/did:plc:x3nrivh7l5wrl4w3bka2vsq4/post/3m2znkv25t22u,2025-10-12T21:32:04.280000+00:00,cardinals,270
bluesky_post,bluesky,aaronschatz.com,Seattle Seahawks entered today at 3-2 with 43.5% DVOA. Now they are 4-2. The 2015 Arizona Cardinals are the only team since 1978 that had over 40% DVOA at 4-2.,https://bsky.app/profile/did:plc:w6oie6ddpzpv7vnnver3lu5f/post/3m2zmyn7xqk2k,2025-10-12T21:21:50.984000+00:00,cardinals,159
bluesky_post,bluesky,prideofcucamonga.bsky.social,"I’m in a pretty good mood regardless, Brewers won. It’s a nice day out. Can’t complain 😂🙌",https://bsky.app/profile/did:plc:thsdhv5waqrqh7iipbjauocg/post/3m2zrlachsk2h,2025-10-12T22:43:49.977000+00:00,Brewers,89
bluesky_post,bluesky,kbrackley.bsky.social,I so want a Jays vs. Brewers world series just for the time zones.,https://bsky.app/profile/did:plc:4pckwo62wzvzolsx5if3qrhm/post/3m2zrejaxsc2y,2025-10-12T22:44:31.780000+00:00,Brewers,66
bluesky_post,bluesky,doeyjavis.bsky.social,So yeah. Brewers are underdogs and that’s why I need you working all your Etsy Witch friends to get us over the line here.,https://bsky.app/profile/did:plc:vye462545hj4lmok5bov24qh/post/3m2zrcwbwgs23,2025-10-12T22:39:10.780000+00:00,Brewers,122
bluesky_post,bluesky,passanthalbot.bsky.social,@JonHeyman tweeted Blake Snell gets the ball for Game 1 NLCS tomorrow. Brewers considering an opener again.,https://bsky.app/profile/did:plc:7wdjguzcuj2sgvgay3c7ched/post/3m2zqzx766s2q,2025-10-12T22:34:09.576000+00:00,Brewers,107
bluesky_post,bluesky,mjmoser.bsky.social,Cubs fans have always been nice to me. The Brewers were fucking assholes when they played in Baltimore. We all have our anecdotes.,https://bsky.app/profile/did:plc:pviiiighdbedgkeruzh7376m/post/3m2zqyy6wvk2k,2025-10-12T22:33:37.279000+00:00,Brewers,130
bluesky_post,bluesky,kk-waters.bsky.social,"If the Brewers face Kershaw at any point, then Brandon Woodruff needs to pitch hit. I don’t make the rules.",https://bsky.app/profile/did:plc:2ybkpfaj4z3gscwkjqt7hvk4/post/3m2zqui3jhs2t,2025-10-12T22:31:06.204000+00:00,Brewers,107
bluesky_post,bluesky,paulbijhouwer.bsky.social,"Rooting for the Jays and Brewers now. Great Lakes, Great Teams!",https://bsky.app/profile/did:plc:sspltqhtxkcp65mcogf3jrzc/post/3m2zqrvckuk2t,2025-10-12T22:29:39.378000+00:00,Brewers,63
bluesky_post,bluesky,jeffkrisko.bsky.social,he blocked me because I said I was going to get Brewers season tickets and give them all to away team fans after he told me he didn't want me in the stadium because I root for my favorite team (?),https://bsky.app/profile/did:plc:nzvnzrl2n6mf5msz7pttr45b/post/3m2zqpghbqs2n,2025-10-12T22:28:16.781000+00:00,Brewers,196
bluesky_post,bluesky,talkinbaseballbot.bsky.social,"Freddy Peralta will start in NLCS Game 2 for the Brewers, per @BNightengale No word yet on their Game 1 starter",https://bsky.app/profile/did:plc:d7afxuq2iotwqbykuhr4dtdk/post/3m2zqohylhw2b,2025-10-12T22:27:45.080000+00:00,Brewers,111
bluesky_post,bluesky,fantasymlbnews.bsky.social,"Murphy: Freddy Peralta will start Game 2 of NLCS for the Brewers. Options for Game 1 include Jose Quintana, Quinn Priester, or an opener.",https://bsky.app/profile/did:plc:hew2wmghmlzbeeqfwjfidv7j/post/3m2zqgb5vps2i,2025-10-12T22:23:09.384000+00:00,Brewers,137
bluesky_post,bluesky,ashenechoes.bsky.social,"to the cute trans woman in a brewers jersey who came into my store at the mall today, i’m so sorry i couldn’t say hi bc i’m under like 40 layers of boymode at work but please know that my conscience was banging at the bars of my stupid male veneer like this",https://bsky.app/profile/did:plc:hvtx7ajb4cj4l7iep5qxy6zh/post/3m2zqe3pjj225,2025-10-12T22:21:57.785000+00:00,Brewers,257
bluesky_post,bluesky,rawmlb.bsky.social,Brewers Get Unfortunate Brandon Woodruff Injury Update For NLCS https://www.rawchili.com/mlb/376678/ The Milwaukee Brewers are headed to the National League Championship Series after they held off the Chicago Cubs…,https://bsky.app/profile/did:plc:lgxwokjfnegutejxknkdpqwj/post/3m2zqcxbwqz2k,2025-10-12T22:21:17.881000+00:00,Brewers,214
bluesky_post,bluesky,steve-coolio.bsky.social,Genuinely hope the Brewers go to the World Series! #MilwaukeeBrewers,https://bsky.app/profile/did:plc:2r7lkwuqhxb6gfs4nyrj3u5h/post/3m2zq3cyjhc22,2025-10-12T22:17:04.482000+00:00,Brewers,68
bluesky_post,bluesky,bigmemath.bsky.social,it's hard to make me mad about the Packers considering what the Brewers are doing but Matt LaFleur and this team are trying their best,https://bsky.app/profile/did:plc:csmhqhvhmyzt37pd3t65e63g/post/3m2zq2onan224,2025-10-12T22:16:40.782000+00:00,Brewers,134
bluesky_post,bluesky,cilantronate.bsky.social,This is a Brewers clinch hangover day for sure.,https://bsky.app/profile/did:plc:qus3by64lfcofdwwbx6gvere/post/3m2zpvt5e4k2o,2025-10-12T22:13:57.483000+00:00,Brewers,47
bluesky_post,bluesky,padfootthepup.bsky.social,I’m telling you!! WHEN I WEAR THE VINTAGE PACUA WE ALWAYS WIN!! Also: Fuck the Brewers.,https://bsky.app/profile/did:plc:hjsk4ngoj2vtuta6sy55f5po/post/3m2zpvgq2as26,2025-10-12T22:13:44.978000+00:00,Brewers,87
bluesky_post,bluesky,theterribletout.bsky.social,Cubbies nudged out of the playoffs by the Brewers. Next year...............,https://bsky.app/profile/did:plc:deggkzp2tl7d5c5pa5ktxxps/post/3m2zptbtvzk2l,2025-10-12T22:12:32.485000+00:00,Brewers,75
bluesky_post,bluesky,dmsfick.bsky.social,I think it'll be pretty cool if the Brewers are in the Series.,https://bsky.app/profile/did:plc:7z6k6tqc6eb5ktpch2bq6fyn/post/3m2zpo5hwos2e,2025-10-12T22:09:40.079000+00:00,Brewers,62
bluesky_post,bluesky,1992pirates.bsky.social,"HBD 🎂 10/10/1986 #Pittsburgh #Pirates OF Andrew McCutchen! Cutch is a 5-time All-Star ⭐️, NL MVP, & Gold Glove, leading the #Buccos to 3 playoff appearances. He is a top-10 Buc All-time in WAR, 2B, HR, RBI, R, H, Games, BB #LetsGoBucs",https://bsky.app/profile/did:plc:ovoc4kruiyj3o32fhq76yvhg/post/3m2tmzfwmq22o,2025-10-10T12:06:19.484000+00:00,buccos,234
bluesky_post,bluesky,motherluvinchuck.bsky.social,The Buccos are making a Cali road trip that coincides with my birthday next season.,https://bsky.app/profile/did:plc:mx55oiga7ll4fmy6gdr3n5uk/post/3m2seijvpgk2j,2025-10-10T00:01:05.828000+00:00,buccos,83
bluesky_post,bluesky,1992pirates.bsky.social,"HBD 🎂 10/9/1963 former #Pittsburgh #Pirates SS Felix Fermin! Felix played for the #Buccos from 1987-88, hitting .265 in 66 games. Fermin was traded as a PBTNL to Cleveland along with Denny Gonzalez for a PBTNL, which became longtime PIT SS Jay Bell. #LetsGoBucs",https://bsky.app/profile/did:plc:ovoc4kruiyj3o32fhq76yvhg/post/3m2r3hvojb22h,2025-10-09T11:47:00.556000+00:00,buccos,261
bluesky_post,bluesky,jessespector.com,"chicago has the cubbies, pittsburgh has the buccos, so somewhere around toledo, ohio, you should find…",https://bsky.app/profile/did:plc:6aifpf2xnhxtzqhgergp4732/post/3m2prolsenc2n,2025-10-08T23:19:06.460000+00:00,buccos,102
bluesky_post,bluesky,alexjstumpf.bsky.social,Priester to Mears to Quintana. There are Buccos everywhere for those who have eyes to see,https://bsky.app/profile/did:plc:bpai4dydyx5gf367qcircrq5/post/3m2pni5bqek2u,2025-10-08T22:03:53.460000+00:00,buccos,89
bluesky_post,bluesky,1992pirates.bsky.social,HBD 🎂 (10/6/1959) #Pittsburgh #Pirates farmhand Dennis “Oil Can” Boyd! The #Buccos signed the injured Boyd in April of 1992 to a minor league contract. His only appearance was 4 scoreless innings in a 5/11 exhibition between the Bucs & their AA Carolina Mudcats. #LetsGoBucs,https://bsky.app/profile/did:plc:ovoc4kruiyj3o32fhq76yvhg/post/3m2jlel7imc2g,2025-10-06T12:10:10.856000+00:00,buccos,274
bluesky_post,bluesky,1992pirates.bsky.social,"OTD 10/5/1979 #Pittsburgh #Pirates first baseman Willie Stargell is named MVP of the NLCS, leading the Buccos to a 3-0 series sweep of the Cincinnati Reds! Willie would later be named MVP of the World Series and share NL MVP honors with Keith Hernandez. #LetsGoBucs",https://bsky.app/profile/did:plc:ovoc4kruiyj3o32fhq76yvhg/post/3m2ifgesnf223,2025-10-06T00:51:08.258000+00:00,buccos,265
bluesky_post,bluesky,1992pirates.bsky.social,"OTD 10/3/90: After 3 scoreless relief outings, #Pittsburgh #Pirates’ Jerry Reuss makes his final MLB start vs #Mets at Three Rivers Stadium 🏟. Reuss had 2 stints w/the #Buccos: 1974-1978, & a return in September 1990 for his last hurrah in MLB. #LetsGoBucs",https://bsky.app/profile/did:plc:ovoc4kruiyj3o32fhq76yvhg/post/3m2dffctdbs2v,2025-10-04T01:07:17.968000+00:00,buccos,256
bluesky_post,bluesky,binjimang.bsky.social,I can’t watch playoff baseball anymore bc all I see are teams winning with ex-buccos and I get sad…Fuck bob nutting,https://bsky.app/profile/did:plc:6ur3jtvvgezfxabto2xrxxia/post/3m2dabyhz5k27,2025-10-03T23:35:51.657000+00:00,buccos,115
bluesky_post,bluesky,1992pirates.bsky.social,"Remembering #Pittsburgh #Pirates Hall of Fame OF & Mgr Fred Clarke, born OTD (10/3/1872). Clarke has the 8th most WAR (46.8) in club history, played in 1479 games (10th most), & is the winningest #Buccos manager (1422). He also patented flip-down sunglasses 🕶. #LetsGoBucs",https://bsky.app/profile/did:plc:ovoc4kruiyj3o32fhq76yvhg/post/3m2bysv3i4k2y,2025-10-03T11:49:30.965000+00:00,buccos,272
bluesky_post,bluesky,forbesandshea.bsky.social,David Bednar has not looked that good in at least 2 years. 100% tells me that Pirates coaching is what his problem was. Fastball down? Never saw it in a Buccos uni.,https://bsky.app/profile/did:plc:vu5vict5y3tu4lgyfv52pyqt/post/3m26e7y32j226,2025-10-02T01:03:01.450000+00:00,buccos,164
bluesky_post,bluesky,jk4pghpa.bsky.social,Happy Birthday Livvy Dunne. Pittsburgh will miss you when Paul leaves the Buccos.,https://bsky.app/profile/did:plc:zyieutpbwd6xk3r55l65zsl3/post/3m264udad3c2e,2025-10-01T22:51:13.354000+00:00,buccos,81
bluesky_post,bluesky,kristy527.bsky.social,*quietly chants “Cueto” from her porch* Which is all us Buccos fans can reminisce on for a generation.,https://bsky.app/profile/did:plc:2yerowcz56jhd5hguhrubjjg/post/3m2426glbt22t,2025-10-01T02:57:51.554000+00:00,buccos,102
bluesky_post,bluesky,1992pirates.bsky.social,OTD 9/30/1990: #Pittsburgh #Pirates clinch the 1st of 3 straight NL East titles in STL vs. #Cardinals! '90 NL Cy Young winner Doug Drabek throws a CG 3-hit SHO in the 2-0 #Buccos win! Scores of jubilant fans greet the #Bucs at airport! #LetsGoBucs,https://bsky.app/profile/did:plc:ovoc4kruiyj3o32fhq76yvhg/post/3m23ximys5c2y,2025-10-01T02:09:53.655000+00:00,buccos,247
bluesky_post,bluesky,pedroblack42.bsky.social,Right?! The pitching was the best part of the Buccos this year. What gives?!,https://bsky.app/profile/did:plc:24rvqa76cavnacvb45su62kw/post/3m23mybrp3c2j,2025-09-30T23:01:46.549000+00:00,buccos,76
bluesky_post,bluesky,sp2799.bsky.social,Pirates fan here. What is happening with the Buccos pales in comparison to what Manfred/MLB allowed to happen with the Athletics.,https://bsky.app/profile/did:plc:siwvodjroawzbczn5j2moylr/post/3lzyktn7g4k24,2025-09-29T17:45:24.157000+00:00,buccos,129
bluesky_post,bluesky,t-edwards.bsky.social,The Buccos dominated the NL East in the 1970s. World Series champs in 71 and 79,https://bsky.app/profile/did:plc:xaszzyoffhbpzendnuakgxvt/post/3lzyinw6fx22d,2025-09-29T17:06:25.452000+00:00,buccos,79
bluesky_post,bluesky,robotron.blog,"(I don't actually think buccos fans got in his head, I think it's a bit of a coincidence but HOW ELECTRIC IS THAT)",https://bsky.app/profile/did:plc:jhjjbpzofyxjsjz3qiis3i2z/post/3lzyehkyfrs2i,2025-09-29T15:51:14.454000+00:00,buccos,114
bluesky_post,bluesky,truthfordemocracy.bsky.social,"We certainly can't miss Canario, who is such a big part of the future that he started the last game of the year. Things are looking up for the 2026 Buccos.",https://bsky.app/profile/did:plc:gax4ak2v47bwg6gfijwg3ykb/post/3lzybwboogk2s,2025-09-29T15:05:49.757000+00:00,buccos,155
bluesky_post,bluesky,1992pirates.bsky.social,"OTD 9/29/1993: #Pittsburgh #Pirates’ Bob Walk pitches his final MLB game at Three Rivers Stadium 🏟 vs the #Philadelphia #Phillies: 5ip 5h 1er 2bb 3k, picking up his 13th win of the season & the 105th of his career, as #Buccos win 9-1. #LetsGoBucs",https://bsky.app/profile/did:plc:ovoc4kruiyj3o32fhq76yvhg/post/3lzxzkvmmbk2h,2025-09-29T12:36:19.754000+00:00,buccos,246
bluesky_post,bluesky,jeffmcclelland.bsky.social,"In any case, I hope prints are made. The Buccos are a terrible organization, but this should be hanging somewhere in PNC Park.",https://bsky.app/profile/did:plc:gxyjptmmws5lu27ixxps5n2j/post/3lzwrk54zzc2p,2025-09-29T00:40:05.556000+00:00,buccos,126
bluesky_post,bluesky,sweepsmccool.bsky.social,"Until next season, Buccos 🫡",https://bsky.app/profile/did:plc:q6qtgvxn6incmdtf2hisy272/post/3lzwhsha5nk2x,2025-09-28T21:45:43.456000+00:00,buccos,27
bluesky_post,bluesky,pirates.com,Buccos Win ✅ Series Win ✅ Bubba Shines in Hometown ✅,https://bsky.app/profile/did:plc:xtjr2ecuxb6wqjr3jfbwdu3m/post/3lzvj6piots2j,2025-09-28T12:37:50.651000+00:00,buccos,52
bluesky_post,bluesky,pirates.com,Buccos Win ✅ 2 Homer Game for Horwitz ✅ Offense Erupts ✅,https://bsky.app/profile/did:plc:xtjr2ecuxb6wqjr3jfbwdu3m/post/3lzswk74qh22e,2025-09-27T11:58:55.455000+00:00,buccos,56
bluesky_post,bluesky,mikenjd.bsky.social,"Nuts. Not to say the Buccos would have pulled it out eventually, but literally another three inches that's a game-tying homer.",https://bsky.app/profile/did:plc:4n4ucrb7csrztjbhoaustqm4/post/3lzqmmpahic2l,2025-09-26T13:56:00.949000+00:00,buccos,126
bluesky_post,bluesky,heygingersaurus.bsky.social,2025 #Reds Leaderboard: Quality Start Leaders,https://bsky.app/profile/did:plc:5cfyzmpdxw3jsmw45ywf6utq/post/3m2zra57rec2m,2025-10-12T22:37:39.682000+00:00,reds,45
bluesky_post,bluesky,coyotefred.bsky.social,"Between SHOOT THE MOON (from back in the days when I, new to film study, thought Parker and Lynch would divide Hollywood between them) and REDS (which I saw a dozen times before I left high school), this is hard to process; an irreplaceable talent.",https://bsky.app/profile/did:plc:ngjxo4ttejwjtf7enstkaop6/post/3m2zqvbtojc24,2025-10-12T22:31:33.979000+00:00,reds,248
bluesky_post,bluesky,prideofmiotto.bsky.social,"Complemento da sexta rodada da WSL. O Manchester City consegue uma vitória sofrida de virada pra cima do Liverpool em Anfield por 2-1. Cornelia Kapocs abriu o placar para as Reds, mas Iman Beney e Aoba Fujino viraram para as Cityzens.",https://bsky.app/profile/did:plc:uyik24xcmwwymbpdhmggngon/post/3m2zqmzavyk2y,2025-10-12T22:27:00.280000+00:00,reds,234
bluesky_post,bluesky,mattzollerseitz.bsky.social,Another Reds tidbit: bsky.app/profile/matt...,https://bsky.app/profile/did:plc:7jay7nelegipdr7ic2dlumol/post/3m2zqmjogt22u,2025-10-12T22:26:39.281000+00:00,reds,45
bluesky_post,bluesky,robolovejoy.bsky.social,Reds for you.,https://bsky.app/profile/did:plc:salkfofksoaz62t7ccf6gn5x/post/3m2zqiowkgs2q,2025-10-12T22:24:34.181000+00:00,reds,13
bluesky_post,bluesky,mattzollerseitz.bsky.social,"One detail I had in an earlier draft that got cut for flow is, Nicholson came off of The Shining, looking haggard, and 20 pounds overweight. When he got the part in Reds, he worked out, dropped all the weight, got a new haircut and had a neatly trimmed mustache. Like he was preparing for a date.",https://bsky.app/profile/did:plc:7jay7nelegipdr7ic2dlumol/post/3m2zqfqz7k22u,2025-10-12T22:22:52.282000+00:00,reds,296
bluesky_post,bluesky,shotcallajake.bsky.social,"My mom messaged me this morning with pics of my dad's parents' house being on sale. Apparently, the people who bought it 10 years ago did an amazing job renovating it. I have so many good memories of my grandpa and me watching things on TV or listening to the Reds on the radio. Feeling weird.",https://bsky.app/profile/did:plc:czv6wek6msgep4asbppum74c/post/3m2zqd4qyak2q,2025-10-12T22:21:24.583000+00:00,reds,293
bluesky_post,bluesky,jaymarose.bsky.social,"Wasnt playing herself her strength. Watching Reds I kept thinking that she & Beatty seemed to improv, but Nicholson was tight. Thats just amazing. Looking forward to reading it. She had that infectious energy.",https://bsky.app/profile/did:plc:7jndo7z77ixiqk6zvzhmtozz/post/3m2zqbdxk222p,2025-10-12T22:20:24.679000+00:00,reds,209
bluesky_post,bluesky,hoestrummer.bsky.social,Yes! The reds are so rich too. Makes for a beautiful film. Do you? That means a lot to me! I’m having fun watching all the movies.,https://bsky.app/profile/did:plc:hpov7kgnyh6evgrrfezscxrs/post/3m2zqajohy22n,2025-10-12T22:19:56.980000+00:00,reds,130
bluesky_post,bluesky,eucup.bsky.social,Internationals: Gakpo and Van Dijk score as nine Reds feature across weekend https://www.eucup.com/1306751/ ‌ Published 1 hour ago By Chris Shaw and Sam Williams Cody Gakpo and Virgil van Dijk were on the scoresheet for the Netherlands as nine Liverpool players featured in international matches …,https://bsky.app/profile/did:plc:krzqpw2au456rmdjokb67ujg/post/3m2zoeoiqw42l,2025-10-12T21:46:28.782000+00:00,reds,297
bluesky_post,bluesky,bigblocks.bsky.social,I need a jumpsuit with tassles a cherry red El Camino a carton of marb reds and pfunk on the 8track pronto buddy lets go,https://bsky.app/profile/did:plc:vgyxvdyhg2y3lfmvzhfhlbq3/post/3m2zo6zz25s2q,2025-10-12T21:43:19.480000+00:00,reds,120
bluesky_post,bluesky,rawmlb.bsky.social,Nick Lodolo could dominate Reds trade rumors for reasons that make no sense https://www.rawchili.com/mlb/376635/ The Cincinnati Reds are going to have to find ways to add some thump to the lineup this…,https://bsky.app/profile/did:plc:lgxwokjfnegutejxknkdpqwj/post/3m2znzlt2b32f,2025-10-12T21:40:16.678000+00:00,reds,201
bluesky_post,bluesky,talk-football.com,"🏴󠁧󠁢󠁥󠁮󠁧󠁿⚽🏆 Fujino Seals Comeback as City Beat Liverpool 2-1 Fujino’s late strike denied Gareth Taylor his first WSL point with Liverpool. Kapocs gave the Reds the lead, Beney equalised, and Fujino clinched it. Bonner’s stoppage-time goal was ruled offside.",https://bsky.app/profile/did:plc:b3xtldmr56dd6ngipwb45jdw/post/3m2znukhbr22u,2025-10-12T21:37:31.580000+00:00,reds,255
bluesky_post,bluesky,thelolgic.bsky.social,"Diane Keaton (1946 - 2025) - Oscar winner for Annie Hall; unforgettable in The Godfather, Reds, Father of the Bride, The First Wives Club. AFI Life Achievement (2017). A singular voice, laugh, and style. 🤍 #dianekeaton #RIP #anniehall #thegodfather #hollywood #FilmLegend #StyleIcon #TheLolgic",https://bsky.app/profile/did:plc:gkgndl5mhs2amrfz6t55p5oh/post/3m2znpwy6zc2n,2025-10-12T21:35:00.885000+00:00,reds,293
bluesky_post,bluesky,mantabluray.bsky.social,Diane Keaton is probably THE actress I associate with 70s-early 80s American films. She just radiates charm whether it's a drama like Godfather/Reds or a comedy like Annie Hall. RIP.,https://bsky.app/profile/did:plc:eyrgpsjkbyatmo6q7ul5tv3v/post/3m2znmltjak2k,2025-10-12T21:33:00.088000+00:00,reds,182
bluesky_post,bluesky,walkingumchewer.bsky.social,Went right to the godfather movies. Thinking of Reds.,https://bsky.app/profile/did:plc:indxnfkw47rfhq276boprpuo/post/3m2zngyqknc2u,2025-10-12T21:29:53.077000+00:00,reds,53
bluesky_post,bluesky,nymag.com,"For over five decades, cinema bent itself around the late actress Diane Keaton’s profoundly original image in movies like Annie Hall, Reds, Father of the Bride, and Something’s Gotta Give. And it will continue to do so long after her death.",https://bsky.app/profile/did:plc:wwbpna4jtw66gj6c3pksbiad/post/3m2zn72zujg2y,2025-10-12T21:25:27.283000+00:00,reds,240
bluesky_post,bluesky,eurocup.bsky.social,Internationals: Gakpo and Van Dijk score as nine Reds feature across weekend https://www.eucup.com/1306751/ ‌ Published 1 hour ago By Chris Shaw and Sam Williams Cody Gakpo and Virgil van Dijk were on the scoresheet for the Netherlands as nine Liverpool players featured in international matches …,https://bsky.app/profile/did:plc:qk3fxv4s4ifs5fbgh4odv3b7/post/3m2zn3f3eky26,2025-10-12T21:23:23.077000+00:00,reds,297
bluesky_post,bluesky,dlh-cda.bsky.social,"In early fall, reds dominate, here come the yellows. #Autumn2025 #montreal 🇨🇦",https://bsky.app/profile/did:plc:zp3p5ae3xw47oqqr4ydc5wvs/post/3m2zmx2bd3c22,2025-10-12T21:21:00.186000+00:00,reds,77
bluesky_post,bluesky,unofficialnewsni.bsky.social,Glentoran defeat Reds to reclaim Premiership title [ From BBC News NI ],https://bsky.app/profile/did:plc:5i2e3trzmw7sbspwvcpxsqdi/post/3m2zmbiil4p27,2025-10-12T21:08:54.181000+00:00,reds,71
bluesky_post,bluesky,revbug.bsky.social,We’ve a Mutt variety from the feed store that are Nearly 6mos. (We got them when the raccoons got all of our barred rock hens- we only have a Roo from that hatching). We also got a clutch of ride island reds that are 4-5 mos.,https://bsky.app/profile/did:plc:joiyb73rea7fsily56slbgxc/post/3m2zlx63e6k2n,2025-10-12T21:03:10.885000+00:00,reds,225
bluesky_post,bluesky,rawmlb.bsky.social,Reds RHP Nick Martinez Loses No-hit Bid To Pinch Hitter In the 9th Inning https://www.rawchili.com/mlb/376585/ Cincinnati Reds right-hander Nick Martinez had a no-hitter through eight innings of Friday night’s game against the San…,https://bsky.app/profile/did:plc:lgxwokjfnegutejxknkdpqwj/post/3m2zls7ubui26,2025-10-12T21:00:21.981000+00:00,reds,231
bluesky_post,bluesky,historyonfilm.bsky.social,"Honestly, as great as Warren and Jack were in that movie, there is a reason why I started our ""REDS"" episode with her courtroom scene. One of my favorite of our episodes, about one of my favorite movies (And I got to meet Dr. Rosenstone!) shows.acast.com/the-history-...",https://bsky.app/profile/did:plc:3roau54tu6m7tvpyuo5urpqz/post/3m2zlfcaugc2y,2025-10-12T20:53:04.080000+00:00,reds,270
bluesky_post,bluesky,defjeff.bsky.social,"On the winter reds. Aye, I know, those wires need tidying up.",https://bsky.app/profile/did:plc:5hklrr3pcsvj3dcctrnyr4xv/post/3m2zlccypfs2s,2025-10-12T20:51:33.585000+00:00,reds,61
bluesky_post,bluesky,tvpworld.bsky.social,"Poland's 2026 World Cup hopes are still alive as the White and Reds beat Lithuania away, which brings them to the verge of securing the play-off spot.",https://bsky.app/profile/did:plc:ml6kkoa6cedlznz72k7fmhmx/post/3m2zl42motk2n,2025-10-12T20:48:02.983000+00:00,reds,150
bluesky_post,bluesky,apollogeese.bsky.social,Yankees missed the real prize 😔,https://bsky.app/profile/did:plc:5jyepdh6pog6t3htixwj3sck/post/3m2zr24nqs224,2025-10-12T22:34:17.579000+00:00,Yankees,31
bluesky_post,bluesky,gregaalberts.bsky.social,"LMAO - you think they aren’t connected? And if it wasn’t for the Yankees, Israel wouldn’t have resources to do it all. Think the Scots are paying that much or is this just you taking an ignorant piss? But I’m sure you sit in pubs all day and hate on any non-Scot but yet voted against separation",https://bsky.app/profile/did:plc:27urwji6qustbdrix2f6pwt4/post/3m2zqt5e7ks26,2025-10-12T22:30:21.482000+00:00,Yankees,295
bluesky_post,bluesky,dmfox.bsky.social,"Barrow managed Babe Ruth while with the Red Sox, them helped bring Ruth to New York when he was named general manager of the Yankees. Barrow was to become the architect of the Yankees’ first dynasty. He’s also the only Hall of Famer to have been born in a covered wagon. /3",https://bsky.app/profile/did:plc:vl4qgfnfkmqibxma6ipwfusu/post/3m2zq7xcpf22s,2025-10-12T22:19:37.381000+00:00,Yankees,273
bluesky_post,bluesky,librariman.bsky.social,"still mad about this. considering yankees fans were throwing cans and garbage at vladdys family at the end of game 4, I'm assuming this is their work too",https://bsky.app/profile/did:plc:jljg6g3mvztyeledpznaub4y/post/3m2zq25kz5c2w,2025-10-12T22:16:21.980000+00:00,Yankees,153
bluesky_post,bluesky,bobbby.online,"Growing up a browns fan and transitioning to New York football has really sealed the deal of my interest now lying in the garden, and the Mets (I was honestly with the Yankees cuz winning is fun and Jace took me to games but swore off after the Kirk memorial)",https://bsky.app/profile/did:plc:6e6n5nhhy7s2zqr7wx4s6p52/post/3m2zpvfhgh22u,2025-10-12T22:13:43.183000+00:00,Yankees,259
bluesky_post,bluesky,thefwordnb.bsky.social,Fuck the Yankees (fans),https://bsky.app/profile/did:plc:l7zwg5onozdwgpgujxqbsina/post/3m2zpss27fs24,2025-10-12T22:12:16.586000+00:00,Yankees,23
bluesky_post,bluesky,scibri.com,"🎶Bring on the White Sox. Bring on the BoSox. Bring on the Angels, the Rangers, and the Yankees too. We'll beat the [Guardians]. We'll beat the Tigers. We'll beat the A's so bad it'll make Billy Blue. Whaddya want? Let's play ball.🎶",https://bsky.app/profile/did:plc:tsyxapgfvxc3mtm7xfhbpqsg/post/3m2zppjjuu22m,2025-10-12T22:10:25.082000+00:00,Yankees,231
bluesky_post,bluesky,violetbrown.bsky.social,I guess I shouldn't be surprised by anything a Yankees fan does,https://bsky.app/profile/did:plc:uq6kgihf775qiivwexfxl65b/post/3m2zpld7woc2f,2025-10-12T22:08:05.881000+00:00,Yankees,63
bluesky_post,bluesky,acidrefluxus.bsky.social,"They don’t even have authentic Australian cuisine on their menu. Wtf? That’d be like a restaurant called “Yankees” in America, except they only serve moo shu pork.",https://bsky.app/profile/did:plc:ukvkcogkqj5qivyfvet4hc2p/post/3m2zpj3o76s2z,2025-10-12T22:06:50.292000+00:00,Yankees,163
bluesky_post,bluesky,rawmlb.bsky.social,Time for New York Yankees to Promote Spencer Jones? https://www.rawchili.com/mlb/376655/ The New York Yankees are facing a dilemma this offseason. With star outfielders Cody Bellinger and Trent Grisham…,https://bsky.app/profile/did:plc:lgxwokjfnegutejxknkdpqwj/post/3m2zp5roraq26,2025-10-12T22:00:30.884000+00:00,Yankees,202
bluesky_post,bluesky,painting-corners.bsky.social,"ALDS was battle of the bad bullpens w Yankees vs Jays. This time around, TOR won't face a group with a 6.15 ERA, they will find themselves as controllers of their destiny in late games this week. The Mariners need to limit their K's & get to the Jays pen. SEA needs to hit homers or else",https://bsky.app/profile/did:plc:z5jnk3bow2qaudvedbgq4ws6/post/3m2zoqgmt6x2g,2025-10-12T21:53:03.383000+00:00,Yankees,287
bluesky_post,bluesky,lesleynope.bsky.social,Yankees fans threw beer cans at Vladdy’s family too. The worst of humanity is just fucking brutal.,https://bsky.app/profile/did:plc:3h6zcbkrqnruzgi2yva43jdt/post/3m2zodfeefk2m,2025-10-12T21:45:45.478000+00:00,Yankees,98
bluesky_post,bluesky,204queenb0574.bsky.social,The song isn't the national anthem and you're not expected to stand. The only sports franchise who even plays it are the Yankees. It was written by an immigrant. Some are so freaking ignorant.,https://bsky.app/profile/did:plc:te462bca74usoq54377m3mcl/post/3m2zod5kvy22o,2025-10-12T21:45:37.584000+00:00,Yankees,192
bluesky_post,bluesky,jonnywakefield.bsky.social,"Also a famous, generational Yankees hater!",https://bsky.app/profile/did:plc:eheb3fp5ayjufkb6j46eg2qw/post/3m2zocatqvc2f,2025-10-12T21:45:07.180000+00:00,Yankees,42
bluesky_post,bluesky,bombastoid.bsky.social,Yankees fans are the worst.,https://bsky.app/profile/did:plc:rxvbwve2vyd6fblz6rd6bch7/post/3m2znv2kyos2f,2025-10-12T21:37:44.284000+00:00,Yankees,27
bluesky_post,bluesky,mjmoser.bsky.social,Art VanDelay sounds suspiciously like a Yankees fan. Yankees employee even.,https://bsky.app/profile/did:plc:pviiiighdbedgkeruzh7376m/post/3m2znkr3ttc2u,2025-10-12T21:31:59.078000+00:00,Yankees,75
bluesky_post,bluesky,rawmlb.bsky.social,"Blue Jays Yankees Baseball – The Pantagraph https://www.rawchili.com/mlb/376608/ Blue Jays Yankees Baseball The PantagraphBichette not on ALCS roster; Scherzer, Bassitt added MLB.comNo Bo Bichette, but Blue Jays add…",https://bsky.app/profile/did:plc:lgxwokjfnegutejxknkdpqwj/post/3m2zmx2lhap2c,2025-10-12T21:20:57.976000+00:00,Yankees,216
bluesky_post,bluesky,rawmlb.bsky.social,"Suzyn Waldman might’ve just confirmed Aaron Boone is the problem with the Yankees https://www.rawchili.com/mlb/376614/ For years, New York Yankees fans have often wondered how much of Aaron Boone’s decisions are actually his,…",https://bsky.app/profile/did:plc:lgxwokjfnegutejxknkdpqwj/post/3m2zmwqc3mq2l,2025-10-12T21:20:47.182000+00:00,Yankees,226
bluesky_post,bluesky,traceeo.bsky.social,Has to be the gamblers who bet against him. or Yankees fans,https://bsky.app/profile/did:plc:omletnclb7uwlv3xpvqybbx4/post/3m2zmtmd33s2i,2025-10-12T21:19:05.902000+00:00,Yankees,59
bluesky_post,bluesky,natepatrin.bsky.social,"heard an incredible anecdote/joke today: guy spots another guy wearing a Yankees hat. ""Nice hat,"" the first guy says. ""That stand for Neil Young?"" The guy in the hat is a little thrown, but: ""It's a Yankees hat. It stands for New York."" The first guy scowls: ""what do you have against Neil Young?""",https://bsky.app/profile/did:plc:z6canslbf7y5qhkyb5zmzk2u/post/3m2zmqpmncs22,2025-10-12T21:17:25.282000+00:00,Yankees,297
bluesky_post,bluesky,bikenwhisky.bsky.social,I am hoping that the reference is to NYY fans. Because the world needs another reason to hate the Yankees.,https://bsky.app/profile/did:plc:mxaklaubyukwtv5inh4acbgx/post/3m2zmpqaji22l,2025-10-12T21:16:49.883000+00:00,Yankees,106
bluesky_post,bluesky,nitos.bsky.social,"Unqrf, jub jnf qverpgyl nohfrq ol uvz naq raqrq hc vaurevgvat uvf fuvg guebhtu trarengvbany genhzr fvgf gurer naq fnlf ""anu jr nyy qvq guvf gb rnpubgure"" OVGPU JUNG! Yrtvg vafhygvat ceb-nohfr fuvg, ubj qvq gurl guvax guvf jnf bx? Yrg nybar jbegu ebyyvat perqvgf ba, fb zhpu ohvyqhc sbe guvf",https://bsky.app/profile/did:plc:de4bkylfzoysly6hvtxmii74/post/3m2znzymtbk2p,2025-10-12T21:40:29.778000+00:00,NYY,290
bluesky_post,bluesky,nitos.bsky.social,"Naq gb znxr vg ""jbex"" fgevc Zry bs nyy aneengvir ntrapl, unir n Mnterhf jub qvqa'g yvir nal bs vg qral ure srryvatf naq yvsrybat dhrfg naq pnyy ure n ybfre. ""Iratrapr onq!, ybbx lbhe tenaqcn pna gryy lbh fgbevrf bs gur jne, fb avpr!""",https://bsky.app/profile/did:plc:de4bkylfzoysly6hvtxmii74/post/3m2znv46yqs2p,2025-10-12T21:37:45.681000+00:00,NYY,233
bluesky_post,bluesky,nitos.bsky.social,"Hades 2 rot13 Fgvyy erryvat sebz ubj nsgre nyy gur genafterffvbaf naq nohfr Puebabf vasyvpgrq ba uvf snzvyl, n yvgreny snfpvfg pbhc q'rgng, gurl unq gur onyyf gb unir gur raqvat or ""yrg'f vzntvar n jbeyq jurer abar bs gung unccrarq gub, qba'g lbh srry onq abj?",https://bsky.app/profile/did:plc:de4bkylfzoysly6hvtxmii74/post/3m2znpj4nns2p,2025-10-12T21:34:37.777000+00:00,NYY,260
bluesky_post,bluesky,zerban.bsky.social,It's genuinely more Silent Hill than Silent Hill because vg npghnyyl erpbapvyrf gur FU2 'nyy va yr urnq' naq FU1+3 'phygf naq tbqf' fuvg va n fngvfslvat znaare,https://bsky.app/profile/did:plc:wgx7vn3vxdfvjxbw7qpgcurw/post/3m2zmcmmo322i,2025-10-12T21:09:32.288000+00:00,NYY,159
bluesky_post,bluesky,remembersomeguys.bsky.social,Charles Hudson Pitcher Debut: 1983 - Retired: 1989 DET - NYY - PHI,https://bsky.app/profile/did:plc:bpliuzjiw2r7q4gr4hnmtrnc/post/3m2zhvpads22e,2025-10-12T19:50:43.282000+00:00,NYY,66
bluesky_post,bluesky,remembersomeguys.bsky.social,Dion James LF-CF Debut: 1983 - Retired: 1996 CLE - ATL - NYY - MIL,https://bsky.app/profile/did:plc:bpliuzjiw2r7q4gr4hnmtrnc/post/3m2zb74557g2m,2025-10-12T17:50:42.588000+00:00,NYY,66
bluesky_post,bluesky,arsoreon.bsky.social,vg'f fb uvynevbhfyl haarprffnel gbb orpnhfr nyy vg qbrf vf trg evq bs ohssf gung qvqa'g arrq gb rkvfg orpnhfr gur obff cebprrqf gb erfrg gur svtug yvxr 5 gvzrf. V'q cebonoyl or xvaqre nobhg vg vs fhfnabb npghnyyl fubjrq hc gb uryc ng yrnfg,https://bsky.app/profile/did:plc:2kvmju34uiy7rkuj7b6hvygu/post/3m2z7zefixc27,2025-10-12T17:29:40.982000+00:00,NYY,239
bluesky_post,bluesky,callisonghost.bsky.social,"Saw a guy wearing a Phillies hat in my local Trader Joe’s, which is just above border dividing PHL and NYY/NYM fandom. He looked at my hoodie, smiled and said, “Throw to first.” I pointed to my right. We understood each other perfectly. Healing continues.",https://bsky.app/profile/did:plc:ts2agsunmposhjaqop2oh26o/post/3m2z2thwnrc2k,2025-10-12T15:56:50.287000+00:00,NYY,255
bluesky_post,bluesky,junkcardboggs.bsky.social,"A backup catcher with limited service for MIL (48 games), MON (20), and NYY (3), Tim McIntosh nevertheless played some of six MLB seasons. His 1991 avg was .364 in 11 ABs, rocking a 2B and HR. 91 Fleer Ultra brings another silly catcher photo example. You can almost hear McIntosh shouting “oopsie!”",https://bsky.app/profile/did:plc:4qt5n23sqahalsgnnklrauf7/post/3m2yx3vrfit2n,2025-10-12T14:49:58.478000+00:00,NYY,299
bluesky_post,bluesky,rhosetintedcheeks.bsky.social,"The Phillies outbid the Dodgers for Yamamoto. He took LESS money to go to LA. I don't know how any non-west coast team signs a Japanese player unless they have a legacy connection to the Japanese market (NYY, Red Sox, Rangers to a lesser extent).",https://bsky.app/profile/did:plc:vxyosxx4rka2o3xzqnzxbfqf/post/3m2ywyrlavk2q,2025-10-12T14:48:11.081000+00:00,NYY,246
bluesky_post,bluesky,carcelmousineau.bsky.social,"I would drop Bruihl and add Bassitt. I would drop IKF for Lopefido because just like they wanted more lefty arms against NYY, they need lefty bats against Seattle.",https://bsky.app/profile/did:plc:x475leqwn2hahjrwav5kdhke/post/3m2yr2sv7qs2a,2025-10-12T13:01:58.880000+00:00,NYY,163
bluesky_post,bluesky,ridillsword.bsky.social,MAJOR ZA SPOILERS jung qb lbh zrna obgu bs zl snibevgr cbxrzba bs nyy gvzr ner trggvat zrtn ribff gur shpx gur shpx gur shpx,https://bsky.app/profile/did:plc:eqescnrhxfsfel6yfjo6kpxa/post/3m2yohslg522x,2025-10-12T12:15:32.082000+00:00,NYY,124
bluesky_post,bluesky,kjbass.bsky.social,"Daily Walkoff ⚾ #408 25 for 30 Swings: 75 🚀1️⃣: BAL, BOS, HOU, KC, MIA, NYM 🚀2️⃣: ATL, CWS, DET, NYY, PHI, SEA 🚀3️⃣: AZ, MIN, OAK, SF, TEX 🚀4️⃣: CHC, PIT, TOR 🚀5️⃣: CIN, CLE, SD 🚀6️⃣+: WSH 🚀6️⃣+: STL ⚫: COL, LAA, LAD, MIL, TB dailywalkoff.com",https://bsky.app/profile/did:plc:w77dhwju4mcfpdu2tf5ggkm7/post/3m2yh3x7ehk2p,2025-10-12T10:03:40.277000+00:00,NYY,242
bluesky_post,bluesky,remembersomeguys.bsky.social,John Montefusco Pitcher Debut: 1974 - Retired: 1986 SFG - SDP - NYY - ATL,https://bsky.app/profile/did:plc:bpliuzjiw2r7q4gr4hnmtrnc/post/3m2yget5mdf2v,2025-10-12T09:50:43.684000+00:00,NYY,73
bluesky_post,bluesky,remembersomeguys.bsky.social,Bob Ojeda Pitcher Debut: 1980 - Retired: 1994 BOS - CLE - NYM - LAD - NYY,https://bsky.app/profile/did:plc:bpliuzjiw2r7q4gr4hnmtrnc/post/3m2xyxo7jrc2h,2025-10-12T05:50:43.478000+00:00,NYY,73
bluesky_post,bluesky,kanonbean.bsky.social,"#shfplaythru vg znxrf frafr gbb, vs lbh pbafvqre nyy raqvatf orfvqrf gur 1fg bar erdhver uvanxb Abg gnxvat nal erq pncfhyrf. Rirel cynlgueh lbh qb jvgu uvanxb urycf ure erpbire sebz fhofgnapr nohfr.",https://bsky.app/profile/did:plc:5ynwrvcyduqheu6cm2trzj3y/post/3m2xvqanmjk2e,2025-10-12T04:52:52.915000+00:00,NYY,198
bluesky_post,bluesky,gmkz.moe,yvxr lrnu v trg gur ubeebe nfcrpg ohg UBJ PNA LBH VAGEBQHPR GRAGNPYRF BA N YBIR VAGRERFG NAQ ABG UNIR NAL FRKL FPRARF JVGU GURZ NG NYY,https://bsky.app/profile/did:plc:3rvokrkr2vsnnfagel3kl7hl/post/3m2xtrap3mc2b,2025-10-12T04:17:39.381000+00:00,NYY,134
bluesky_post,bluesky,lexi-noodlearts.bsky.social,all i can say is that this looked cooler and funnier in my head inspired by ketsal's posts #svsss #BRart,https://bsky.app/profile/did:plc:4664cfo5lza4tol5wpmo5vnf/post/3m2xkptphns25,2025-10-12T01:36:29.882000+00:00,NYY,104
bluesky_post,bluesky,3randolettrs.bsky.social,Nyy,https://bsky.app/profile/did:plc:ny55domsklqjbculmnlalzqs/post/3m2xdoyitrx2m,2025-10-11T23:30:04.681000+00:00,NYY,3
bluesky_post,bluesky,remembersomeguys.bsky.social,Matt Keough Pitcher Debut: 1977 - Retired: 1986 OAK - HOU - CHC - NYY - STL,https://bsky.app/profile/did:plc:bpliuzjiw2r7q4gr4hnmtrnc/post/3m2x65dp72y2c,2025-10-11T21:50:42.684000+00:00,NYY,75
bluesky_post,bluesky,dynastyinfo411.bsky.social,2026 Outfield Redraft Rankings 1. Aaron Judge (NYY) 2. Juan Soto (NYM) 3. Ronald Acuña (ATL) 4. Kyle Schwarber (PHI) 5. Corbin Carroll (ARI) 6-100 rankings are available at the link in my bio,https://bsky.app/profile/did:plc:nsov45irngd2ljofwcmhrkaw/post/3m2x46btrls2m,2025-10-11T21:15:27.186000+00:00,NYY,191
bluesky_post,bluesky,starrymirai.moe,"Ohg gung'f abg gur fgeratgu Tnezbaq vf ersreevat gb, fur UNF tebja fgebat va ure gvzr va Cuneybbz, naq vgf abguvat gb qb jvgu n n ohapu bs zrgebvqinavn gevaxrgf naq tbq cbjref, vgf ure urneg, vgf nyy gur crbcyr fur'f yrg punatr ure, shpx, shpx, guvf shpxvat ivqrb tnzr vf tbaan or gur raq bs zr",https://bsky.app/profile/did:plc:zh6b6f7na52pmks6vwypstww/post/3m2ww4gj4pk26,2025-10-11T19:27:05.556000+00:00,NYY,294
bluesky_post,bluesky,starrymirai.moe,"Ohg jura fur'f pbasebagvat Tnezbaq ng gur raq, lbh pna gryy, vgf whfg ure, fcrnxvat sebz gur urneg. ""Fve xavtug, V nz fbeel..."" Shpx, gur jrvtug naq thvyg bs vg nyy, fur'f gb oynzr sbe gur ibvq guernqf. Naq tnezbaq'f whfg yvxr ""lbh qvq jryy xvq, jbeel abg, V'z cebhq bs lbh""",https://bsky.app/profile/did:plc:zh6b6f7na52pmks6vwypstww/post/3m2ww4gj3qb26,2025-10-11T19:27:05.514000+00:00,NYY,274
bluesky_post,bluesky,starrymirai.moe,"Ol gur gvzr Ubearg vf pbaprearq gurl'er chfuvat gurzfryirf gbb zhpu *V* jnf guvaxvat gur rknpg fnzr guvat, gur Npg 3 fgnxrf ner whfg gung uvtu naq Tnezbaq vf gbb byq, gur shaal cneg bs uvf punenpgre orpbzrf yrff shaal va gur snpr bs vg nyy",https://bsky.app/profile/did:plc:zh6b6f7na52pmks6vwypstww/post/3m2ww4gj2qu26,2025-10-11T19:27:05.391000+00:00,NYY,239
bluesky_post,bluesky,rawmlb.bsky.social,Yankees free agent can fit multiple fingers on the NY Mets roster glove https://www.rawchili.com/mlb/376256/ The New York Mets have a couple of holes to fill in their lineup this offseason. Center field…,https://bsky.app/profile/did:plc:lgxwokjfnegutejxknkdpqwj/post/3m2z5blvz4v2y,2025-10-12T16:40:31.286000+00:00,NY Yankees,203
bluesky_post,bluesky,chrisswartout.bsky.social,You be you. I live in NY and hate the Yankees more than any team in baseball.,https://bsky.app/profile/did:plc:trflneaok3qt6ufz2stcjwgk/post/3m2xkrbm5pc2j,2025-10-12T01:36:36.782000+00:00,NY Yankees,77
bluesky_post,bluesky,doomfan1.bsky.social,I literally can't stop laughing at the top of the page 😭,https://bsky.app/profile/did:plc:m6btmipgvnjsjcumrtzzjv6h/post/3m2xiwpnypk2l,2025-10-12T01:03:57.385000+00:00,NY Yankees,56
bluesky_post,bluesky,rawmlb.bsky.social,"Forget about Kyle Tucker, Ketel Marte is the blockbuster deal the Yankees should pursue. https://www.rawchili.com/4592792/ First things first, the Yankees need to re-sign Cody Bellinger. He loves playing in NY, his swing is…",https://bsky.app/profile/did:plc:lgxwokjfnegutejxknkdpqwj/post/3m2xiq77ism2f,2025-10-12T01:00:13.886000+00:00,NY Yankees,224
bluesky_post,bluesky,dingbat1477.bsky.social,And NY Yankees as well. And cops,https://bsky.app/profile/did:plc:wlf4i6jwstheknrpz64k4zon/post/3m2xhwevxqs2p,2025-10-12T00:45:46.983000+00:00,NY Yankees,32
bluesky_post,bluesky,ny-news.bsky.social,"New York Yankees Already Made Decision at First Base? https://www.europesays.com/us/295801/ The New York Yankees may be looking for a younger option within their infield, and could even turn…#ny #nyc #newyork #nynews #nycnews #newyorknews #us #news #usnews",https://bsky.app/profile/did:plc:tbi63v3dj3hjiq457imbgels/post/3m2xd6x626g2y,2025-10-11T23:21:05.582000+00:00,NY Yankees,256
bluesky_post,bluesky,rahaeli.bsky.social,"It's kinda like how, when the Orioles are playing the Yankees (baseball) and there is Conflict in the stands because it's WAY cheaper for Yankees fans from NY to come down to Baltimore than go to a home game, all you have to do to stop the fighting is start a chant of ""Red Sox suck""",https://bsky.app/profile/did:plc:ocsbmyulc2grbq3esflddyj6/post/3m2wzhu6dp22b,2025-10-11T20:27:07.081000+00:00,NY Yankees,283
bluesky_post,bluesky,newworldnewnews.bsky.social,"October 10, 1926, the St. Louis Cardinals Defeated the NY Yankees in Game 7 to Win the World Series Babe Ruth was caught trying to steal 2nd base in what was the Last play of the series",https://bsky.app/profile/did:plc:g5ypjokk2rey7opte27y725y/post/3m2wqijqtsk2k,2025-10-11T17:46:24.581000+00:00,NY Yankees,185
bluesky_post,bluesky,goodifitgoes.bsky.social,Connections: Sports Edition Puzzle #383 🟡🟡🟡🟡 🟣🟢🔵🟢 🟢🔵🔵🟢 🟣🔵🟣🟣 🟣🟣🔵🟣 ⚾💥,https://bsky.app/profile/did:plc:6t6vdkdtsu2ktffzdydkymey/post/3m2wnxtutxk2n,2025-10-11T17:01:21.283000+00:00,NY Yankees,67
bluesky_post,bluesky,psychprof85.bsky.social,"The whiplash from ""Yankees embarrass themselves in the playoffs"" to ""Giants are fun on primetime TV"" was a great 1-2 punch for NY Sports-Sky",https://bsky.app/profile/did:plc:mh45fctn3kx6wyyz5lqxorfj/post/3m2w2bs5lks2a,2025-10-11T11:08:58.183000+00:00,NY Yankees,140
bluesky_post,bluesky,beastquake.bsky.social,MLB Playoffs NY Yankees ❌ Detroit Tigers ❌ #ETTD,https://bsky.app/profile/did:plc:ijvd34uom6iun42nmfujt34x/post/3m2vvrs3dis2k,2025-10-11T09:48:29.481000+00:00,NY Yankees,48
bluesky_post,bluesky,citywide45.bsky.social,Too bad this turd couldn't pitchblike this when he was in NY. #Yankees youtube.com/shorts/mP12X...,https://bsky.app/profile/did:plc:zz3i4cml3dnjiwpap7sy3lgw/post/3m2v5byyxxs2z,2025-10-11T02:30:07.884000+00:00,NY Yankees,98
bluesky_post,bluesky,puckacab.bsky.social,"There’s 3 sports teams I hate more than anything. Yankees, NY Rangers, UofM",https://bsky.app/profile/did:plc:bw6odo2ww4fmfieykhmacnaf/post/3m2uzkkzf4s2e,2025-10-11T01:23:18.781000+00:00,NY Yankees,75
bluesky_post,bluesky,rawmlb.bsky.social,"Chicago White Sox 2 – New York Yankees 3: Final score, results, recap, box score, stats https://www.rawchili.com/mlb/373447/ Shop Team GearSee more Chi White Sox NY Yankees $149.99 Chicago White Sox Bowling Ball $24.74 Gray Chicago…",https://bsky.app/profile/did:plc:lgxwokjfnegutejxknkdpqwj/post/3m2uqi663am2f,2025-10-10T22:40:54.680000+00:00,NY Yankees,232
bluesky_post,bluesky,yankeenp.bsky.social,The NY Yankees may be eliminated - but our candidates in the 2025 local elections certainly aren't! Visit their websites to learn more today: www.voteforpeterhsu.com www.zionforcambridge.com randyis.online www.joshuasteelekelly.com/bof.html @newyorkyankeestem.bsky.social,https://bsky.app/profile/did:plc:o3onl74hydcnkybhbvqngz3p/post/3m2u5jirfvs2b,2025-10-10T17:01:39.481000+00:00,NY Yankees,271
bluesky_post,bluesky,cardinalchronicles.bsky.social,"Pete Mikkelsen (b 1939 in Staten Island NY- d. 2006 Mabton WA) Signed to #Yankees in 1958, made #MLB debut in 1964. Played for several teams. Pitched 5 games with #Cardinals in 68. Traded to #Dodgers in 69 and was there until retiring in 72. #Baseball #Topps #cards #pirates #cubs",https://bsky.app/profile/did:plc:oqwyl2kt4sw53ea2fanziihi/post/3m2tztniopc2k,2025-10-10T15:55:44.882000+00:00,NY Yankees,280
bluesky_post,bluesky,rawmlb.bsky.social,"1 NY Mets habit Brian Cashman should learn, 1 Yankees habit for David Stearns to copy https://www.rawchili.com/mlb/372837/ At the outset of the 2025 season, both the New York Mets and the New York Yankees had…",https://bsky.app/profile/did:plc:lgxwokjfnegutejxknkdpqwj/post/3m2tyxw6an72l,2025-10-10T15:40:13.382000+00:00,NY Yankees,209
bluesky_post,bluesky,nycgeo.bsky.social,"Today I'll be honoring the NY Yankees with a Championship Trophy! We all know they are the best team, so they rightfully deserve the trophy. Thanks for your attention to this matter!",https://bsky.app/profile/did:plc:uvwtr5xc2tmfepbeog2fgndy/post/3m2tvv4x7rc2d,2025-10-10T14:44:58.183000+00:00,NY Yankees,182
bluesky_post,bluesky,hawkheart.bsky.social,"Francine, I get your not a fan of that stupid drama, me either, but The Yankees only had Soto for 1 year,& he was traded for. Pete's been a loyal player since 2019 home grown, those numbers he puts up are real. Not everyone can play in NY & he loves NY. Believe me It's rare & special",https://bsky.app/profile/did:plc:o4hakvcj7tyvjwyq2f5xkbu2/post/3m2tdmcfpi225,2025-10-10T09:17:54.982000+00:00,NY Yankees,284
bluesky_post,bluesky,astrowright.bsky.social,"I have never lived in LA or NY, so Dodgers-Yankees does nothing for me. That and the fact that they have both won so many times, so recently, and have such a high payroll makes that potential series basically dead last in my personal Calculus.",https://bsky.app/profile/did:plc:43ku4dc2gtcryj3hdf465ang/post/3m2staymlv225,2025-10-10T04:25:15.382000+00:00,NY Yankees,243
bluesky_post,bluesky,rawmlb.bsky.social,"Toronto Blue Jays eliminate NY Yankees, reach first ALCS since 2016 https://www.rawchili.com/mlb/371877/ The GIST: Pop those bottles and queue up Frank Sinatra — the Toronto Blue Jays are heading to…",https://bsky.app/profile/did:plc:lgxwokjfnegutejxknkdpqwj/post/3m2sl5p7eu52k,2025-10-10T02:00:15.185000+00:00,NY Yankees,199
bluesky_post,bluesky,melindamosheim.bsky.social,"i think Bluejays are the Canadian team, no? Toronto Blue Jays v NY Yankees...Toronto won...some playoff divisional game for world series...So yah...Canada won that too!",https://bsky.app/profile/did:plc:qei5uz2wtsilvtuo6nmoufai/post/3m2s7wqadus2g,2025-10-09T22:39:31.391000+00:00,NY Yankees,168
bluesky_post,bluesky,kristofarian.bsky.social,well Hopefully C. Bonespurs won't be sending in and we can win this thing the (Not-Bronx) Bombers Fair and Square but if they're All GREAT Games & if it goes to 7 then we'll've gotten our Money's Worth Good Luck!,https://bsky.app/profile/did:plc:vl4qvf5jmnkj7i54fd5ru5cn/post/3m2vlwscus22e,2025-10-11T06:52:17.179000+00:00,Bronx Bombers,212
bluesky_post,bluesky,bluesky.awakari.com,“Despicable behavior by Yankee fans!” - Fans tear into Bronx Bombers after bottles thrown at Vladimir Guerrero Jr.’s family in Game 4 ALDS The New York Yankees' playoff exit at the hands of the Toronto Blue Jays after a Game 4 loss at Yankee Stadium on Wednesday turned ugly. Interest | Match | Feed,https://bsky.app/profile/did:plc:i53e6y3liw2oaw4s6e6odw5m/post/3m2slt3s33b26,2025-10-10T02:12:12.682000+00:00,Bronx Bombers,299
bluesky_post,bluesky,newyork.activitypub.awakari.com.ap.brid.gy,“Despicable behavior by Yankee fans!” - Fans tear into Bronx Bombers after bottles thrown at Vladimir Guerrero Jr.’s family in Game 4 ALDS The New York Yankees' playoff exit at the hands ... #Baseball Origin | Interest | Match,https://bsky.app/profile/did:plc:3auglfwwpebyiozbojq5eqhy/post/3m2slt777oxc2,2025-10-10T02:12:24.384000+00:00,Bronx Bombers,226
bluesky_post,bluesky,jeffshereindover.bsky.social,"Red Sox? 😂😂 I wasn’t a fan when they were the powerhouse team in the past, but it never got to the level of my (dare I say) hatred of the Bronx Bombers. But pigs will fly before I ever say I’m a Red Sox fan.",https://bsky.app/profile/did:plc:r4colqy2tykgbzen7obvw77j/post/3m2s2dbvsek2n,2025-10-09T20:59:09.494000+00:00,Bronx Bombers,207
bluesky_post,bluesky,rawmlb.bsky.social,"Taking an early look at the Yankees offseason https://www.rawchili.com/mlb/370853/ Brad Penner-Imagn Images Another October, another early postseason exit for the New York Yankees. The Bronx Bombers’ 2025…",https://bsky.app/profile/did:plc:lgxwokjfnegutejxknkdpqwj/post/3m2rgdayku22k,2025-10-09T15:01:13.397000+00:00,Bronx Bombers,205
bluesky_post,bluesky,the-express.com,New York Yankees superstar Aaron Judge will look to keep the Bronx Bombers' playoff run alive during a pivotal Game 4 versus the Toronto Blue Jays in the ALDS.,https://bsky.app/profile/did:plc:niqnrgrc52zdgyvrb7hoal4d/post/3m2qm2nihfq2p,2025-10-09T07:11:07.155000+00:00,Bronx Bombers,159
bluesky_post,bluesky,armandodgers89.bsky.social,"Con los Bombarderos del Bronx ❌ DESCALIFICADOS, el equipo canadiense se convierten en los primeros semifinalistas ✅. With the Bronx Bombers ❌ DISQUALIFIED, the Canadian team becomes the first semifinalists ✅.",https://bsky.app/profile/did:plc:o26ledrdbp4pu5rhfnam54j7/post/3m2qd6gxqi223,2025-10-09T04:32:19.053000+00:00,Bronx Bombers,208
bluesky_post,bluesky,rygriff.bsky.social,"I can’t tell who these commentators prefer, the Yanks, the Bronx Bombers, the Pinstripes or the Tore-on-Toe team.",https://bsky.app/profile/did:plc:brtnatljsweijgkgzednk4le/post/3m2q3w4ugyk2e,2025-10-09T02:22:15.159000+00:00,Bronx Bombers,113
bluesky_post,bluesky,nycsteeler.bsky.social,"Is it me? Why the fuck is Stanton still in the game on second base and not a pinch runner he cannot run for shit. We got none of those. Why the fuck is Aaron Boone not pinch running for Stanton again maybe it’s me. I’m a little confused, angry pissed off watch my Bronx bombers 🤬🤬🤬🙏🙏🙏🙏￼",https://bsky.app/profile/did:plc:f757g3nzbf5wky2hzim27zom/post/3m2q3co5roc2s,2025-10-09T02:11:22.354000+00:00,Bronx Bombers,286
bluesky_post,bluesky,book-976.bsky.social,It doesn’t look good for the Bronx bombers,https://bsky.app/profile/did:plc:dd7urektfzv3vb4tzga4tutu/post/3m2pysvfr322d,2025-10-09T01:26:45.855000+00:00,Bronx Bombers,42
bluesky_post,bluesky,marlawd.bsky.social,Yikes! I’m too nervous to get through another 7.5 innings! I never go to Yankees games anymore when they’re in Toronto because I find the Bronx Bombers ‘Ain’t They The Best’ persona annoying so this series is painful. But I love my #BlueJays and I’m cheering them on. #WantItAll,https://bsky.app/profile/did:plc:2sfa2s6ng6hyp3otn2z2v5el/post/3m2pt4teujs2g,2025-10-08T23:44:56.558000+00:00,Bronx Bombers,278
bluesky_post,bluesky,solitudex.bsky.social,🤬🤬🤬 The mods here are rooting for the bronx bombers tonight I guess??? Lol,https://bsky.app/profile/did:plc:dlywvc252kvz4hc4j24jhwh2/post/3m2pps3plvs2v,2025-10-08T22:45:15.258000+00:00,Bronx Bombers,74
bluesky_post,bluesky,nycsteeler.bsky.social,🙏🙏🙏🙏🙏 one day at a time nothing but positive energy and thinking things into existence and it will happen. Now it’s time for me to get motivated and hyped up for my New York Yankees Bronx bombers. Win or go home tonight.,https://bsky.app/profile/did:plc:f757g3nzbf5wky2hzim27zom/post/3m2pg7aaib22f,2025-10-08T19:53:38.760000+00:00,Bronx Bombers,220
bluesky_post,bluesky,fcuncos.bsky.social,Anthony Volpe’s girlfriend Elle Jowett shares glam moments with Aaron Judge's wife Samantha while supporting Bronx Bombers in intense ALDS Game 3,https://bsky.app/profile/did:plc:e7nqgithgzzlmf7d32uqroik/post/3m2nxnsa4j425,2025-10-08T06:00:41.660000+00:00,Bronx Bombers,145
bluesky_post,bluesky,fartking99.bsky.social,"as a certified bronx bombers hater, i love how vladdy guerrero jr’s shown up to the “Fuck Da Yankees” party in the loudest way. stealing home when you’re up by 3 is sublime",https://bsky.app/profile/did:plc:tuc44sunzvfysze34sdmi6at/post/3m2nhfl2bys2o,2025-10-08T01:09:45.262000+00:00,Bronx Bombers,172
bluesky_post,bluesky,canuckgjh.bsky.social,"Well, according to Big Papi, even divine intervention won't help the Bronx Bombers slow Toronto's offence. ""They can bring Jesus back, and they're still going to Cancun. It's over. It's a wrap. This Toronto Blue Jays lineup ain't playing around.""",https://bsky.app/profile/did:plc:xcfcvq64dvasfqqxdei4d7px/post/3m2jvgweo722x,2025-10-06T15:10:24.462000+00:00,Bronx Bombers,246
bluesky_post,bluesky,canuckgjh.bsky.social,"Well, according to Big Papi, even divine intervention won't help the Bronx Bombers slow Toronto's offence. ""They can bring Jesus back, and they're still going to Cancun. It's over. It's a wrap. This Toronto Blue Jays lineup ain't playing around."" #LetsGoBlueJays",https://bsky.app/profile/did:plc:xcfcvq64dvasfqqxdei4d7px/post/3m2judzayg22x,2025-10-06T14:50:52.664000+00:00,Bronx Bombers,262
bluesky_post,bluesky,sincere4honor.bsky.social,"Boones poor decision making has cost my NY Yankees another playoff game!😠 He will be on the hot seat after this season, if the Bronx Bombers loose this series‼️ nypost.com/2025/10/05/s...",https://bsky.app/profile/did:plc:usamltzo7ycsav7h5jgfbbqm/post/3m2jndwzsts22,2025-10-06T12:45:36.059000+00:00,Bronx Bombers,187
bluesky_post,bluesky,havache.bsky.social,He shut down the Bronx Bombers which is a great reason to celebrate.,https://bsky.app/profile/did:plc:ckd2t5dz57nv36btub4jcfiq/post/3m2icpimyyk2c,2025-10-06T00:02:31.556000+00:00,Bronx Bombers,68
bluesky_post,bluesky,rawmlb.bsky.social,"Ranking the Starting Lineup For Every 2025 MLB Playoff Team – Bleacher Report https://www.rawchili.com/mlb/363980/ Ranking the Starting Lineup For Every 2025 MLB Playoff Team Bleacher ReportFrom the Bronx Bombers to big question marks,…",https://bsky.app/profile/did:plc:lgxwokjfnegutejxknkdpqwj/post/3m2iaebuvqe25,2025-10-05T23:20:27.560000+00:00,Bronx Bombers,236
bluesky_post,bluesky,sblack53.bsky.social,"Bronx bombers or Bronx bummers, am I right? ALDS Game 2 on FS1 and Sportsnet. First pitch 4:08 pm ET. #WantItAll",https://bsky.app/profile/did:plc:cxyyyoruw7at4dnch6zlorez/post/3m2hrjupwgs2p,2025-10-05T18:55:08.760000+00:00,Bronx Bombers,112
bluesky_post,bluesky,ltotheucy.bsky.social,"Important and very, very funny that the only run the famed Bronx Bombers scored last night was on a four-pitch walk with the bases loaded.",https://bsky.app/profile/did:plc:sjzp3hhpke5jhxccuw2lygbe/post/3m2hamgyvdc2n,2025-10-05T13:52:22.995000+00:00,Bronx Bombers,138
bluesky_post,bluesky,authorcwarner.bsky.social,"#otd in 1953, Hank Bauer scores the winning run in Game 6 of the World Series against the Brooklyn Dodgers. The victory lifted the Bronx Bombers to their fifth consecutive title — a record that still stands. Bauer also saw extensive combat duty as a Marine Raider during WWII. #worldseries #wwii",https://bsky.app/profile/did:plc:p4sanzzkjnkoqhgfh266rfyt/post/3m2gvuvh4ws2q,2025-10-05T10:40:15.861000+00:00,Bronx Bombers,295
bluesky_post,bluesky,dumb-baseball.bsky.social,"Jays torched the Bronx Bombers 10-1! Clement crossed home, Varsho hustled in for two, and the Yankee arms got rocked harder than the left field tailgate. Crowd's rowdy, fashion’s wild—Cleveland’s ghosts wishing they could join in this party.",https://bsky.app/profile/did:plc:g75wk2ee6gt5exre33oiz5gf/post/3m2fpwvevaq2i,2025-10-04T23:21:18.463000+00:00,Bronx Bombers,241
bluesky_post,bluesky,kmcn13.bsky.social,"Jayson, I'm still not over the 88 NLCS after the Mets went 10-1.",https://bsky.app/profile/did:plc:qwkobqcvunod5co3bylupjav/post/3m2zp6vluqs26,2025-10-12T22:01:10.180000+00:00,Mets,64
bluesky_post,bluesky,andyt813.bsky.social,Mets Legend on top of the stack.,https://bsky.app/profile/did:plc:6tm4rhk4ehqczfzpwpia4ho4/post/3m2zol4zpq22s,2025-10-12T21:50:03.582000+00:00,Mets,32
bluesky_post,bluesky,lyrica-ssri.bsky.social,0649 Metsエナジー飲むのだ♪,https://bsky.app/profile/did:plc:la6zhdblnui5bpkq3pondsaw/post/3m2zojoy4hc23,2025-10-12T21:49:23.487000+00:00,Mets,18
bluesky_post,bluesky,chametzrodriguez.bsky.social,"I once flipped to a Mets broadcast right at Keith Hernandez was finishing a tale with “…and so it wasn’t the same Crosby, Stills, and Nash song.”",https://bsky.app/profile/did:plc:xnqrg443opyzs7k7ahaklqyf/post/3m2zo66fvg227,2025-10-12T21:42:50.983000+00:00,Mets,145
bluesky_post,bluesky,rawmlb.bsky.social,"Mets trade prediction lands electric $10M Cy Young winner, 2-time All-Star, bolstering rotation https://www.rawchili.com/mlb/376641/ Mets trade prediction lands electric $10M Cy Young winner, 2-time All-Star, bolstering rotation originally appeared on The Sporting…",https://bsky.app/profile/did:plc:lgxwokjfnegutejxknkdpqwj/post/3m2znzbrrxf2p,2025-10-12T21:40:06.178000+00:00,Mets,265
bluesky_post,bluesky,hawkheart.bsky.social,That's one of the biggest problems with San Diego way too much testosterone filled egoes That's why I think Iglesias looked so miserable not that he couldn't deal with it it's just you saw the difference when he was with the Mets in 24 and how much they seem to have missed him I know I sure did LOL,https://bsky.app/profile/did:plc:o4hakvcj7tyvjwyq2f5xkbu2/post/3m2zn4jdudc2q,2025-10-12T21:24:00.781000+00:00,Mets,299
bluesky_post,bluesky,rawmlb.bsky.social,"The same team that ripped out the NY Mets fans’ hearts before can do it again https://www.rawchili.com/mlb/376595/ They’ve haunted New York Mets fans before, and they might be ready to do it again. The Texas…",https://bsky.app/profile/did:plc:lgxwokjfnegutejxknkdpqwj/post/3m2zmxsmprl2f,2025-10-12T21:21:23.587000+00:00,Mets,208
bluesky_post,bluesky,djmisterzero.bsky.social,for sure the mets need him. but it would certainly benefit him to play 81 games in boston. thats all im saying. he needs to hit what 236 more hrs for 500?,https://bsky.app/profile/did:plc:tdade3i4t37faedq73vegsq7/post/3m2zmv5oda22x,2025-10-12T21:19:53.682000+00:00,Mets,154
bluesky_post,bluesky,dedelajoie.fr,mets un genou à terre (cette langue est une horreur à apprendre),https://bsky.app/profile/did:plc:xmbc73qsrkcsvumajngqaihu/post/3m2zmprnkv22x,2025-10-12T21:16:54.182000+00:00,Mets,64
bluesky_post,bluesky,hawkheart.bsky.social,Lindor was the captain in Cleveland so he already had leadership abilities why he isn't the captain with the METS has had me shaking my head,https://bsky.app/profile/did:plc:o4hakvcj7tyvjwyq2f5xkbu2/post/3m2zm7eeq322q,2025-10-12T21:07:42.479000+00:00,Mets,140
bluesky_post,bluesky,ericbop.bsky.social,The ‘88 Mets would like a word…,https://bsky.app/profile/did:plc:6u3e4p3igrle2zr4j27i6fqy/post/3m2zm6ule722v,2025-10-12T21:07:26.084000+00:00,Mets,31
bluesky_post,bluesky,rawmlb.bsky.social,"Mets trade prediction lands electric $10M Cy Young winner, 2-time All-Star, bolstering rotation https://www.rawchili.com/mlb/376590/ The Detroit Tigers’ season came to a heartbreaking end in a 15-inning loss to the Seattle Mariners. Despite…",https://bsky.app/profile/did:plc:lgxwokjfnegutejxknkdpqwj/post/3m2zlrvhf7a2c,2025-10-12T21:00:10.780000+00:00,Mets,241
bluesky_post,bluesky,lotussuitekoln.bsky.social,"""mets un doigt dans dans mon cul s'il te plaît papa""",https://bsky.app/profile/did:plc:t7ligi7qzt2xbhf5bxrmu55h/post/3m2zlhv5eck26,2025-10-12T20:54:37.378000+00:00,Mets,52
bluesky_post,bluesky,nightstirrings.bsky.social,"I was rooting for the Mets this year! As I said, anyone but the Dodgers. I was sad to see them crash and burn.",https://bsky.app/profile/did:plc:zycxggmlwehcqrghwt3kyc2j/post/3m2zlffje6c2p,2025-10-12T20:53:10.081000+00:00,Mets,110
bluesky_post,bluesky,daizyb.bsky.social,Mets-en! Du génie!,https://bsky.app/profile/did:plc:7criv2pvv2olylnu7eygzdvn/post/3m2zkyd6jbc2r,2025-10-12T20:45:53.088000+00:00,Mets,18
bluesky_post,bluesky,mjdowntheshore.bsky.social,"Aw darn. As a Jersey girl, actually love the Mets. Did get to see them win the WS when they beat Boston which was even sweeter.",https://bsky.app/profile/did:plc:5njq5czjky53ewxqhzrv2nek/post/3m2zkvx6urc2j,2025-10-12T20:44:28.593000+00:00,Mets,127
bluesky_post,bluesky,atk825.bsky.social,I mean the Mets certainly need him too. It’s amazing how much worse an offense looks with a bad first baseman.,https://bsky.app/profile/did:plc:2vbgyoanykvgik4cmx2p5bds/post/3m2zjxxql522n,2025-10-12T20:27:47.385000+00:00,Mets,110
bluesky_post,bluesky,ralphmachmot.bsky.social,Mets un pull.,https://bsky.app/profile/did:plc:5vtqmxniomh3u6sd4nenojwx/post/3m2zjvkpo6k2u,2025-10-12T20:26:26.079000+00:00,Mets,13
bluesky_post,bluesky,cubidou.bsky.social,"""Oui Sébastien, je me mets en congés de toute activité partisane""",https://bsky.app/profile/did:plc:w4zmzwvymlhaufcuoiffy7mg/post/3m2zjvgtgls2p,2025-10-12T20:26:20.979000+00:00,Mets,65
bluesky_post,bluesky,bubblepeetch.bsky.social,"Et non, pas le temps d'avoir des -coups de coeur non déclarés qui n'iront pas plus loin- (c'est ça pour moi un crush, je vous mets ma définition 😁).",https://bsky.app/profile/did:plc:al6wtgh4o2s3s33wtwqgk4dp/post/3m2zjvadgds23,2025-10-12T20:26:15.982000+00:00,Mets,148
bluesky_post,bluesky,lenain.bsky.social,"Ah oui bien sûr ! Cette deuxième question était : dans le cas où je mets des têtes thermostatiques partout, est-ce que ça ne pose pas problème que le thermostat soit dans une pièce qu'on souhaite froide ?",https://bsky.app/profile/did:plc:kyhargu4curavrnz7udpfwdf/post/3m2zjrijzfk2y,2025-10-12T20:24:10.083000+00:00,Mets,204
bluesky_post,bluesky,rawmlb.bsky.social,"Mets predicted to sign $80M MVP, World Series champion to form trio with Juan Soto, Brandon Nimmo https://www.rawchili.com/mlb/376545/ The New York Mets ended the season in the worst possible way, suffering an ultimate collapse. They missed…",https://bsky.app/profile/did:plc:lgxwokjfnegutejxknkdpqwj/post/3m2zjkp2pso27,2025-10-12T20:20:21.880000+00:00,Mets,241
bluesky_post,bluesky,ppopol29.bsky.social,"Les Français : ""On n'en veut plus de vos dangereux tocards macronistes !"" macron : ""Bon, je vous les mets quand même...""",https://bsky.app/profile/did:plc:jbtqekeuxgsttjcrt2niivjj/post/3m2zjkjncdc2n,2025-10-12T20:20:19.480000+00:00,Mets,120
bluesky_post,bluesky,aprilglick.bsky.social,Mets fans for Omar Fateh 😤,https://bsky.app/profile/did:plc:oowadmoqzsurleedpzoi2jgg/post/3m2zj6rvz7k2c,2025-10-12T20:13:41.984000+00:00,Mets,26
bluesky_post,bluesky,remembersomeguys.bsky.social,Joe Panik 2B Debut: 2014 - Retired: 2021 MIA - NYM - SFG - TOR,https://bsky.app/profile/did:plc:bpliuzjiw2r7q4gr4hnmtrnc/post/3m2ytrxx6cj2m,2025-10-12T13:50:43.382000+00:00,NYM,62
bluesky_post,bluesky,auranova26.bsky.social,"I love how soft, cuddly, and squishy you rendered Nym! 🥺💚🥹🐍 So huggable!",https://bsky.app/profile/did:plc:2xxb4jopctterjfwkr2hbj4t/post/3m2xqtkt5ds24,2025-10-12T03:25:16.382000+00:00,NYM,72
bluesky_post,bluesky,thatac.bsky.social,The downside to being a nym is unless they are a lawyer they won't answer my emails. (even then its iffy) Someone play external brain for me I bring this one back up so I can keep checking for updates to see if I am right.,https://bsky.app/profile/did:plc:6xvnelksn2cnupfvxiggxxbe/post/3m2xprifhos25,2025-10-12T03:06:13.786000+00:00,NYM,222
bluesky_post,bluesky,remembersomeguys.bsky.social,Del Unser CF Debut: 1968 - Retired: 1982 NYM - MON - TEX - PHI - CLE,https://bsky.app/profile/did:plc:bpliuzjiw2r7q4gr4hnmtrnc/post/3m2xlkimrgv2k,2025-10-12T01:50:42.795000+00:00,NYM,68
bluesky_post,bluesky,virtuallychar.bsky.social,"Thank you, Nym!",https://bsky.app/profile/did:plc:juvife7uzoeyepqo5j3qz4ls/post/3m2xjucbjss2f,2025-10-12T01:20:24.884000+00:00,NYM,15
bluesky_post,bluesky,woulditdongagain.bsky.social,"William Contreras vs Drew Pomeranz Home Run (2) 💣 Exit velo: 107.1 mph Launch angle: 22 deg Projected distance: 389 ft This would have been a home run in 5/30 MLB ballparks, including Wrigley Field HR in: BAL, CHC, LAD, MIL, NYM CHC @ MIL 🔻 1st",https://bsky.app/profile/did:plc:pqccvay7bly2zxyrx2q2np65/post/3m2xh26rvxk2e,2025-10-12T00:30:00.685000+00:00,NYM,244
bluesky_post,bluesky,zombieernie.bsky.social,"HALLOWEEN SPOOKYTIME POSTAN: Jiangshi Nym for @auranova26.bsky.social More ""revealing"" version if they say you guys can see~♡",https://bsky.app/profile/did:plc:266u4klp2t6yuhjqeh5dluda/post/3m2xfxn7i2k2y,2025-10-12T00:10:49.183000+00:00,NYM,125
bluesky_post,bluesky,eskiworks.bsky.social,"Dear wonderful human beings with deep hearts and lovely souls; RENT HAS BEEN MADE!!! After fees and yeeting it into my bank with an instant transfer, the check will clear! Thank you all so SO fucking much, I don't know what would happen without you all!!",https://bsky.app/profile/did:plc:oidc6jqggve4sj5vnbetelk4/post/3m2x4umfcuc25,2025-10-11T21:27:58.182000+00:00,NYM,254
bluesky_post,bluesky,tavyliasin.bsky.social,"Another for @schlocktober.bsky.social and as funny as a House of Hope strike would've been, the votes said Sharess' Caress workers so here's the Harem On Strike prompt~ #BG3NSFW #BG3Fic #BG3FanFic #Schlocktober",https://bsky.app/profile/did:plc:kayfdl7ssdsxpsh3pybfok3d/post/3m2wuntshe22g,2025-10-11T19:01:05.683000+00:00,NYM,210
bluesky_post,bluesky,fuzzysenpai.bsky.social,Ty :). My entry into @canuckuma.bsky.social ‘ s art raffle of his OC Nym,https://bsky.app/profile/did:plc:t6ntemfbt4o4j3zatp5qnkm3/post/3m2wtqbygns2v,2025-10-11T18:44:28.279000+00:00,NYM,72
bluesky_post,bluesky,remembersomeguys.bsky.social,Marlon Anderson 2B Debut: 1998 - Retired: 2009 TBD - LAD - NYM - PHI - STL - WSN,https://bsky.app/profile/did:plc:bpliuzjiw2r7q4gr4hnmtrnc/post/3m2wqq6c6kz2q,2025-10-11T17:50:42.183000+00:00,NYM,80
bluesky_post,bluesky,kjbass.bsky.social,"Daily Walkoff ⚾ #407 29 for 30 Swings: 72 🚀1️⃣: BOS, CHC, CWS, HOU, KC, NYY, PIT, SD, SF 🚀2️⃣: ATL, CLE, LAD, STL, TEX, WSH 🚀3️⃣: AZ, CIN, COL, LAA, MIA, MIL, MIN, NYM, PHI, SEA 🚀4️⃣: DET, TOR 🚀5️⃣: BAL 🚀6️⃣+: OAK ⚫: TB dailywalkoff.com",https://bsky.app/profile/did:plc:w77dhwju4mcfpdu2tf5ggkm7/post/3m2vwhbbh3s27,2025-10-11T10:00:26.881000+00:00,NYM,236
bluesky_post,bluesky,phyrkrakr.bsky.social,"Hell with that, one of my favorite memories is watching 20 innings of STL-NYM on a random Sunday in April",https://bsky.app/profile/did:plc:g2jmsifx7z7cntq44s6i4gzs/post/3m2vewm2ocs2o,2025-10-11T04:46:52.279000+00:00,NYM,105
bluesky_post,bluesky,rapidmorph3.bsky.social,Goodnight sleep well sweet nym,https://bsky.app/profile/did:plc:ub3zcxcew7ganby3gfow6xr7/post/3m2vdpqlrps2u,2025-10-11T04:25:11.480000+00:00,NYM,30
bluesky_post,bluesky,mindsend.bsky.social,"Like Jocourte, his non-biodad, is an Archon of the history of the war of the magi and the three main city states, so he's involved with a lot of the Nym, Mhach, and Amdapor stuff as an archeologist using the opportunity to research with his strong as fuck son clearing the way for him and his team.",https://bsky.app/profile/did:plc:25e6jahuq764er6i6p7ujryr/post/3m2v72ollfc2u,2025-10-11T03:01:47.781000+00:00,NYM,298
bluesky_post,bluesky,corey5771.bsky.social,"Did I root for the Dodgers in any round of the postseason? 2013- ✅ 2014- ✅ 2015- ✅ 2016- ❌ 2017- ✅ 2018- ✅ 2019- ❌ 2020- ✅ 2021- ✅ 2022- ❌ 2023- ✅ 2024- ❌ 9 out of 13, for reasons such as they had Max Scherzer & Trea Turner, and, they were playing STL, NYM, CHC ('17), HOU, BOS, TBR, & soon TOR",https://bsky.app/profile/did:plc:2ee67abtezr4cxavk3hgixgn/post/3m2v2yxpt4c2y,2025-10-11T01:49:15.578000+00:00,NYM,294
bluesky_post,bluesky,bearhybrid.art,Still love this YCH and wish I had a single character that could fit it x3 I shall content to admire Nym on it!,https://bsky.app/profile/did:plc:ivnvf3cm6yjlonxhozyozyb6/post/3m2uyo2wrh22k,2025-10-11T01:07:22.585000+00:00,NYM,111
bluesky_post,bluesky,eskiworks.bsky.social,"Autumn Herald YCHs are back again, this year I made one of Nym as a sample! $75- $120 depending on character complexity, sign up and more info below! #Art #BlueSkyNightMarket forms.gle/9AiLiUqVhpCC...",https://bsky.app/profile/did:plc:oidc6jqggve4sj5vnbetelk4/post/3m2uwrbdvbc2h,2025-10-11T00:33:27.279000+00:00,NYM,200
bluesky_post,bluesky,dieharddice.bsky.social,"Winners have been chosen and emails have been sent to their inboxes! Congrats to Hayden Nas, Inara Scendarus, Nazir, Thrax, and Nym! And a huge THANK YOU to everyone who entered! We had a ton of fun reading the entries, and can't wait to get that obituary page up and running!",https://bsky.app/profile/did:plc:czwgtpd7myp6c2wljcy3lbqm/post/3m2uil6rkms2v,2025-10-10T20:19:25.975000+00:00,NYM,276
bluesky_post,bluesky,remembersomeguys.bsky.social,Doug Mientkiewicz 1B Debut: 1998 - Retired: 2009 BOS - MIN - NYY - NYM - LAD - KCR - PIT,https://bsky.app/profile/did:plc:bpliuzjiw2r7q4gr4hnmtrnc/post/3m2ugxtoxfz2k,2025-10-10T19:50:42.677000+00:00,NYM,88
bluesky_post,bluesky,cryptovka-feed.bsky.social,"🆕 Santiment: A top 10 ranking of projects in the privacy sector by developer activity has been presented, including Starknet, ZkSync, Shapeshift, Worldcoin, NYM, Oasis, Dash, Celo, Hopr, and iExec RLC #STRK #WLD #stats",https://bsky.app/profile/did:plc:wdipfwnptaic2jtd6dzxqxnj/post/3m2u3hrmx2q24,2025-10-10T16:24:53.185000+00:00,NYM,218
bluesky_post,bluesky,rawmlb.bsky.social,"2 Cubs free agents David Stearns could desire, 2 NY Mets players Jed Hoyer might like https://www.rawchili.com/mlb/376492/ Tyler Rogers can help the Cubs fill a vacant bullpen this offseason Taylor Rogers found his way to…",https://bsky.app/profile/did:plc:lgxwokjfnegutejxknkdpqwj/post/3m2zhctvuqw27,2025-10-12T19:40:10.877000+00:00,NY Mets,222
bluesky_post,bluesky,cubsheritage.bsky.social,Vintage 1970s Official Baseball Program Wrigley vs NY Mets + Tix,https://bsky.app/profile/did:plc:io5fnak3tnoq3cixnhoou6lj/post/3m2zddt25ra2s,2025-10-12T18:29:08.380000+00:00,NY Mets,64
bluesky_post,bluesky,rawmlb.bsky.social,"Pete Alonso is reaching for the stars with his contract desire https://www.rawchili.com/mlb/375977/ According to Mike Puma of the NY Post, the latest New York Mets rumors have first baseman Pete…",https://bsky.app/profile/did:plc:lgxwokjfnegutejxknkdpqwj/post/3m2yqzqcqki2k,2025-10-12T13:01:22.676000+00:00,NY Mets,195
bluesky_post,bluesky,rawmlb.bsky.social,"2 Cubs free agents David Stearns could desire, 2 NY Mets players Jed Hoyer might like https://www.rawchili.com/mlb/375853/ The Chicago Cubs season has come to a close which means they can now join the New York…",https://bsky.app/profile/did:plc:lgxwokjfnegutejxknkdpqwj/post/3m2yj54mhhx25,2025-10-12T10:40:06.580000+00:00,NY Mets,210
bluesky_post,bluesky,ny-news.bsky.social,"MLB Traden Rumors: New York Mets Could Sign $10.15 Million Detroit Tigers Star Amid Pete Alonso Free Agency Concerns | MLB News https://www.europesays.com/us/296355/ New York Mets third baseman Ronny Mauricio (10), first baseman …#ny #nyc #newyork #nynews #nycnews #newyorknews #us #news #usnews",https://bsky.app/profile/did:plc:tbi63v3dj3hjiq457imbgels/post/3m2xtxoxbsx2a,2025-10-12T04:21:16.085000+00:00,NY Mets,295
bluesky_post,bluesky,fidusachates.bsky.social,"1. US invasion of Vietnam 2. Assassination of Martin Luther King, Jr. 3. Assassination of Robert Kennedy 4. Apollo 11 Moon landing 5. NY Mets winning the World Series",https://bsky.app/profile/did:plc:3x3fl2bb3ac6kdnccluajyuq/post/3m2xggq7ewc2b,2025-10-12T00:19:08.280000+00:00,NY Mets,166
bluesky_post,bluesky,bigjhemenway.bsky.social,"100%, but I’ll also admit that “the Ny Mets are my favorite baseball squadron” still makes me laugh.",https://bsky.app/profile/did:plc:dljxlgupt674s4nbrwsyw6ad/post/3m2xbwrnugk2p,2025-10-11T22:58:37.581000+00:00,NY Mets,100
bluesky_post,bluesky,rawmlb.bsky.social,"NY Mets trade idea to replace Pete Alonso is a better fit for another position https://www.rawchili.com/mlb/375040/ Earlier this week, Tim Britton of The Athletic laid out different scenarios where the New York Mets could…",https://bsky.app/profile/did:plc:lgxwokjfnegutejxknkdpqwj/post/3m2x4hhiisv26,2025-10-11T21:20:34.881000+00:00,NY Mets,222
bluesky_post,bluesky,usweeklymag.bsky.social,New York Mets' Pete Alonso and Wife Haley Are Parents! See Their Timeline bit.ly/4q75Lw6,https://bsky.app/profile/did:plc:myxu6orprjquoijckon7od2o/post/3m2wwcc2rqy2j,2025-10-11T19:30:19.587000+00:00,NY Mets,88
bluesky_post,bluesky,rawmlb.bsky.social,"2 NY Mets players whose late collapse is a red flag moving forward, 2 whose isn’t https://www.rawchili.com/mlb/374897/ Sean Manaea still has gas left in the tank The Mets re-signed Sean Manaea to a three-year contract…",https://bsky.app/profile/did:plc:lgxwokjfnegutejxknkdpqwj/post/3m2wvpzf6y427,2025-10-11T19:20:06.288000+00:00,NY Mets,218
bluesky_post,bluesky,rawmlb.bsky.social,"3 Japanese stars who could join MLB and impact the NY Mets in 2026 https://www.rawchili.com/mlb/374537/ A new wave of Japanese talent is looking to make the leap to MLB, and a few names…",https://bsky.app/profile/did:plc:lgxwokjfnegutejxknkdpqwj/post/3m2wg442gx22y,2025-10-11T14:40:31.887000+00:00,NY Mets,186
bluesky_post,bluesky,rawmlb.bsky.social,"First NY Mets pick in the 1961 expansion draft led to a trade that defined year one https://www.rawchili.com/mlb/373135/ On October 10, 1961, the Houston Colt .45s and New York Mets went back-and-forth to build their rosters…",https://bsky.app/profile/did:plc:lgxwokjfnegutejxknkdpqwj/post/3m2ue6b3clu23,2025-10-10T19:00:37.181000+00:00,NY Mets,225
bluesky_post,bluesky,rawmlb.bsky.social,"Former NY Mets coach made valid points, but one completely missed the mark https://www.rawchili.com/mlb/372716/ There’s a certain art to hindsight, especially in baseball, where everyone’s an expert once the dust settles and…",https://bsky.app/profile/did:plc:lgxwokjfnegutejxknkdpqwj/post/3m2tuiu3q5y23,2025-10-10T14:20:12.479000+00:00,NY Mets,225
bluesky_post,bluesky,rawmlb.bsky.social,"2 Phillies free agents who could end up in Queens, 2 NY Mets who may drive to Philly https://www.rawchili.com/mlb/372435/ The Philadelphia Phillies season came to a crashing halt the same day it did in 2024. A loss…",https://bsky.app/profile/did:plc:lgxwokjfnegutejxknkdpqwj/post/3m2tjehxhax2k,2025-10-10T11:00:54.783000+00:00,NY Mets,215
bluesky_post,bluesky,rawmlb.bsky.social,NY Mets faced with a financial reality Steve Cohen will have no choice but greenlight https://www.rawchili.com/mlb/372389/ Tim Britton of The Athletic put together a fascinating story on the New York Mets and different payroll…,https://bsky.app/profile/did:plc:lgxwokjfnegutejxknkdpqwj/post/3m2tfycckvw2w,2025-10-10T10:00:24.878000+00:00,NY Mets,227
bluesky_post,bluesky,rawmlb.bsky.social,It doesn’t take a detective to find why Clay Holmes should be in the NY Mets bullpen https://www.rawchili.com/mlb/372269/ The New York Mets signed right-handed pitcher Clay Holmes last offseason to a three-year contract. Despite becoming a…,https://bsky.app/profile/did:plc:lgxwokjfnegutejxknkdpqwj/post/3m2t7d3iysf2y,2025-10-10T08:01:10.682000+00:00,NY Mets,240
bluesky_post,bluesky,rawmlb.bsky.social,You’ll never believe which former NY Mets player led the KBO in batting again in 2025 https://www.rawchili.com/mlb/372199/ The KBO was a source of depth for the New York Mets in 2025. Jared Young and Brandon…,https://bsky.app/profile/did:plc:lgxwokjfnegutejxknkdpqwj/post/3m2t2txhr2325,2025-10-10T06:41:08.284000+00:00,NY Mets,208
bluesky_post,bluesky,keencritic.bsky.social,"I have no childhood Red Sox influence to explain my discomfort with Yankee fans, but there it is: if the Mets aren't around, my NY baseball loyalty is nil. www.nytimes.com/2025/10/09/o...",https://bsky.app/profile/did:plc:r3tv6rj2ovo6ztfcscmnxyc5/post/3m2ss74ifik2h,2025-10-10T04:06:22.783000+00:00,NY Mets,187
bluesky_post,bluesky,mikelowetpt.bsky.social,First was the NY Mets my bad,https://bsky.app/profile/did:plc:fnsqogkl3tytqtwjx32kvxar/post/3m2smnbtd4k2c,2025-10-10T02:26:51.679000+00:00,NY Mets,28
bluesky_post,bluesky,theamericagist.bsky.social,"Mets’ Reed Garrett becomes fifth NY pitcher to undergo Tommy John The New York Mets right-hander reliever Reed Garrett will miss the entire 2026 season after undergoing Tommy John surgery, the team confirmed Thursday. The operation, performed on Wednesday, is formally termed as ulnar collateral…",https://bsky.app/profile/did:plc:b3mxijkjymyu3qxjalek2ugn/post/3m2scdjx7cq27,2025-10-09T23:22:26.912000+00:00,NY Mets,296
bluesky_post,bluesky,rawmlb.bsky.social,A moment the NY Mets crossed their easiest Pete Alonso backup plan off the list https://www.rawchili.com/mlb/371572/ Let’s go back to last winter. The New York Mets had yet to sign Pete Alonso and the…,https://bsky.app/profile/did:plc:lgxwokjfnegutejxknkdpqwj/post/3m2s7yygpcs2p,2025-10-09T22:40:46.094000+00:00,NY Mets,201
bluesky_post,bluesky,cbsnewyork.bsky.social,The #Mets' epic second-half collapse is now complete following a 4-0 loss to Marlins on Sunday. The Amazins -- and their $300 million-plus payroll -- will not be making an appearance in the playoffs. #LGM,https://bsky.app/profile/did:plc:vjmnwzpxbzehorgdc2motdcj/post/3lzwngymt2l2s,2025-09-28T23:26:42.255000+00:00,Amazins,204
bluesky_post,bluesky,jeanneleduc.bsky.social,Amazins been gone for a long time. I don't miss it!,https://bsky.app/profile/did:plc:3aujjtk4fis4saixjl4c5ev2/post/3lzjfuxumc22d,2025-09-23T17:06:45.103000+00:00,Amazins,51
bluesky_post,bluesky,editorialboard.bsky.social,"2 down, 5 to go. YOU ARE THE AMAZINS!!!",https://bsky.app/profile/did:plc:h3ki44q6c2jrhhphbwfr7yaf/post/3lzhja7j6xk2p,2025-09-22T23:01:23.606000+00:00,Amazins,39
bluesky_post,bluesky,hartnettwriter.bsky.social,The Mets are playing with fire by continuing to allow Juan Soto to play right field. Carlos Mendoza would be wise to move his star man to DH because Soto's shoddy defense could hurt the Amazins during critical moments during the stretch run. More: ⬇️ athlonsports.com/mlb/new-york...,https://bsky.app/profile/did:plc:avgizrhxqniygts42phbltwi/post/3lz7nvr2nds2d,2025-09-19T20:04:00.907000+00:00,Amazins,283
bluesky_post,bluesky,editorialboard.bsky.social,"59 down, 41 more to go! YOU ARE AMAZINS!",https://bsky.app/profile/did:plc:h3ki44q6c2jrhhphbwfr7yaf/post/3lyqpshm4ts2k,2025-09-13T21:27:43.904000+00:00,Amazins,40
bluesky_post,bluesky,editorialboard.bsky.social,"57 down, 43 more to go! YOU ARE AMAZINS!",https://bsky.app/profile/did:plc:h3ki44q6c2jrhhphbwfr7yaf/post/3lyq475r2ok2m,2025-09-13T15:36:55.907000+00:00,Amazins,40
bluesky_post,bluesky,choctawridge1.bsky.social,"The 1962 Amazin’ #Mets performed equal to their limited capabilities. Nobody expected them to win, just make your best effort. The 2025 #Mets have a wonderful roster of talented individuals, better than 2024, but they are an underperforming TEAM. Unlike the Amazins’, they’re not at all lovable.",https://bsky.app/profile/did:plc:o4fvyls3gb3rurkmxxwwpvgb/post/3lyjfjnalx22t,2025-09-10T23:35:12.510000+00:00,Amazins,295
bluesky_post,bluesky,editorialboard.bsky.social,"UPDATE! 38 down, 62 more to go! YOU ARE THE AMAZINS!",https://bsky.app/profile/did:plc:h3ki44q6c2jrhhphbwfr7yaf/post/3ly6jcmyiws2h,2025-09-06T15:43:35.908000+00:00,Amazins,52
bluesky_post,bluesky,editorialboard.bsky.social,"UPDATE! 38 down, 62 more to go! YOU ARE THE AMAZINS!",https://bsky.app/profile/did:plc:h3ki44q6c2jrhhphbwfr7yaf/post/3ly6j7qrchk2h,2025-09-06T15:41:59.203000+00:00,Amazins,52
bluesky_post,bluesky,editorialboard.bsky.social,"36 down, 64 more to go! YOU ARE THE AMAZINS!",https://bsky.app/profile/did:plc:h3ki44q6c2jrhhphbwfr7yaf/post/3ly6hogqg3225,2025-09-06T15:14:24.505000+00:00,Amazins,44
bluesky_post,bluesky,editorialboard.bsky.social,"35 down, 65 more to go! YOU ARE AMAZINS!",https://bsky.app/profile/did:plc:h3ki44q6c2jrhhphbwfr7yaf/post/3ly6f77zq3c25,2025-09-06T14:30:06.208000+00:00,Amazins,40
bluesky_post,bluesky,editorialboard.bsky.social,"35 down, 65 more to go! YOU ARE AMAZINS!",https://bsky.app/profile/did:plc:h3ki44q6c2jrhhphbwfr7yaf/post/3ly6ex64x7k2k,2025-09-06T14:25:35.801000+00:00,Amazins,40
bluesky_post,bluesky,snoozyvee.bsky.social,🎨 Absolutely lovey loveyly pic by the amazins @riddlr.bsky.social,https://bsky.app/profile/did:plc:cvmlxs6njthf5dp2ugnfpkgt/post/3lxw3qeyqs227,2025-09-03T07:19:18.621000+00:00,Amazins,65
bluesky_post,bluesky,bchuck.bsky.social,"Here’s what’s in Billy-Ball today - billchuck.substack.com/p/fasten-your-seatbelts THE AMAZINS’ AND JUAN SOTO THE PADRES ADD INJURIES TO INSULTS BIG CHRISTMAS AND THE PESKY POLE THE GIANTS (OF SF, NOT NY) WALKOFF TRIPLES (?!?) THE MARINERS ARE HOMEBODIES ARE THE RANGERS STILL IN IT?",https://bsky.app/profile/did:plc:eyyfkjvuoaj3lzglqy3uuzuk/post/3lxuio3i3ns2q,2025-09-02T16:05:30.008000+00:00,Amazins,283
bluesky_post,bluesky,globelynews.bsky.social,The New York Mets look to sweep the Philadelphia Phillies tonight as the Amazins suddenly look amazing again: globelynews.com/sports/phill...,https://bsky.app/profile/did:plc:5rdvgkg3r4qf6vo3vqdqhkpo/post/3lxg2jc6a2c2h,2025-08-27T22:15:01.206000+00:00,Amazins,141
bluesky_post,bluesky,matthewmiranda.bsky.social,"Oh, you're just a lil' sensitive to it, pet. I mostly post about the Amazins. But the Boone addiction has baffled me for so long now. I don't root for the Yanks, but their fans deserve better",https://bsky.app/profile/did:plc:slrf3pg7g2ojuyoau6whkf7b/post/3lx3somx5bc2o,2025-08-23T20:28:10.403000+00:00,Amazins,191
bluesky_post,bluesky,star-news.bsky.social,"Metsk deck games lose hapless nationals star-news.press/wp Washington Nationals won yesterday awarded a 23-3 score for AMAZINS to 67-60, only 67-61 CINCINNATI REDS has only 67-61 CINCINNATI REDS. In the last 21 games, mothers have only five wins. ""Our beginners begin, you know? Initial pitching;…",https://bsky.app/profile/did:plc:laiitqzqdjtrmw6zwkzyydsw/post/3lx34nnc5vt2v,2025-08-23T13:53:55.207000+00:00,Amazins,297
bluesky_post,bluesky,nemoshirttee.bsky.social,Skyline vibes – “New York Mets Apple City Skyline” Shirt is pure NYC baseball pride. 🍎🏙️ Carry the city on your chest while cheering for the Amazins. 👉 nemoshirt.com/product/new-... #NYCStyle #Mets #BaseballFans,https://bsky.app/profile/did:plc:56drdz6qxnypsmw5yarjexti/post/3lwt6rfcfec22,2025-08-20T10:10:34.303000+00:00,Amazins,211
bluesky_post,bluesky,creamcityjw.bsky.social,oh cool the mets bring out the owner and his wife to hug pete alonso pregame today... as opposed to something meaningful like an old couple from queens who have been fans since the amazins' i hate that fucking team and especially the cohens.,https://bsky.app/profile/did:plc:brc6xpufk5nehbsy37elk7jb/post/3lwfri5rrk22l,2025-08-15T02:08:05.407000+00:00,Amazins,241
bluesky_post,bluesky,theamericagist.bsky.social,"1 Phillies’ player who will make or break 2025 World Series chances The Philadelphia Phillies are running away with the National League East as the New York Mets crumble. Philly has been great too, without the fanfare of the struggling Amazins, but has struggled in October. The Phillies have not…",https://bsky.app/profile/did:plc:b3mxijkjymyu3qxjalek2ugn/post/3lwcvgpb5os2m,2025-08-13T22:40:53.209000+00:00,Amazins,297
bluesky_post,bluesky,choctawridge1.bsky.social,"Bring back the 1962 Amazins. At least they were lovable losers. Choo Choo, Marvelous Marv … #Mets #MetsSky",https://bsky.app/profile/did:plc:o4fvyls3gb3rurkmxxwwpvgb/post/3lw3aevscps2g,2025-08-10T21:35:32.904000+00:00,Amazins,106
bluesky_post,bluesky,wekern.bsky.social,"Wow this Cubs collapse bears striking similarities to the legendary 1969 Cubs, who led the Mets during mid season by a healthy margin only to fall back of the Amazins’ by 10 1/2 in August. #slcards",https://bsky.app/profile/did:plc:aipnhdxmxiyjkxc5uhqnp2g6/post/3lvwlmh2ob22w,2025-08-09T01:13:11.403000+00:00,Amazins,197
bluesky_post,bluesky,handle.invalid,"As Francisco Álvarez goes, so go the Mets. That could be very, very good news for the Amazins & their fans. With a lull in the Knicks world, @matthewmiranda.bsky.social dipped the pen to talk about the other team in orange & blue: www.thestrick.land/strick/as-fr...",https://bsky.app/profile/did:plc:m3rmza5yq3l6vagdymqpsmut/post/3luzm52ry6c2r,2025-07-28T12:35:21.707000+00:00,Amazins,265
bluesky_post,bluesky,theamericagist.bsky.social,Top prospects New York Mets must trade at 2025 MLB trade deadline The New York Mets are looking to make moves at the 2025 MLB Trade Deadline. New York sits atop the National League East at this time. The Amazins are one of the best teams in baseball. And they look like a potential World Series…,https://bsky.app/profile/did:plc:b3mxijkjymyu3qxjalek2ugn/post/3luxapyunwc2i,2025-07-27T14:05:47.607000+00:00,Amazins,295
bluesky_post,bluesky,mikey4114.bsky.social,The Captain just got his number retired.The Baseball Gods couldn’t give him a few more Baseball years. He represents everything good about the Amazins! #LGM #LGCaptainAmerica,https://bsky.app/profile/did:plc:3m3lj2aswe2f4aa4io5f6qm4/post/3ludrgcaus22q,2025-07-19T20:11:25.440000+00:00,Amazins,174
bluesky_post,bluesky,rawmlb.bsky.social,"Bleacher Report links Red Sox to hot-and-cold free agent starting pitcher https://www.rawchili.com/mlb/376657/ It’s that time of year. Even though the playoffs are still ongoing for a couple more weeks, the…",https://bsky.app/profile/did:plc:lgxwokjfnegutejxknkdpqwj/post/3m2zp5o5k5p23,2025-10-12T22:00:27.677000+00:00,Red Sox,207
bluesky_post,bluesky,honestlarry.bsky.social,Boston Red Sox legends.,https://bsky.app/profile/did:plc:stnds3lpe36fa2nb4msw42rg/post/3m2zowcypcc2z,2025-10-12T21:56:22.685000+00:00,Red Sox,23
bluesky_post,bluesky,rawmlb.bsky.social,"Two Surprising Red Sox Stars Tabbed to Get Traded: Insider https://www.rawchili.com/mlb/376610/ As the Boston Red Sox look to build on their best season since 2021, with 89 wins and…",https://bsky.app/profile/did:plc:lgxwokjfnegutejxknkdpqwj/post/3m2zmwx65aa26,2025-10-12T21:20:54.378000+00:00,Red Sox,182
bluesky_post,bluesky,rawmlb.bsky.social,Should The Red Sox SIGN NEW Free Agent/ Japanese SUPERSTAR (Munetaka Murakami) https://www.rawchili.com/4594683/ Should The Red Sox SIGN NEW Free Agent/ Japanese SUPERSTAR (Munetaka Murakami) A new name is entering Major…,https://bsky.app/profile/did:plc:lgxwokjfnegutejxknkdpqwj/post/3m2zmwijrvh2c,2025-10-12T21:20:39.183000+00:00,Red Sox,221
bluesky_post,bluesky,birdsandbeers.bsky.social,"Looking back, I’m pretty sure he had to work for Nintendo. Anyway, the Mariners ended up losing 6-0 to the Red Sox but I clearly had the time of my life",https://bsky.app/profile/did:plc:2g4jfm4bxoggsge6j5mqfaqt/post/3m2zlaxz5tc2s,2025-10-12T20:50:43.082000+00:00,Red Sox,152
bluesky_post,bluesky,rawmlb.bsky.social,Red Sox predicted to be top landing spot for $79 million three-time All-Star; could finally replace Rafael Devers’ offense https://www.rawchili.com/mlb/376562/ The Boston Red Sox had one huge problem in their final month of the season and in the…,https://bsky.app/profile/did:plc:lgxwokjfnegutejxknkdpqwj/post/3m2zkoc4nja2c,2025-10-12T20:40:15.884000+00:00,Red Sox,246
bluesky_post,bluesky,prideofcucamonga.bsky.social,Fuck the Red Sox,https://bsky.app/profile/did:plc:thsdhv5waqrqh7iipbjauocg/post/3m2zizojipk2h,2025-10-12T20:10:50.586000+00:00,Red Sox,16
bluesky_post,bluesky,jimadamsgeo.bsky.social,The Red Sox never inflicted us with Tommy Lasorda.,https://bsky.app/profile/did:plc:4j35ob37e57e4deamdcwxuho/post/3m2zilyodc222,2025-10-12T20:03:11.981000+00:00,Red Sox,50
bluesky_post,bluesky,sprobeforebros.bsky.social,"I, too, wasn't sure about that, but you can tell that its in fact the one in Massachusetts because people are wearing Red Sox hats",https://bsky.app/profile/did:plc:kbwkbgkz2zssoj22ebartpgy/post/3m2zijwx2m22i,2025-10-12T20:02:05.699000+00:00,Red Sox,130
bluesky_post,bluesky,mjmoser.bsky.social,The people on this app are so fucking stupid I swear to god. Been called a Cubbies AND Dodgers fan today while I am CLEARLY WEARING A RED SOX HAT RIGHT IN MY PROFILE PIC AND IT IS ALSO IN MY BIO. Midwest really not sending its best and brightest. Jesus fucking Christ.,https://bsky.app/profile/did:plc:pviiiighdbedgkeruzh7376m/post/3m2zhkt3tms2u,2025-10-12T19:44:38.477000+00:00,Red Sox,268
bluesky_post,bluesky,rawmlb.bsky.social,"Former Red Sox players who made it to ALCS, NLCS; Mookie Betts is red hot https://www.rawchili.com/mlb/376457/ The Mariners and Blue Jays will play Game 1 of the ALCS on Sunday at 8:03 p.m. at…",https://bsky.app/profile/did:plc:lgxwokjfnegutejxknkdpqwj/post/3m2zg7fvbli23,2025-10-12T19:20:22.479000+00:00,Red Sox,193
bluesky_post,bluesky,catman1956.bsky.social,This is a message of condolence for all you Philly baseball fans being a lifelong Red Sox fan I'm sorry that you had to have your Bill Buckner moment at least it wasn't during the world series that really hurt,https://bsky.app/profile/did:plc:l5mtexjvybrcmkn73pnfgh43/post/3m2zfu4iz3k2y,2025-10-12T19:14:04.879000+00:00,Red Sox,209
bluesky_post,bluesky,michellelydia.bsky.social,We bought all of our tickets for the Red Sox series off of tick pick!,https://bsky.app/profile/did:plc:6iq4tcdsh7a2jqojkowc5ujo/post/3m2zefegqjk2d,2025-10-12T18:47:53.383000+00:00,Red Sox,69
bluesky_post,bluesky,rangerfrog.bsky.social,"I think this is a really important framing, because I suspect (though I have no data to prove it) that for a lot of people, this is what politics is. They think of it as a very basic “I’m in Group A, we fight Group B” situation. You’re never gonna make a Red Sox fan into a Yankees fan",https://bsky.app/profile/did:plc:vyl66zb4aomijh4gdrmuiay4/post/3m2zcswlpes2v,2025-10-12T18:19:41.885000+00:00,Red Sox,285
bluesky_post,bluesky,rawmlb.bsky.social,How Yankees and Red Sox Fans Really Feel About the AL Wild Card Series https://www.rawchili.com/mlb/376359/ It’s happening again. Sports-induced psychosis is nigh. People are back to screaming at toddlers for wearing a different…,https://bsky.app/profile/did:plc:lgxwokjfnegutejxknkdpqwj/post/3m2zbqwt5lo2o,2025-10-12T18:00:41.380000+00:00,Red Sox,229
bluesky_post,bluesky,rawmlb.bsky.social,"Red Sox Legend Sends Pat Murphy Message Amid Brewers’ Deep Playoff Run https://www.rawchili.com/mlb/376325/ The Boston Red Sox learned firsthand this season how pesky the Milwaukee Brewers can be. Back in May,…",https://bsky.app/profile/did:plc:lgxwokjfnegutejxknkdpqwj/post/3m2zanqei2323,2025-10-12T17:41:00.182000+00:00,Red Sox,210
bluesky_post,bluesky,rawmlb.bsky.social,Red Sox Tabbed to Trade Jarren Duran For 1st-Round Pick Lefty https://www.rawchili.com/mlb/376327/ Getty Jarren Duran of the Boston Red Sox. The Boston Red Sox finally broke their postseason drought this…,https://bsky.app/profile/did:plc:lgxwokjfnegutejxknkdpqwj/post/3m2zanmum5k2k,2025-10-12T17:40:56.682000+00:00,Red Sox,204
bluesky_post,bluesky,rawmlb.bsky.social,Red Sox Pushed To Hire Two-Time AL Champion Manager By Boston Insider https://www.rawchili.com/mlb/376304/ The Boston Red Sox have some serious error issues. Leading the majors in the statistic that describes easily…,https://bsky.app/profile/did:plc:lgxwokjfnegutejxknkdpqwj/post/3m2z7kbakyq25,2025-10-12T17:21:09.978000+00:00,Red Sox,216
bluesky_post,bluesky,ripmlb.bsky.social,"If you remember the junk wax baseball card era, the death of Mike Greenwell stings. A .300 hitter for 12 seasons & near MVP in 1988, Greenwell's life included hot and cold spells with Red Sox fans, alligator wrestling, stock cars, amusement parks & politics. Read more about ""Gator"" Greenwell here:",https://bsky.app/profile/did:plc:wesu7lvr3stckdbinzvkzfmy/post/3m2z6n7sfm42k,2025-10-12T17:04:55.485000+00:00,Red Sox,298
bluesky_post,bluesky,lynned444.bsky.social,"As a Red Sox fan, I completely understand!!",https://bsky.app/profile/did:plc:6osa5qtotumzhmr35wxferpc/post/3m2z5zdlkjs2c,2025-10-12T16:53:48.382000+00:00,Red Sox,43
bluesky_post,bluesky,idaho-guy.bsky.social,"Debating the Red Sox players, moves and shortcomings is half the fun.",https://bsky.app/profile/did:plc:2yfrk77zdsryqn5lsacqtrhb/post/3m2z5medjqc2x,2025-10-12T16:46:33.183000+00:00,Red Sox,69
bluesky_post,bluesky,kx1t-test.bsky.social,ICAO: AD14A0 Owner: ALASKA AIRLINES Flt: ASA390 N942AK B39M SAN-BOS Time: 2025-10-12 18:29:40 EDT Min Alt: 9700 ft Min Dist: 9.4 km (-18° NNW) Squawk: 7627 Loudness: -1 dB dev adsb planefence by kx1t -•sdr-e•airplanes•flightaware•faa,https://bsky.app/profile/did:plc:lwhroh6pcztwb4evj5xwmqjo/post/3m2zrmlsnmj2v,2025-10-12T22:44:35.677000+00:00,BOS,233
bluesky_post,bluesky,kx1t-test.bsky.social,ICAO: A782E4 Owner: AMERICAN AIRLINES Flt: AAL1401 N583UW A321 DFW-BOS-DFW Time: 2025-10-12 18:29:36 EDT Min Alt: 5775 ft Min Dist: 4.3 km (70° ENE) Loudness: 0 dB dev adsb planefence by kx1t -•sdr-e•airplanes•flightaware•faa,https://bsky.app/profile/did:plc:lwhroh6pcztwb4evj5xwmqjo/post/3m2zrmc2xoy2o,2025-10-12T22:44:25.480000+00:00,BOS,225
bluesky_post,bluesky,aboveayer.bsky.social,Planefence ICAO: A349BE Flt: JBU640 JETBLUE CLE - BOS First seen: 2025-10-12 18:40:34 EDT Min Alt: 11300 ft MSL Min Dist: 1.87 mi planefence adsb - adsbexchange - link,https://bsky.app/profile/did:plc:exwsbjks4g7u5fbajmu64o4c/post/3m2zrm4loqx22,2025-10-12T22:44:19.284000+00:00,BOS,167
bluesky_post,bluesky,kx1t-test.bsky.social,ICAO: A37FB0 Owner: JET BLUE Flt: JBU1214 N3241J BCS3 DFW-BOS Time: 2025-10-12 18:30:51 EDT Min Alt: 6350 ft Min Dist: 5.47 km (40° NE) Loudness: 0 dB dev adsb planefence by kx1t -•sdr-e•airplanes•flightaware•faa,https://bsky.app/profile/did:plc:lwhroh6pcztwb4evj5xwmqjo/post/3m2zrlzoxia2v,2025-10-12T22:44:16.681000+00:00,BOS,212
bluesky_post,bluesky,kx1t-test.bsky.social,ICAO: A782E4 Owner: AMERICAN AIRLINES Flt: AAL1401 N583UW A321 DFW-BOS-DFW Time: 2025-10-12 18:24:32 EDT Min Alt: 9850 ft Min Dist: 7.3 km (-40° NW) Loudness: 0 dB dev adsb planefence by kx1t -•sdr-e•airplanes•flightaware•faa,https://bsky.app/profile/did:plc:lwhroh6pcztwb4evj5xwmqjo/post/3m2zrczdkv62b,2025-10-12T22:39:14.685000+00:00,BOS,225
bluesky_post,bluesky,kx1t-test.bsky.social,ICAO: ADD734 Owner: JET BLUE Flt: JBU978 N991JT A321 LAS-BOS Time: 2025-10-12 18:21:39 EDT Min Alt: 9875 ft Min Dist: 7.3 km (-51° NW) Loudness: 0 dB dev adsb planefence by kx1t -•sdr-e•airplanes•flightaware•faa,https://bsky.app/profile/did:plc:lwhroh6pcztwb4evj5xwmqjo/post/3m2zrbyef7i25,2025-10-12T22:38:42.678000+00:00,BOS,211
bluesky_post,bluesky,kx1t-test.bsky.social,ICAO: C060B3 Owner: NOVA SCOTIA DEPARTMENT OF LANDS AND FORESTS Flt: PTR2346 C-GKQC DH8D BOS-YOW Time: 2025-10-12 18:16:03 EDT Min Alt: 7125 ft Min Dist: 8.2 km (56° NE) Loudness: 0 dB dev adsb planefence by kx1t -•sdr-e•airplanes•flightaware•gc,https://bsky.app/profile/did:plc:lwhroh6pcztwb4evj5xwmqjo/post/3m2zr63cp4z2v,2025-10-12T22:36:28.484000+00:00,BOS,245
bluesky_post,bluesky,kx1t-test.bsky.social,ICAO: A39017 Owner: DELTA AIR LINES Flt: DAL2558 N329DN A321 MSP-BOS Time: 2025-10-12 18:16:55 EDT Min Alt: 8450 ft Min Dist: 1.8 km (-3° N) Loudness: 0 dB dev adsb planefence by kx1t -•sdr-e•airplanes•flightaware•faa,https://bsky.app/profile/did:plc:lwhroh6pcztwb4evj5xwmqjo/post/3m2zr5swkej2u,2025-10-12T22:36:20.182000+00:00,BOS,217
bluesky_post,bluesky,aboveayer.bsky.social,Planefence ICAO: AD14A0 Flt: ASA390 ALASKAAIRLINES SAN - BOS First seen: 2025-10-12 18:26:42 EDT Min Alt: 12425 ft MSL Min Dist: 1.91 mi planefence adsb - adsbexchange - link,https://bsky.app/profile/did:plc:exwsbjks4g7u5fbajmu64o4c/post/3m2zquf42tg2s,2025-10-12T22:31:02.981000+00:00,BOS,174
bluesky_post,bluesky,aboveayer.bsky.social,Planefence ICAO: A37FB0 Flt: JBU1214 JETBLUE DFW - BOS First seen: 2025-10-12 18:24:30 EDT Min Alt: 10550 ft MSL Min Dist: 1.79 mi planefence adsb - adsbexchange - link,https://bsky.app/profile/did:plc:exwsbjks4g7u5fbajmu64o4c/post/3m2zqpddz4p2z,2025-10-12T22:28:13.982000+00:00,BOS,168
bluesky_post,bluesky,kx1t-test.bsky.social,ICAO: ADED77 Owner: JET BLUE Flt: JBU772 N997JL A321 CUN-BOS Time: 2025-10-12 18:13:41 EDT Min Alt: 3750 ft Min Dist: 7.9 km (122° ESE) Loudness: 1 dB dev adsb planefence by kx1t -•sdr-e•airplanes•flightaware•faa,https://bsky.app/profile/did:plc:lwhroh6pcztwb4evj5xwmqjo/post/3m2zqocskbg2b,2025-10-12T22:27:39.678000+00:00,BOS,212
bluesky_post,bluesky,alescasar.bsky.social,"Bistva problemov to ne bo rešilo, ampak naj ti za božjo voljo v službi nastavijo, da se ti šteje delovni čas kadarkoli ali vsaj v večjem časovnem obdobju čez dan, ti pa potem glede na vlake pač samo poskrbiš, da boš na daljši rok v povprečju 4 ure na dan tam. Te bedaste birokracije res ne rabiš.",https://bsky.app/profile/did:plc:u5rts3hkat5j2bb2uery4rxp/post/3m2zqhqd7l22a,2025-10-12T22:23:58.178000+00:00,BOS,296
bluesky_post,bluesky,kx1t-test.bsky.social,ICAO: A9ACB8 Owner: DELTA AIR LINES Flt: DAL639 N722TW B752 LAX-BOS Time: 2025-10-12 18:11:24 EDT Min Alt: 8975 ft Min Dist: 1.01 km (27° NNE) Loudness: 0 dB dev adsb planefence by kx1t -•sdr-e•airplanes•flightaware•faa,https://bsky.app/profile/did:plc:lwhroh6pcztwb4evj5xwmqjo/post/3m2zqgx2da62b,2025-10-12T22:23:32.383000+00:00,BOS,219
bluesky_post,bluesky,aboveayer.bsky.social,Planefence ICAO: ADD734 Flt: JBU978 JETBLUE LAS - BOS First seen: 2025-10-12 18:19:24 EDT Min Alt: 11275 ft MSL Min Dist: 1.86 mi planefence adsb - adsbexchange - link,https://bsky.app/profile/did:plc:exwsbjks4g7u5fbajmu64o4c/post/3m2zqgpycje2f,2025-10-12T22:23:24.779000+00:00,BOS,167
bluesky_post,bluesky,amtrak-status.paxex.aero,AMTRAK NextGen Acela (2258) WAS->BOS [2025-10-12] Alert: Delay Notification: As of 6:03 PM ET Acela 2258 is currently operating approximately 30 minutes late due to earlier mechanical assessments.,https://bsky.app/profile/did:plc:se5qagm2i7ktctnheyuyoxr5/post/3m2zqg3xhbn2f,2025-10-12T22:23:03.684000+00:00,BOS,196
bluesky_post,bluesky,amtrak-status.paxex.aero,AMTRAK Northeast Regional (135) BOS->WAS [2025-10-12] Alert: Delay Notification: As of 6:07 PM ET Train 135 is currently operating approximately 20 minutes late due to rail congestion and speed restrictions.,https://bsky.app/profile/did:plc:se5qagm2i7ktctnheyuyoxr5/post/3m2zqg3nwin2b,2025-10-12T22:23:03.185000+00:00,BOS,207
bluesky_post,bluesky,kx1t-test.bsky.social,ICAO: 86E4B8 Owner: JAPAN AIRLINES Flt: JAL8 JA867J B789 NRT-BOS Time: 2025-10-12 18:05:02 EDT Min Alt: 8900 ft Min Dist: 1.1 km (48° NE) Squawk: 3522 Loudness: 0 dB dev adsb planefence by kx1t -•sdr-e•airplanes•flightaware,https://bsky.app/profile/did:plc:lwhroh6pcztwb4evj5xwmqjo/post/3m2zq6ieiry2o,2025-10-12T22:18:48.086000+00:00,BOS,223
bluesky_post,bluesky,kx1t-test.bsky.social,ICAO: A24529 Owner: UNITED AIRLINES Flt: UAL1262 N24513 A21N ORD-BOS Time: 2025-10-12 18:01:47 EDT Min Alt: 8800 ft Min Dist: 1.1 km (22° NNE) Loudness: -1 dB dev adsb planefence by kx1t -•sdr-e•airplanes•flightaware•faa,https://bsky.app/profile/did:plc:lwhroh6pcztwb4evj5xwmqjo/post/3m2zq5de7l223,2025-10-12T22:18:10.085000+00:00,BOS,220
bluesky_post,bluesky,kx1t-test.bsky.social,ICAO: C0635A Owner: NOVA SCOTIA DEPARTMENT OF LANDS AND FORESTS Flt: PTR2345 C-GLQF DH8D YOW-BOS Time: 2025-10-12 17:55:49 EDT Min Alt: 4725 ft Min Dist: 2.8 km (66° ENE) Loudness: -1 dB dev adsb planefence by kx1t -•sdr-e•airplanes•flightaware•gc,https://bsky.app/profile/did:plc:lwhroh6pcztwb4evj5xwmqjo/post/3m2zq4jy3mr2u,2025-10-12T22:17:43.082000+00:00,BOS,247
bluesky_post,bluesky,abovebelmont.bsky.social,Planefence ICAO: ADED77 Flt: JBU772 JETBLUE CUN - BOS First seen: 2025-10-12 18:13:24 EDT Min Alt: 3750 ft MSL Min Dist: 1.3 nm adsb planefence by kx1t - airplanes.live - planefence,https://bsky.app/profile/did:plc:q6gokmwyk3kulwistuth6ak3/post/3m2zq2bfhzq2n,2025-10-12T22:16:26.580000+00:00,BOS,181
bluesky_post,bluesky,abovemedford.bsky.social,Planefence ICAO: ADED77 Flt: JBU772 JETBLUE CUN - BOS First seen: 2025-10-12 18:12:53 EDT Min Alt: 3275 ft MSL Min Dist: 1.14 mi adsb planefence by kx1t - adsbexchange - planefence,https://bsky.app/profile/did:plc:htvtmfv37ycx3xuqgw6jeiqj/post/3m2zpz7uwla2j,2025-10-12T22:15:52.287000+00:00,BOS,180
bluesky_post,bluesky,kx1t-test.bsky.social,ICAO: C07973 Owner: AIR CANADA Flt: ACA772 C-GTZU BCS3 YYZ-BOS Time: 2025-10-12 17:58:04 EDT Min Alt: 8975 ft Min Dist: 0.99 km (19° NNE) Loudness: -1 dB dev adsb planefence by kx1t -•sdr-e•airplanes•flightaware•gc,https://bsky.app/profile/did:plc:lwhroh6pcztwb4evj5xwmqjo/post/3m2zpuevfzb2u,2025-10-12T22:13:09.088000+00:00,BOS,214
bluesky_post,bluesky,amtrak-status.paxex.aero,AMTRAK Acela Express (2255) BOS->WAS [2025-10-12] Alert: Delay Notification: As of 6:04 PM ET Acela 2255 is currently operating approximately 40 minutes late due to earlier mechanical assessments.,https://bsky.app/profile/did:plc:se5qagm2i7ktctnheyuyoxr5/post/3m2zpu774fv2u,2025-10-12T22:13:02.881000+00:00,BOS,196
bluesky_post,bluesky,kx1t-test.bsky.social,ICAO: C07973 Owner: AIR CANADA Flt: ACA772 C-GTZU BCS3 YYZ-BOS Time: 2025-10-12 17:58:04 EDT Min Alt: 8975 ft Min Dist: 0.99 km (19° NNE) Loudness: -1 dB dev adsb planefence by kx1t -•sdr-e•airplanes•flightaware•gc,https://bsky.app/profile/did:plc:lwhroh6pcztwb4evj5xwmqjo/post/3m2zpqjyliy25,2025-10-12T22:11:00.584000+00:00,BOS,214
bluesky_post,bluesky,kx1t-test.bsky.social,ICAO: A08ACB Owner: REPUBLIC AIRLINES Flt: RPA4569 N134HQ E75L IND-BOS Time: 2025-10-12 17:55:43 EDT Min Alt: 8950 ft Min Dist: 0.99 km (27° NNE) Loudness: -1 dB dev adsb planefence by kx1t -•sdr-e•airplanes•flightaware•faa,https://bsky.app/profile/did:plc:lwhroh6pcztwb4evj5xwmqjo/post/3m2zpmcbe3q2p,2025-10-12T22:08:38.281000+00:00,BOS,223
bluesky_post,bluesky,margotsibley25.bsky.social,Source: Newsweek search.app/ye9AN More Bosox miscalculation. Reminds of trades throughout the '70's and early '80's w Yankees. Always fizzles next season. Dump Cora. Henry begins to remind of Yawkey.,https://bsky.app/profile/did:plc:jemmasqspxo3f7am3hsw2tak/post/3m2ypk2oii22o,2025-10-12T12:34:46.377000+00:00,BoSox,199
bluesky_post,bluesky,sheriw60.bsky.social,The Evil Empire may have won The Wild Card Series but Toronto cleaned the Yankees clock in Division Series especially in first 2 games!! So... It's always a good day when OUR (Red Sox) last World Series Win is MORE RECENT than the evil Yankees last one was!! 🥳🎆👍🙌🍻 Go BoSox!! Is it March yet...?? 🤔😉,https://bsky.app/profile/did:plc:uj4nhmbizjfkuhg7ouhcl7mi/post/3m2xsj7hick2e,2025-10-12T03:55:16.578000+00:00,BoSox,299
bluesky_post,bluesky,lifeinthatwp.bsky.social,"Yikes. Wait, lemme guess...Bosox fan?",https://bsky.app/profile/did:plc:eojcygelbobcsy22ss4ih5lo/post/3m2vwxad5hc2t,2025-10-11T10:09:22.181000+00:00,BoSox,37
bluesky_post,bluesky,puckacab.bsky.social,Yo if the illiitches aren’t going to pay Skubal can The BoSox?,https://bsky.app/profile/did:plc:bw6odo2ww4fmfieykhmacnaf/post/3m2v3fhfjmk2r,2025-10-11T01:56:18.282000+00:00,BoSox,62
bluesky_post,bluesky,alilnightmusing.bsky.social,"Look, in fun times we can chivvy each other. These aren’t fun times. These are “Bosox align with Yankees” times.",https://bsky.app/profile/did:plc:y7e6yapc5wfz5z7rvrxfun4b/post/3m2u23oy5s22u,2025-10-10T16:00:14.084000+00:00,BoSox,112
bluesky_post,bluesky,auntywilly.blacksky.app,And shoutout to all the Mets and BoSox fans WE LOVE Y’ALL,https://bsky.app/profile/did:plc:ykfzlfcljbkbdeqjo5hdrxpc/post/3m2r4ag3zck2z,2025-10-09T12:00:41.156000+00:00,BoSox,57
bluesky_post,bluesky,k7sniper.bsky.social,"Also, while they are out, Yankees still made it farther than both the BoSox and Mets. So can take that little silver lining.",https://bsky.app/profile/did:plc:pdfemwceclihto6jtzykyonp/post/3m2qc5j3fri2y,2025-10-09T04:13:44.658000+00:00,BoSox,124
bluesky_post,bluesky,k7sniper.bsky.social,"Hopefully, Yankees come back even stronger next season, and can avoid that absurd midseason slump. Yankees burned out taking down the BoSox, and aside from Game 3, looked exhausted this whole ALDS. Had they won the division, it might have been a different story.",https://bsky.app/profile/did:plc:pdfemwceclihto6jtzykyonp/post/3m2qbyxj3eh2y,2025-10-09T04:11:12.286000+00:00,BoSox,262
bluesky_post,bluesky,photodave219.fightins.online,"I prefer the royal blue tops (like spring training around 08) to the Bright Red tops that the Nats, Barves, BoSox, Cards and a few other teams wear. We can have a max of 5 uniforms. We have Home, Away, Daygame Home, Powder Blues. The easy solution here is to ditch the ShittyConnects.",https://bsky.app/profile/did:plc:aihb34rrf4uxnulhgzwzrvtf/post/3m2p73lw2ts2l,2025-10-08T17:46:20.665000+00:00,BoSox,284
bluesky_post,bluesky,capecodpostaah.bsky.social,"As a BoSox fan I realize this is sacrilegious, but I can’t help but love this kid. He’s a true beast and one of the best hitters in my lifetime. www.mlb.com/gameday/8130...",https://bsky.app/profile/did:plc:smlcs4gzr5rdjans7j2fq7y4/post/3m2obeusj7s27,2025-10-08T08:54:40.355000+00:00,BoSox,172
bluesky_post,bluesky,sarahkmels.bsky.social,"The series would have been very different for TO if it was the BoSox; TO got lucky, 😃😂😂",https://bsky.app/profile/did:plc:nrjnim65neyvgt3ap4iwxss5/post/3m2nhjeeans2b,2025-10-08T01:11:52.763000+00:00,BoSox,87
bluesky_post,bluesky,mattyyyk.bsky.social,"lol. With you and @minakimes.bsky.social as the face of Mariners baseball for me, it's hard for me to have the intense dislike of the other team that I usually do. Wish we were playing the Astros, Yankees, Bosox, even Twins, so I could really let the hate flow...",https://bsky.app/profile/did:plc:eyeuxkruk53jtn7zh44l5s4x/post/3m2mvczfpcc2x,2025-10-07T19:46:12.564000+00:00,BoSox,263
bluesky_post,bluesky,raidbug.bsky.social,Sorry the BoSox are out of the playoffs. Go M’s!!,https://bsky.app/profile/did:plc:jxp5v6xuvkxwntechifw7oyf/post/3m2kvwosmsk2w,2025-10-07T00:51:53.356000+00:00,BoSox,49
bluesky_post,bluesky,ballbob.bsky.social,"Im sure there are many adjustments the BoSox can make, my personal wish isunchanged since last March - please sign a truly 1st-rate 1st baseman! #RedSox ⚾️ www.mlb.com/redsox/news/...",https://bsky.app/profile/did:plc:4fjrvpebpak35ljquevl2rme/post/3m2d3typtic26,2025-10-03T22:16:29.964000+00:00,BoSox,183
bluesky_post,bluesky,spulmonarx.bsky.social,Masa will always be a hero in pressure situations and the BoSox don’t deserve that king,https://bsky.app/profile/did:plc:t4zayqgu37zzyhwkr5rsmgvh/post/3m2cl3nkrbc23,2025-10-03T17:16:30.760000+00:00,BoSox,87
bluesky_post,bluesky,mikefrburkecville.bsky.social,"Let’s be fair - every other major league team let him slide that far, too. Just because he’s in the greater Boston area doesn’t mean the BoSox had (or even should have had) extra insight. Taking a guy in the 7th round means you like the guy. That being said, this is hilarious for the Sawx.",https://bsky.app/profile/did:plc:kyph6qsd6uwljr56232kwwvp/post/3m2cenayl5c2j,2025-10-03T15:21:07.869000+00:00,BoSox,290
bluesky_post,bluesky,moimolina.bsky.social,"Hoy durante el tercero entre Yankees vs BoSox, te hemos dado bola a cuenta de las pelis. 👍🏼😉",https://bsky.app/profile/did:plc:ar2xe2owx4ft645snukikecn/post/3m2casqowhs27,2025-10-03T14:12:34.859000+00:00,BoSox,92
bluesky_post,bluesky,demo805.bsky.social,Sorri if I offended any1 my Bosox lost Go Dodgers!!!!!!!!!!!,https://bsky.app/profile/did:plc:k6plne6j32suoqt7vrfiepnc/post/3m2belo455k2g,2025-10-03T05:47:31.957000+00:00,BoSox,60
bluesky_post,bluesky,k7sniper.bsky.social,Gahhh.... I think that was the first time the Yankees successfully eliminated the Bosox from the playoffs since Boones fucking homer back in 2003. 22 years.,https://bsky.app/profile/did:plc:pdfemwceclihto6jtzykyonp/post/3m2bbnzgrb22a,2025-10-03T04:55:09.457000+00:00,BoSox,156
bluesky_post,bluesky,k7sniper.bsky.social,It's nice to see the Yankees do what they needed to do against the BoSox. Jobs not done yet though! Now to face Toronto!,https://bsky.app/profile/did:plc:pdfemwceclihto6jtzykyonp/post/3m2b4m2ohqs2v,2025-10-03T03:24:35.063000+00:00,BoSox,120
bluesky_post,bluesky,goaztecs86.bsky.social,"As a Red Sox fan, losing to the Yankees stings—but credit to them on taking the series. That said, I’m fired up for next season with a healthy Roman Anthony, Marcelo Mayer, and a full year of Early, Harrison, and Tolle on the mound. Go BoSox.",https://bsky.app/profile/did:plc:db5j2nckqcm46terunnil3nx/post/3m2b3mskvik2b,2025-10-03T03:07:06.759000+00:00,BoSox,242
bluesky_post,bluesky,nycgamer57.bsky.social,Dammit the Yankees beat the BoSox,https://bsky.app/profile/did:plc:mkv6lixnqpwql47aucx5dlb4/post/3m2b3brnvjc22,2025-10-03T03:00:56.761000+00:00,BoSox,33
bluesky_post,bluesky,lennybakes.bsky.social,Theeeeeeeeeee YANKEES WIN !!! Record setting performance from 24 year Cam Schlitter !!! Buh-bye Bosox !!,https://bsky.app/profile/did:plc:h7mpza7vwmrk4yziymtfk5ha/post/3m2b2hvzkik2z,2025-10-03T02:46:28.459000+00:00,BoSox,104
bluesky_post,bluesky,psyopengager.bsky.social,thank you bosox for being of absolutely zero help to me,https://bsky.app/profile/did:plc:4oq5imslb7kzbjwnd5dlk3bg/post/3m2b2b7ffak24,2025-10-03T02:42:43.661000+00:00,BoSox,55
bluesky_post,bluesky,snchalmers.bsky.social,St Louis? I thought it was a Boston Red Sox thing,https://bsky.app/profile/did:plc:ksyacitcbayrtafsa2jgeji5/post/3m2z5caym6c2s,2025-10-12T16:40:53.584000+00:00,Sox (Boston),49
bluesky_post,bluesky,bsmile.bsky.social,Today In 1967: Legendary St. Louis Cardinals pitcher Bob Gibson hits a HR in Game 7 of the #WorldSeries vs. the Boston Red Sox at Fenway Park! Narration by Harry Caray! #MLB #Baseball #STLCards #Postseason,https://bsky.app/profile/did:plc:vok3j6g7yrv63grj4to7byio/post/3m2z3z7ne422p,2025-10-12T16:17:56.983000+00:00,Sox (Boston),205
bluesky_post,bluesky,kiragooddog.bsky.social,Are you sure? Those people must be Red Sox fan invaders from Boston. Chicagoans know better than to sing that song.,https://bsky.app/profile/did:plc:fhvpitxur3gs2zif7qmrd2gd/post/3m2z3m3umh22k,2025-10-12T16:10:36.187000+00:00,Sox (Boston),115
bluesky_post,bluesky,rawmlb.bsky.social,Red Sox Should Avoid Signing Pete Alonso After Latest Contract Update https://www.rawchili.com/mlb/376211/ The Boston Red Sox made a lot of big moves to put themselves in a good position this…,https://bsky.app/profile/did:plc:lgxwokjfnegutejxknkdpqwj/post/3m2z32mnyui2l,2025-10-12T16:00:50.679000+00:00,Sox (Boston),192
bluesky_post,bluesky,collectingall.bsky.social,Mike Greenwell Boston Red Sox Signed Autographed 8x10 Photo W/coa: $47.99 👉CollectingAll.com👈 #BaseballMemorabilia #MLB #Autographed #SignedCollectibles #BostonRedSox,https://bsky.app/profile/did:plc:5tyosqktoztcdzuvgiishtxi/post/3m2yz5fq3va23,2025-10-12T15:26:36.185000+00:00,Sox (Boston),166
bluesky_post,bluesky,ny-news.bsky.social,Red Sox Should Avoid Signing Pete Alonso After Latest Contract Update https://www.europesays.com/us/297488/ The Boston Red Sox made a lot of big moves to put themselves in a good position this…#ny #nyc #newyork #nynews #nycnews #newyorknews #us #news #usnews,https://bsky.app/profile/did:plc:tbi63v3dj3hjiq457imbgels/post/3m2yytjrbvm2y,2025-10-12T15:21:04.984000+00:00,Sox (Boston),258
bluesky_post,bluesky,rawmlb.bsky.social,"Guardians score 6 runs in 2nd inning and beat sloppy Red Sox 8-1 to prevent series sweep https://www.rawchili.com/mlb/376156/ By MAUREEN MULLEN Updated 10:27 PM EDT, September 3, 2025 Share BOSTON (AP) — Gabriel Arias hit a…",https://bsky.app/profile/did:plc:lgxwokjfnegutejxknkdpqwj/post/3m2yystqczt26,2025-10-12T15:20:41.684000+00:00,Sox (Boston),224
bluesky_post,bluesky,rawmlb.bsky.social,Red Sox Should Avoid Signing Pete Alonso After Latest Contract Update https://www.rawchili.com/mlb/376109/ The Boston Red Sox made a lot of big moves to put themselves in a good position this…,https://bsky.app/profile/did:plc:lgxwokjfnegutejxknkdpqwj/post/3m2ywlaifpr2l,2025-10-12T14:40:38.684000+00:00,Sox (Boston),192
bluesky_post,bluesky,squillium.bsky.social,Boston Red Sox sign Pete Alonso challenge,https://bsky.app/profile/did:plc:cogtv3hfctb6jcnyln46d4fc/post/3m2yuik3dpk2f,2025-10-12T14:03:20.282000+00:00,Sox (Boston),41
bluesky_post,bluesky,rawmlb.bsky.social,"Red Sox enter offseason looking to remain aggressive as ‘window of contention is upon us’ https://www.rawchili.com/mlb/376053/ BOSTON — A week ago, the Boston Red Sox were preparing for their first trip to the postseason…",https://bsky.app/profile/did:plc:lgxwokjfnegutejxknkdpqwj/post/3m2yt7ue72b2o,2025-10-12T13:40:35.983000+00:00,Sox (Boston),221
bluesky_post,bluesky,redsoxbriefly.bsky.social,"Blue Jays' experienced, contact-oriented roster exploited Red Sox offensive struggles; Boston needs healthier players and offseason upgrades to reach comparable postseason performance.",https://bsky.app/profile/did:plc:sq5erul6teqdcppttjyoyvk4/post/3m2yrrrdln42v,2025-10-12T13:14:49.878000+00:00,Sox (Boston),184
bluesky_post,bluesky,rawmlb.bsky.social,"Boston Red Sox Hall of Famer Mike Greenwell https://www.rawchili.com/mlb/375999/ FORT MYERS, Fla. — Mike Greenwell, a former Boston Red Sox left fielder and current Lee County commissioner,…",https://bsky.app/profile/did:plc:lgxwokjfnegutejxknkdpqwj/post/3m2yqylqz552l,2025-10-12T13:00:44.676000+00:00,Sox (Boston),190
bluesky_post,bluesky,rawmlb.bsky.social,"Red Sox Two-Time All-Star Outfielder Mike Greenwell Passes Away https://www.rawchili.com/mlb/375902/ Mike Greenwell, a two-time All-Star outfielder for the Boston Red Sox, died Thursday. He was 62. Greenwell spent…",https://bsky.app/profile/did:plc:lgxwokjfnegutejxknkdpqwj/post/3m2ymieyr7325,2025-10-12T11:40:05.680000+00:00,Sox (Boston),214
bluesky_post,bluesky,rawmlb.bsky.social,"Boston Red Sox great Mike Greenwell dead at 62: Tributes pour in for baseball All-Star https://www.rawchili.com/mlb/375869/ Mike Greenwell, a Boston Red Sox All-Star and the runner-up for the 1988 American League MVP award, has…",https://bsky.app/profile/did:plc:lgxwokjfnegutejxknkdpqwj/post/3m2ykb7mmak2p,2025-10-12T11:00:17.883000+00:00,Sox (Boston),228
bluesky_post,bluesky,rawmlb.bsky.social,Former Red Sox OF Mike Greenwell dies at 62 after battling cancer https://www.rawchili.com/mlb/375833/ Boston Red Sox Greenwell spent his entire 12-year career in MLB with the Red Sox. Mike Greenwell played…,https://bsky.app/profile/did:plc:lgxwokjfnegutejxknkdpqwj/post/3m2yhzdqufn2y,2025-10-12T10:20:06.181000+00:00,Sox (Boston),207
bluesky_post,bluesky,rawmlb.bsky.social,"Nationals New Leadership Faces Manageable Projected Arbitration Bill in 2026 https://www.rawchili.com/mlb/375786/ Paul Toboni’s entire career in Major League Baseball has been with the Boston Red Sox. Now with Washington,…",https://bsky.app/profile/did:plc:lgxwokjfnegutejxknkdpqwj/post/3m2yeotuotk2p,2025-10-12T09:20:33.178000+00:00,Sox (Boston),222
bluesky_post,bluesky,redsox.homegame.today,"Boston Red Sox — No, the next game at Fenway Park is scheduled for Apr 3, 2026.",https://bsky.app/profile/did:plc:6qvbgmthwgg55ukgyazsrgex/post/3m2yds6o2ck2b,2025-10-12T09:04:30.781000+00:00,Sox (Boston),79
bluesky_post,bluesky,cormorants0.bsky.social,"I do like the interpretation of Mehrunes-Dagon as innately an enemy of Molag Bal and the hierarchies and misrule he represents and wish the games would do more with it, but at the same time, Camoran himself is clearly fine with hierarchy and misrule if he's on top & allowed to rule badly.",https://bsky.app/profile/did:plc:jjh5lkodjnce3ahso5q2cikl/post/3m2zqqudccs2o,2025-10-12T22:29:04.979000+00:00,BAL,289
bluesky_post,bluesky,patiochair.bsky.social,Podcast: 15 minutes pour devenir millionnaire avec Nicolas Bérubé (6 épisodes) www.lapresse.ca/affaires/bal...,https://bsky.app/profile/did:plc:pwncomibau2jdozv6brmixfi/post/3m2zop72vwk2a,2025-10-12T21:52:23.186000+00:00,BAL,110
bluesky_post,bluesky,ustakun.bsky.social,Afiyet bal şeker,https://bsky.app/profile/did:plc:sspya65linjbr5wyvl5qeata/post/3m2zmth2vb22l,2025-10-12T21:18:56.979000+00:00,BAL,16
bluesky_post,bluesky,bbcasiannetworkbot.bsky.social,"BBC Asian Network Bobby Friction Now Playing Bal-T, Star One & Evenir Jaan Di",https://bsky.app/profile/did:plc:dnrkktjuabxs76dop3ucwspn/post/3m2zmpjuaoo2p,2025-10-12T21:16:48.989000+00:00,BAL,77
bluesky_post,bluesky,arianjoyandeh.bsky.social,lekker op de bal luc,https://bsky.app/profile/did:plc:mexeyqpslzl6mexte3ou7ajj/post/3m2zjvvtwl22s,2025-10-12T20:26:38.082000+00:00,BAL,20
bluesky_post,bluesky,voetbalprimeur.bsky.social,Gravenberch ziet progressie bij Oranje: 'Daarom leek het aan de bal niet goed',https://bsky.app/profile/did:plc:adkg7ae5q4trrnmaf7faams7/post/3m2zjppef3l23,2025-10-12T20:23:10.279000+00:00,BAL,78
bluesky_post,bluesky,donnina.bsky.social,"Ik vind dat u ook wel beveiliging mag hebben ‘dankzij’ een concullega die altijd op de man speelt en nooit op de bal, maar inhoudelijk niets klaarspeelt. Stay safe!",https://bsky.app/profile/did:plc:zeilj6t4dnfm4lliyzsy4rt3/post/3m2zitowegc2m,2025-10-12T20:07:30.781000+00:00,BAL,164
bluesky_post,bluesky,solosonthewall.bsky.social,zehir zikkim oldu bize bal badem,https://bsky.app/profile/did:plc:v3bpedo65ielurx6rs7j2ew7/post/3m2zis3gzlc2p,2025-10-12T20:06:35.883000+00:00,BAL,32
bluesky_post,bluesky,nflscorigami.bsky.social,"🏈 LAR 17 - 3 BAL FINAL ❌ No Scorigami. That score has happened 64 times before. Last time: Jan 7, 2024 New York Jets defeated New England Patriots",https://bsky.app/profile/did:plc:whl6wj24qs57zfmolrpibnra/post/3m2zi5htc6v2f,2025-10-12T19:55:05.079000+00:00,BAL,146
bluesky_post,bluesky,nfl-scorigami.bsky.social,"LAR 17 - BAL 3 Final No Scorigami. That score has happened 64 times before, most recently on January 7, 2024.",https://bsky.app/profile/did:plc:sbi3vewpvlpjivqhkogix5sz/post/3m2zi63bxm72m,2025-10-12T19:55:24.383000+00:00,BAL,109
bluesky_post,bluesky,surrender-index.tomkahe.com,"LAR decided to punt to BAL from the LAR 19 on 4th & 18 with 2:00 remaining in the 4th while winning 17 to 3. With a Surrender Index of 0.2, this punt ranks at the 0th percentile of cowardly punts of the 2025 season, and the 0th percentile of all punts since 1999.",https://bsky.app/profile/did:plc:wbfd4kwtj7l3qhbtz5uzjczw/post/3m2zhrf37fzm2,2025-10-12T19:48:45.080000+00:00,BAL,263
bluesky_post,bluesky,mavwreck.bsky.social,"I suspect they schedule the announcers far in advance (at least this early in the season) and don’t want to move them on short notice. The Fox A team is at LAR-BAL, which certainly looked like a good matchup before the season started.",https://bsky.app/profile/did:plc:teb2gp5apyaqjkq7quwnw3dd/post/3m2zfybom6k2r,2025-10-12T19:16:22.287000+00:00,BAL,234
bluesky_post,bluesky,blusky35.bsky.social,Ev bal dök yala oldu da yalayacak takatim kalmadı siz yalayın,https://bsky.app/profile/did:plc:cvuhxo7dnuujll4nwunmjivr/post/3m2zfso7tms2f,2025-10-12T19:13:15.177000+00:00,BAL,61
bluesky_post,bluesky,matp07.bsky.social,"📢 Save the date : Vendredi 17 octobre, 16h30, présentation du Cahier ""Bal(l)ade poétique en Ardèche"" à la Bibliothèque Saint-Exupéry d'Annonay. Venez nombreux, Présentation du Cahier, lectures de poèmes avec de belles rencontres et verre de l'amitié lui aussi très poétique... Pour MATP",https://bsky.app/profile/did:plc:hl3q3usvybxv2azsv7s5yxh2/post/3m2zfnuobas2u,2025-10-12T19:10:38.881000+00:00,BAL,286
bluesky_post,bluesky,nflscorigami.bsky.social,🏈 LAR 17 - 3 BAL 8:41 3Q This game has a 1.04% chance of ending in Scorigami. Most likely Scorigami: 20-11 (0.08%),https://bsky.app/profile/did:plc:whl6wj24qs57zfmolrpibnra/post/3m2zf35237v2t,2025-10-12T19:00:05.220000+00:00,BAL,114
bluesky_post,bluesky,nfl4th.com,"---> LA (17) @ BAL (3) <--- BAL has 4th & 1 at the BAL 29, Q3 08:59 Recommendation : 🤷 Toss-up (+0.5 WP) Actual play: 🚨 (Run formation) PENALTY on LA-K.Turner, Neutral Zone Infraction, 5 yards, enforced at BLT 29 - No Pl",https://bsky.app/profile/did:plc:wvwyaexejh63ldp67wqs7g6p/post/3m2zf24h4ze2q,2025-10-12T18:59:30.881000+00:00,BAL,220
bluesky_post,bluesky,scorebot.bsky.social,"LAR: Tyler Higbee 8 Yd pass from Matthew Stafford (Joshua Karty Kick) - LAR 17, BAL 3 - Q3, 10:20",https://bsky.app/profile/did:plc:z4zyqzdcxwbnsucggwt26ish/post/3m2zesxrvvd2e,2025-10-12T18:55:30.385000+00:00,BAL,97
bluesky_post,bluesky,nflscorigami.bsky.social,🏈 LAR 10 - 3 BAL 11:52 3Q Scorigami is quite unlikely (less than 1%) in this game.,https://bsky.app/profile/did:plc:whl6wj24qs57zfmolrpibnra/post/3m2zejafzah2h,2025-10-12T18:50:05.484000+00:00,BAL,82
bluesky_post,bluesky,scorebot.bsky.social,"LAR: Kyren Williams 3 Yd Rush (Joshua Karty Kick) - LAR 10, BAL 3 - Q3, 11:52",https://bsky.app/profile/did:plc:z4zyqzdcxwbnsucggwt26ish/post/3m2zedtjrjj2y,2025-10-12T18:47:05.477000+00:00,BAL,77
bluesky_post,bluesky,nfl4th.com,"---> LA (3) @ BAL (3) <--- LA has 4th & 2 at the BAL 33, Q3 12:20 Recommendation : 🤷 Toss-up (+0.5 WP) Actual play: 👉 (Shotgun) M.Stafford pass deep left to K.Williams to BLT 3 for 30 yards (T.Simpson). Penalty on BLT-",https://bsky.app/profile/did:plc:wvwyaexejh63ldp67wqs7g6p/post/3m2zeaywuwz2w,2025-10-12T18:45:28.176000+00:00,BAL,218
bluesky_post,bluesky,nfl4th.com,"---> LA (3) @ BAL (3) <--- BAL has 4th & 1 at the LAR 1, Q2 00:11 Recommendation (VERY STRONG): 👉 Go for it (+5.3 WP) Actual play: 👉 C.Bullock reported in as eligible. D.Henry left end to LA 3 for -2 yards (J.Verse).",https://bsky.app/profile/did:plc:wvwyaexejh63ldp67wqs7g6p/post/3m2zd5q25mk24,2025-10-12T18:25:44.377000+00:00,BAL,216
bluesky_post,bluesky,yackparlance.bsky.social,Lousy call in LAR/BAL game. Fumble,https://bsky.app/profile/did:plc:qkjldobpzktth7f24mtr27bu/post/3m2zd3wbidk2h,2025-10-12T18:24:43.681000+00:00,BAL,34
bluesky_post,bluesky,bob2theogolf.bsky.social,wow that ball looked to be out well before they blew the whistle to stop play in BAL/LAR,https://bsky.app/profile/did:plc:tsoqqnucbksoszskpmatrgwq/post/3m2zd2ngiqt2q,2025-10-12T18:24:00.484000+00:00,BAL,88
bluesky_post,bluesky,tafikandimkokomo.bsky.social,music.apple.com/us/album/bal...,https://bsky.app/profile/did:plc:jtx4wdor5jivev3vx6fuwmg7/post/3m2zcudmlrk2x,2025-10-12T18:20:29.379000+00:00,BAL,31
bluesky_post,bluesky,surrender-index.tomkahe.com,"LAR decided to punt to BAL from the LAR 12 on 4th & 8 with 3:38 remaining in the 2nd while tied 3 to 3. With a Surrender Index of 0.8, this punt ranks at the 22nd percentile of cowardly punts of the 2025 season, and the 30th percentile of all punts since 1999.",https://bsky.app/profile/did:plc:wbfd4kwtj7l3qhbtz5uzjczw/post/3m2zcnxnb3aw2,2025-10-12T18:17:05.678000+00:00,BAL,260
bluesky_post,bluesky,nickbaumgardner.bsky.social,"you can make a situation work in the NIL era if you can find a leader of young ppl -- doesn't have to be a brilliant X's and O's or even that great. You just need to be able to get kids in the door, keep them rowing the same way and buy a staff to do the rest. That is CFB in 2025 and beyond",https://bsky.app/profile/did:plc:377szmobv24dravpuuu5ihem/post/3m2zqdmt5ek2w,2025-10-12T22:21:41.386000+00:00,O's,291
bluesky_post,bluesky,forrestbrine.bsky.social,"Tumblr please never change I keep remembering a post I saw that was like “people with f/o‘s (selfshipper jargon for fictional other) in prison, they’re breaking out to get to you” and then under that “Proship dni” LMFAO WHAT ARE WE DOING HERE????????? GIRL WHAT",https://bsky.app/profile/did:plc:cyibjlblgoi3capvhknrxtvw/post/3m2zp7dq5fs2s,2025-10-12T22:01:23.881000+00:00,O's,261
bluesky_post,bluesky,gracieos.bsky.social,🥣🍇🦴🐾Pinned 2025🌌🛸🌟🚀 🌟howdy I’m Gracieo/George/Grapes! 💫multimedia artist + crocheter n I make little fuckin GUYS! Comment for commissions! 🌟 Website: gracieo.carrd.co 🌟 Commission: gracieo.carrd.co#commissioninfo 🌟 shop: ko-fi.com/gracieos 🌟 artfight.net/~gracieo 🌟 toyhou.se/gracieo Have a gday!,https://bsky.app/profile/did:plc:2dgzwqfrzqa24uq7aekgfwmh/post/3m2zp6dnwk22v,2025-10-12T22:00:55.982000+00:00,O's,296
bluesky_post,bluesky,vincefil.bsky.social,"The cruelty is the point. In their toxic masculinity, they get their rocks off my throwing grandmas to the ground, putting their knees on 15 y/o’s necks, zip tying children and shooting people’s beloved pets. *What really pisses me off is this won’t be reported on the evening news.*",https://bsky.app/profile/did:plc:imsidxyx34fb3u7rtopk4ft6/post/3m2zolzqe7k2z,2025-10-12T21:50:36.480000+00:00,O's,283
bluesky_post,bluesky,gracieos.bsky.social,Halloween is coming up so I wanna repost SCARIEO’S again! Go my werewolf/hyenas,https://bsky.app/profile/did:plc:2dgzwqfrzqa24uq7aekgfwmh/post/3m2zlvp7lyk24,2025-10-12T21:02:24.984000+00:00,O's,79
bluesky_post,bluesky,jaysrawley.bsky.social,"A personal favorite: “Elvis clone to reveal Jackie O’s secret UFO diet..!” not sure where I swiped that, maybe National Lampoon? but it was a long time ago..",https://bsky.app/profile/did:plc:miryfjprdzpmefytgz7i4rd5/post/3m2zhliu3vk2u,2025-10-12T19:45:03.380000+00:00,O's,157
bluesky_post,bluesky,mastomad.bsky.social,"After a decade of seeing e/o's faces everyday and Omi still not having murdered Bo? Yeah, sounds plausible.",https://bsky.app/profile/did:plc:mm4hcstmjhaxrudxicyo2jia/post/3m2zg7okew22l,2025-10-12T19:20:31.978000+00:00,O's,107
bluesky_post,bluesky,robinrae.bsky.social,"Well, the Raven’s season is pretty much like the O’s season. Wonderful.",https://bsky.app/profile/did:plc:gvegphmcklp4eqmou4uhw57h/post/3m2zfhsn5ts25,2025-10-12T19:07:09.683000+00:00,O's,71
bluesky_post,bluesky,cosmicspunky.bsky.social,"#day12 of halloween party #kinktober2025 sees the return of the day 1 pumpkin, now in jack-o-lantern form!",https://bsky.app/profile/did:plc:hzjmudyr4d2wadihndsdtsyv/post/3m2zdh6kd6s2w,2025-10-12T18:31:07.981000+00:00,O's,106
bluesky_post,bluesky,heisenbergkamp.bsky.social,The only proper response to getting fired when you have a big buyout is Coach O’s,https://bsky.app/profile/did:plc:b6osmcwm73tgvu2nm5vds37o/post/3m2zcyrvuu22s,2025-10-12T18:22:59.978000+00:00,O's,81
bluesky_post,bluesky,ladydelnumber1.bsky.social,The backlash from Prez O’s time in office ran way deeper than I ever imagined.,https://bsky.app/profile/did:plc:ijjf3y4ifao7v5ftw2e5nnln/post/3m2zaluf2cs2u,2025-10-12T17:39:57.284000+00:00,O's,78
bluesky_post,bluesky,ls24hrgrind.bsky.social,Rough year for the nation’s black & orange O’s & S’s universities… @sickoscommittee.org,https://bsky.app/profile/did:plc:b4g7dkvpuzdj4cvjbvlpdnnx/post/3m2z7marnkc2r,2025-10-12T17:22:16.484000+00:00,O's,87
bluesky_post,bluesky,rocksolver.rocks,These things are straight up Waffle-O’s (a long lost breakfast cereal of my childhood),https://bsky.app/profile/did:plc:5xhxjtveky64zoohwes6uy7z/post/3m2z47iy4mhor,2025-10-12T16:21:28.580000+00:00,O's,86
bluesky_post,bluesky,amyrey3.bsky.social,"Nina, I passed this along to Jerry O's son, who appreciated your funny writing style and agrees on all fronts!",https://bsky.app/profile/did:plc:blxwp7apscefk4szlp3yhqs5/post/3m2z2zfcisk24,2025-10-12T16:00:07.681000+00:00,O's,110
bluesky_post,bluesky,sportsgeek42.bsky.social,I won't go into the X's and O's because I'd just be repeating people who know more than me. What I can definitively say is that Wink is showing all the signs of a late career decline of a coach who doesn't want to believe that his system has been figured out.,https://bsky.app/profile/did:plc:k72shxqmrpi7yxrn6f5yb35j/post/3m2yylrng7c2y,2025-10-12T15:16:44.083000+00:00,O's,259
bluesky_post,bluesky,olliemcclellan.bsky.social,He's setting up those X's and O's like he's playing Tic-Tac-Dough.,https://bsky.app/profile/did:plc:rpjnaiprg2f7ba2cbmbayib4/post/3m2yyhsnkb227,2025-10-12T15:14:31.178000+00:00,O's,66
bluesky_post,bluesky,mountrutsch.bsky.social,see! also fair! and I wouldn't expect a yankees or red sox fan to move to maryland and adopt the o's.,https://bsky.app/profile/did:plc:2xnp3puqksrlqhjehdabnypp/post/3m2yxzojlnk2c,2025-10-12T15:06:37.481000+00:00,O's,101
bluesky_post,bluesky,rawnba.bsky.social,"[SERIOUS NEXT DAY THREAD] Post-Game Discussion (October 11, 2025) https://www.rawchili.com/4594036/ Here is a place to have in depth, x's and o's, discussions on yesterday's games. Post-game discussions are…",https://bsky.app/profile/did:plc:xlulqhjwqq6alvjkht57sbm5/post/3m2ywm2w6l72h,2025-10-12T14:41:06.684000+00:00,O's,207
bluesky_post,bluesky,kimschuss.bsky.social,"I get what you’re saying. I’m an Eagles fan because the Baltimore Colts left town & the Ravens didn’t exist when I was born. There was no way I was switching back when the Ravens came to Baltimore. My loyalty will forever be to the Eagles. If Delaware got a baseball team, I wouldn’t leave the O’s.",https://bsky.app/profile/did:plc:2qwmb6iwexpcm6kzbnmpy42y/post/3m2yuzsfwms2s,2025-10-12T14:12:59.979000+00:00,O's,298
bluesky_post,bluesky,soxonthebrain.bsky.social,"@cheesedog2024.bsky.social O's fan, trash-talking. lol",https://bsky.app/profile/did:plc:3m26ghar3vvbe3czjh5tqgp7/post/3m2yumwdlqc2q,2025-10-12T14:05:47.882000+00:00,O's,54
bluesky_post,bluesky,dmlfan928.bsky.social,"I would totally consider taking on a second team if I ever leave Maryland, but it would never be a Boston team or Pittsburgh team. But could I take on day the D'Backs? Sure. But they'd never replace Dem O's.",https://bsky.app/profile/did:plc:cxy4hyto35bnxt4m7jfvnymw/post/3m2ynlafqx224,2025-10-12T11:59:35.578000+00:00,O's,207
bluesky_post,bluesky,jpzo.bsky.social,"I’ve only recently began listening to Mr O’s Serius Radio Show, but find it excellent. And altho perhaps not appropriate for this post,I am aware of his comedy background. So,I must add, that when I hear his name, my musical mind goes to parody. To the Pina Colada song: 🎶 If you like Dean Obeidallah",https://bsky.app/profile/did:plc:yhjjlvx5vishabxrh3jtl2dy/post/3m2yn7u3sb222,2025-10-12T11:53:14.081000+00:00,O's,300
bluesky_post,bluesky,jaywoodss.bsky.social,"THE ONLY CORRECT NAME IS ""THE AFFORDABLE CARE ACT (ACT). keyword AFFORDABLE!!!A great and experienced team from Pres. O's admin. created the ACT, from the pres. VISION. Only s/b called the ACT. Helping millions!",https://bsky.app/profile/did:plc:nzd5dl4vbrd2mrx3okla6xro/post/3m2ymezjtbc24,2025-10-12T11:38:13.477000+00:00,O's,211
bluesky_post,bluesky,textflowers.bsky.social,#artbot #creativecoding,https://bsky.app/profile/did:plc:xsvjlkgwkmpxv7pdx6nrxxi6/post/3m2yl4baplw23,2025-10-12T11:15:25.682000+00:00,O's,23
bluesky_post,bluesky,campbells.bsky.social,Birdland was amazing. Jackson’s TV guitar on Break It Up also terrific,https://bsky.app/profile/did:plc:7qkonqmd6gowcab4oslpi3og/post/3m2zpfx7k2c2k,2025-10-12T22:05:06.479000+00:00,Birdland,70
bluesky_post,bluesky,dylanrevisited.bsky.social,"Patti Smith at the London Palladium was phenomenal. So many highlights but witnessing the poetic torrent of Birdland will stay with me. She was tender, ferocious, charismatic and adorably dorky. A true rock star.",https://bsky.app/profile/did:plc:x7anfftjd2jhyzrq2wfpphvf/post/3m2znxby7nc2w,2025-10-12T21:39:08.479000+00:00,Birdland,212
bluesky_post,bluesky,sounddiscoveries.bsky.social,#ProgressiveRock Niacin • Live In Tokyo 2005 Setlist Intro No Man's Land Do a Little Dirty Work I Miss You (Like I Miss The Sun) One Less Worry Pay Dirty Klaghorn Birdland Niacin You Keep Me Hangin On Three Feet Back,https://bsky.app/profile/did:plc:wzttyipfuicnjpjscglktwsc/post/3m2z7iwivdc2z,2025-10-12T17:20:27.483000+00:00,Birdland,216
bluesky_post,bluesky,queencityjamz.bsky.social,"Birdland nyc ""Jazz Corner of the World"" #awningspotting",https://bsky.app/profile/did:plc:jbihejycv62qbgu3af7cwix7/post/3m2yuhkgbqk2a,2025-10-12T14:02:54.683000+00:00,Birdland,55
bluesky_post,bluesky,birdseyeviewbal.bsky.social,"As we enter our 15th season of podcasting, we are the elder statesmen in Birdland. I think the given media from our last episode highlights who we are as a brand. Please give it a listen and follow us on your favorite Podcast platform. soundcloud.com/birdseyeview...",https://bsky.app/profile/did:plc:wmzg3m7vk6izlm2zukgm6b5b/post/3m2yrtonozs2v,2025-10-12T13:15:54.490000+00:00,Birdland,266
bluesky_post,bluesky,ramonbassons.bsky.social,Matías descubre que le ocultan un terrible secreto gracias al #Birdland de Quincy Jones youtu.be/Cqv5mhZIt2A?... Descubre cuál en #LaCintaNegra amzn.to/3Unjm3T,https://bsky.app/profile/did:plc:znqfq2xqrzovytwd3vroo32t/post/3m2ynxtpjd222,2025-10-12T12:06:42.282000+00:00,Birdland,159
bluesky_post,bluesky,fipnowplays.bsky.social,"♪ #nowplaying Darling, Je vous aime beaucoup - The Junior Mance Trio (The soulful piano of Junior/Big chief ! /At the Village Vanguard /Birdland broadcast performances - 1969) https://www.radiofrance.fr/fip",https://bsky.app/profile/did:plc:3judfjtr342mlrhlkc57dehk/post/3m2yltwgyqy2m,2025-10-12T11:28:40.278000+00:00,Birdland,206
bluesky_post,bluesky,orioles0.bsky.social,The 1966 Baltimore Orioles #BaltimoreOrioles #Birdland #MLB,https://bsky.app/profile/did:plc:ihcv25rqiz5an6nh6pstxfby/post/3m2ygsqtgxk2j,2025-10-12T09:58:36.177000+00:00,Birdland,59
bluesky_post,bluesky,baltimore--orioles.bsky.social,"Happy birthday, Tomo 🎂 #BaltimoreOrioles #Birdland #OriolesNation",https://bsky.app/profile/did:plc:xek4kwb5vncyhkcwv7qyqbrc/post/3m2yf52qtjs22,2025-10-12T09:28:35.581000+00:00,Birdland,65
bluesky_post,bluesky,wzig.bsky.social,Shapes Of Things | Yardbirds | Birdland,https://bsky.app/profile/did:plc:ryzo2vvek6qizrrnn7wpz5xm/post/3m2ydf2mrf32y,2025-10-12T08:57:10.281000+00:00,Birdland,39
bluesky_post,bluesky,thecrockpot.bsky.social,"This day in sports history: Oct 11, 1971. Orioles 3B Brooks Robinson hit 3 singles & recorded two walks, becoming 1st player in World Series history to reach base in 5 consecutive at bats in same game. Although Orioles would lose the Series in 7 games to the Pirates. For more, click below. #Birdland",https://bsky.app/profile/did:plc:n2dpktp3z7m2dzjwftrxrmpz/post/3m2xsymugfk2z,2025-10-12T04:03:56.280000+00:00,Birdland,300
bluesky_post,bluesky,ms518.bsky.social,"My local haunt’s owner thinks she’s funny. (I live upstate, so I expect this and we’re all good sports here.) #Orioles #Birdland",https://bsky.app/profile/did:plc:rwwffrdsbcz6e5w23qgdeswk/post/3m2xb37wqnc2b,2025-10-11T22:43:17.285000+00:00,Birdland,128
bluesky_post,bluesky,orioles0.bsky.social,"Happy birthday, Tomo 🎂 #BaltimoreOrioles #Birdland #MLB",https://bsky.app/profile/did:plc:ihcv25rqiz5an6nh6pstxfby/post/3m2xan3a6dc22,2025-10-11T22:35:21.481000+00:00,Birdland,55
bluesky_post,bluesky,milestones-archive.bsky.social,"Born this day, 1919: Drummer Art Blakey in Pittsburgh PA. Blakey and Miles played with Billy Eckstine in the mid 1940s and went on to be frequent bandmates in the early '50s, such as on this radio broadcast from Birdland. #jazz #jazzsky #milesdavis",https://bsky.app/profile/did:plc:f5tcgbylpjalpktk5fh5jhae/post/3m2wkopvj4k2o,2025-10-11T16:02:34.885000+00:00,Birdland,248
bluesky_post,bluesky,notasbajas.bsky.social,"""But Not For Me"" - Cyrille Aimee Live at Birdland www.youtube.com/watch?v=8xog...",https://bsky.app/profile/did:plc:t637ic6ilire7kiye5vzehan/post/3m2wi4sx4lc2o,2025-10-11T15:16:44.982000+00:00,Birdland,81
bluesky_post,bluesky,al21ex.bsky.social,"100 Lovable Parrots Coloring Book: Big, Bold, and Easy to Color www.amazon.com/dp/B0DT1L92J1 #Parrots #Parrot #birds #birdwatching #Birdland #BirdsSeenIn2025 #Tropical #coloring #coloringbook #KindleUnlimited #kindleweek #kindlebooks #Amazon #amazonkdp #kdp #gifts #books #BookReview",https://bsky.app/profile/did:plc:cmxruxdimdcsy7f4egrwa55q/post/3m2wg32j76c26,2025-10-11T14:39:51.089000+00:00,Birdland,283
bluesky_post,bluesky,baltimore--orioles.bsky.social,"Get those votes in, Birdland 🗳️",https://bsky.app/profile/did:plc:xek4kwb5vncyhkcwv7qyqbrc/post/3m2w25wcqzc2j,2025-10-11T11:06:58.184000+00:00,Birdland,31
bluesky_post,bluesky,orioles0.bsky.social,"Get those votes in, Birdland 🗳️ #BaltimoreOrioles #Birdland #MLB",https://bsky.app/profile/did:plc:ihcv25rqiz5an6nh6pstxfby/post/3m2vxxtgvsc22,2025-10-11T10:27:39.480000+00:00,Birdland,64
bluesky_post,bluesky,truthinthegroove.bsky.social,"Birdland — Hollow Heart (1989). Birmingham’s answer to The Stooges, or so the papers said. Touted one minute, torn down the next. Burned bright, burned out, left a cracking single behind. Still sounds like promise getting punched in the mouth.",https://bsky.app/profile/did:plc:3bdnbnpacxwtugi46tlej6p2/post/3m2vmwtp7vs2d,2025-10-11T07:10:11.479000+00:00,Birdland,243
bluesky_post,bluesky,kmonson.bsky.social,"We sorta just ended up at Birdland tonight for a Thelonious Monk birthday show, and were like ""wow this drummer is unbelievable."" Turns out it was Steve Smith from Journey. One of those magical NYC nights.",https://bsky.app/profile/did:plc:jc4x6qtydtjk7rclmbt6ajn6/post/3m2vhtw67ns2j,2025-10-11T05:39:06.882000+00:00,Birdland,205
bluesky_post,bluesky,chriswearstler.bsky.social,"I don't have a Birdland shirt because I think Birdland is cool now. If Birdland was at the original location, it could be more historical than The Vanguard. Birdland is lazy garbage. There was one Birdland employee that talked music; it looked like he had to pretend to be different to keep his job.",https://bsky.app/profile/did:plc:a2fdwwrufm3vyzssgwymtxqy/post/3m2vfntn65c2n,2025-10-11T04:59:54.479000+00:00,Birdland,299
bluesky_post,bluesky,chriswearstler.bsky.social,"Birdland is really bad. I had a good visit to Birdland before I ever went inside, and then some of the people I talked to were complete shit 2 visits later. There are always a couple really good employees in a pill commune trying to figure out why everyone is dumb fucked. I was a US Army employee...",https://bsky.app/profile/did:plc:a2fdwwrufm3vyzssgwymtxqy/post/3m2vfahqe7s2y,2025-10-11T04:52:25.879000+00:00,Birdland,300
bluesky_post,bluesky,chriswearstler.bsky.social,"I have to do my volunteer job for Uncle Samantha... The servers at the Jazz clubs are weird. I didn't notice it at The Vanguard really, but Birdland and the Blue Note have pill heads. A lot of foreign citizens travel to visit these clubs. It seems like some of the customers don't show up for music.",https://bsky.app/profile/did:plc:a2fdwwrufm3vyzssgwymtxqy/post/3m2vexkvnd22y,2025-10-11T04:47:27.183000+00:00,Birdland,299
bluesky_post,bluesky,chriswearstler.bsky.social,I also need a Village Vanguard t-shirt. They ran out of my size when I saw the house band. Baby Trane is the only one playing any time soon where I can go get a t-shirt. I already have a Birdland shirt. It took me a couple visits to get the one I wanted. The Blue Note is too new for a t-shirt on me.,https://bsky.app/profile/did:plc:a2fdwwrufm3vyzssgwymtxqy/post/3m2v37r6its2f,2025-10-11T01:53:05.185000+00:00,Birdland,300
bluesky_post,bluesky,quinnamiwrong.bsky.social,halloween cover set that is birdland by the weather report for an hour,https://bsky.app/profile/did:plc:4ipvls4wbms74q3tdrc3ugrl/post/3m2uwk5djuk23,2025-10-11T00:29:22.883000+00:00,Birdland,70
bluesky_post,bluesky,dualemblems.bsky.social,"Crunchyroll, maybe dont do same day dubs if you are gonna end up delaying them 2 weeks midway. If u r gonna be the main site 4 anime maybe keep to your schedules, also pls release blu rays of anime that have been out for yrs already (at least funimation would guarantee dvds if they were dubbed)",https://bsky.app/profile/did:plc:yatbalt25fznx6xk2asl7qhe/post/3m2zrdosyj22u,2025-10-12T22:39:36.780000+00:00,Rays,295
bluesky_post,bluesky,jameswebbdiscovery.com,Europa RHZ microbes thrive Cosmic rays power beauty - Learn how to choose the perfect telescope --> https://www.telescopeadvisor.com/how-to-choose-a-telescope.php and Grab Amazon PrimeDay Deal --> https://amzn.to/4mM1ZoX #Astronomy #AmazonAffiliate #NASA #Space,https://bsky.app/profile/did:plc:vdb6gif7jcjcycc3ctcq4d4s/post/3m2zqutxget2i,2025-10-12T22:31:18.384000+00:00,Rays,261
bluesky_post,bluesky,juicydemon.bsky.social,I regret to inform you that it is Casual Nudity Sunday,https://bsky.app/profile/did:plc:4qzn7x7pwlhztxkbysei4yd5/post/3m2zquqkr5s2f,2025-10-12T22:31:22.883000+00:00,Rays,54
bluesky_post,bluesky,repede.bsky.social,Waiting room for Digimon Savers blu-rays: 1531 Episode 23 Gotsumon -> Meteormon gets bukkorori'd Yes I'm putting in the Beatbreak puns already,https://bsky.app/profile/did:plc:sbr6key6ss36jq254dbtlllr/post/3m2zqhp2vjs2i,2025-10-12T22:24:05.282000+00:00,Rays,142
bluesky_post,bluesky,rawmlb.bsky.social,Rays Option Plays: Pete Fairbanks https://www.rawchili.com/4594843/ The second of four players who have a club option for 2026 that has to be either picked…,https://bsky.app/profile/did:plc:lgxwokjfnegutejxknkdpqwj/post/3m2zqc5yrtd27,2025-10-12T22:20:52.179000+00:00,Rays,156
bluesky_post,bluesky,wordofgreen.bsky.social,So @raccoon.pizza loaned me her blu rays of Babylon 5 and holy damn this show looks soooo much better in a modern resolution,https://bsky.app/profile/did:plc:g7cdew7q5sepyyht45awoyme/post/3m2zq6egwjc2z,2025-10-12T22:18:44.280000+00:00,Rays,124
bluesky_post,bluesky,noagendamedia.bsky.social,Crepuscular rays! - https://x.com/Halleyapps/status/1977495744954474715,https://bsky.app/profile/did:plc:3nmysccrsm6tca27soiqi4uj/post/3m2zprqxkbd2x,2025-10-12T22:11:41.285000+00:00,Rays,71
bluesky_post,bluesky,jamespascoe.bsky.social,"They really did choose some truly iconic artwork for this book, and I think this would be my first ever encounter of the fabled @cpdinosaurs.bsky.social since my copy is from 1988 and I’d only been alive a few years at that point 😅 Some truly beautiful vintage Palaeoart on display here",https://bsky.app/profile/did:plc:yb3ffpqlwnzlyws7gwt4ueub/post/3m2zpmwlmdc2g,2025-10-12T22:09:12.086000+00:00,Rays,286
bluesky_post,bluesky,makary.online,*laughs in Polish*,https://bsky.app/profile/did:plc:rl3erbcbetqftmjhhok4xepe/post/3m2zpigcq3s2v,2025-10-12T22:06:27.985000+00:00,Rays,18
bluesky_post,bluesky,orionspaceracc.bsky.social,"Hey y'all, I'm Orion! Spacefaring alien raccoon and bear (raccbear!) I'm a writer and photographer who can talk your ear off about astronomy, sci-fi, and vintage cameras. Also a switchy size fiend with a penchant for shrink rays~",https://bsky.app/profile/did:plc:eol7jkanbumhmhpoe2oana3b/post/3m2zphawht22v,2025-10-12T22:05:55.788000+00:00,Rays,229
bluesky_post,bluesky,anontranshoe.bsky.social,"I was confronted by roommate, who became agitated and angry, then grabbed a baseball bat and cornered me at the end of the hallway while repeatedly hitting me with the bat I was able to catch the swings on my forearm, which is now grossly swollen and sore but the x rays said no fractures",https://bsky.app/profile/did:plc:feurznwtaiocgqlz6vgtplj6/post/3m2zpfglbt225,2025-10-12T22:04:47.696000+00:00,Rays,288
bluesky_post,bluesky,volke.bsky.social,uploaded to the server without issue! sometime in the distant future I would like to update from a single external hard drive to a NAS. for now though time to start ripping all of our Blu-rays,https://bsky.app/profile/did:plc:54nwdriyufyknmzmwcshvmpl/post/3m2zpbi3v7s2x,2025-10-12T22:02:34.876000+00:00,Rays,192
bluesky_post,bluesky,mango5.bsky.social,I finished reading The War of the Worlds by H.G. Wells! Another book that left me feeling quite odd; conflicting feelings light and dark. Thoroughly enjoyed it! #booksky 💙📚 📚💙,https://bsky.app/profile/did:plc:nbo7klsflov547x3nn5hvwz4/post/3m2zpapvb522w,2025-10-12T22:02:11.082000+00:00,Rays,175
bluesky_post,bluesky,rawchili.bsky.social,Rays Option Plays: Pete Fairbanks https://www.rawchili.com/4594843/ The second of four players who have a club option for 2026 that has to be either picked…,https://bsky.app/profile/did:plc:rpraomxl4qbdazg322vwsno4/post/3m2zp57airl2s,2025-10-12T22:00:11.685000+00:00,Rays,156
bluesky_post,bluesky,jpesq.bsky.social,"Here's a fun piece of personal lore: I used to play a lot of cards, and over Xmas break in college, my friends and I took a trip to Atlantic City where I took down a poker tournament. Yes, the name at the top of the ticket is problematic, but I'm gonna hold onto it anyway.",https://bsky.app/profile/did:plc:mhae6tf2btmc6mkhtuor3sxm/post/3m2zol2l34s2g,2025-10-12T21:50:07.078000+00:00,Rays,273
bluesky_post,bluesky,kexpmusicbot.bsky.social,🇺🇦 #NowPlaying on #KEXP's #VarietyMix Beddy Rays: 🎵 Better in Blak #BeddyRays ▶️ 🪄 Automagic 🔊 show 📻 playlist on Spotify ▶️ Song on #Spotify:,https://bsky.app/profile/did:plc:vsy6p34jbnnnlv4zymvcgdwl/post/3m2zoc3qoe32b,2025-10-12T21:45:01.978000+00:00,Rays,142
bluesky_post,bluesky,vethrea.etheirys.social,At the moment Rays of devotion from pilgrims traverse has haunted my mind. Also the source is pretty good and this is Thancred song.,https://bsky.app/profile/did:plc:2772xnwbq5ougn6jr2yeg6uh/post/3m2znoudpdk2m,2025-10-12T21:34:16.377000+00:00,Rays,132
bluesky_post,bluesky,apocketfulofstars.bsky.social,Smited by gamma rays.,https://bsky.app/profile/did:plc:b6sgfafefejllpdeg44gzox6/post/3m2znm3djqc2s,2025-10-12T21:32:43.578000+00:00,Rays,21
bluesky_post,bluesky,rawmlb.bsky.social,"This Key Reason is Why Rays Will Likely Trade Pete Fairbanks This Winter https://www.rawchili.com/mlb/376606/ With the final four teams set in the MLB Postseason, the offseason planning for the Tampa Bay Rays…",https://bsky.app/profile/did:plc:lgxwokjfnegutejxknkdpqwj/post/3m2zmx5qa6d2f,2025-10-12T21:21:01.276000+00:00,Rays,209
bluesky_post,bluesky,nasadailypicbot.bsky.social,NASA Astronomy Hourly Picture - 2002-09-12: X-Rays From Tycho's Supernova Remnant #Astronomy #NASA #Space,https://bsky.app/profile/did:plc:a4rncxtx6abz2p5j7iqqioup/post/3m2zmvl5nii26,2025-10-12T21:20:08.284000+00:00,Rays,105
bluesky_post,bluesky,transformyyosh.bsky.social,"I've always watched weekly, but this one time, I might wait until it's either all out or until the Blu-rays are out ^^ Luckily, I've already read the manga",https://bsky.app/profile/did:plc:zlz7oc5fcevxmyikrgi4opja/post/3m2zmu5o6rc2b,2025-10-12T21:19:20.382000+00:00,Rays,155
bluesky_post,bluesky,cali-michael246.bsky.social,"First Rays of the Sun Hitting the Windows of a Building October 12, 2025 Beautiful San Francisco, CA",https://bsky.app/profile/did:plc:4aquqfr3frxy3c6yzmkvfbp4/post/3m2zmt4fndk2u,2025-10-12T21:18:48.482000+00:00,Rays,100
bluesky_post,bluesky,unpopularscience.bsky.social,"FWC records I have obtained show that MSQ captured over 1,500 wild animals from Biscayne Bay in 2023. Most of them are probably dead now, but many, including sharks and rays who could be decades old, are still trapped inside. This cannot be allowed to continue.",https://bsky.app/profile/did:plc:iowucqs3n7p7w6h5tfwfdsjs/post/3m2zmrg5xds2x,2025-10-12T21:17:48.956000+00:00,Rays,261
bluesky_post,bluesky,soulosurvivor.bsky.social,The Mire #Fallout76,https://bsky.app/profile/did:plc:rqwfhverf6cyntv7hltcjrkc/post/3m2zl3hnrws2y,2025-10-12T20:47:43.183000+00:00,Rays,19
bluesky_post,bluesky,rawmlb.bsky.social,"Rays’ Prospect Could Be Impact Rookie If Opportunity Arises Next Season https://www.rawchili.com/mlb/376558/ With the Final Four of the playoffs set, the Tampa Bay Rays are still planning out what their…",https://bsky.app/profile/did:plc:lgxwokjfnegutejxknkdpqwj/post/3m2zkoif4ki2c,2025-10-12T20:40:22.879000+00:00,Tampa Bay Rays,203
bluesky_post,bluesky,rawmlb.bsky.social,"Sports network disagreement leads to no Rays, Marlins games on local cable provider Comcast https://www.rawchili.com/mlb/376439/ Fans of the Tampa Bay Rays and Miami Marlins will have to find another way to watch their…",https://bsky.app/profile/did:plc:lgxwokjfnegutejxknkdpqwj/post/3m2zf3jrwly25,2025-10-12T19:00:17.777000+00:00,Tampa Bay Rays,219
bluesky_post,bluesky,rawmlb.bsky.social,"Outgoing Tampa Bay Rays owner Stu Sternberg gives parting bonuses to all full-time employees https://www.rawchili.com/mlb/376404/ After completing the $1.7B sale of the Rays, former owner Stu Sternberg “awarded cash bonuses to every full-time…",https://bsky.app/profile/did:plc:lgxwokjfnegutejxknkdpqwj/post/3m2zdz3zz7c2w,2025-10-12T18:41:02.478000+00:00,Tampa Bay Rays,243
bluesky_post,bluesky,crichton007.mastodon.social.ap.brid.gy,Imagine if the Oakland A’s owner had done this rather than caring nothing for not just the employees but also the fan base… https://www.nytimes.com/athletic/6707644/2025/10/10/tampa-bay-rays-stu-sternberg-employee-bonuses/?source=user_shared_article,https://bsky.app/profile/did:plc:frksyqe4qc2vctt7kotgcq7u/post/3m2zcn3pdpy22,2025-10-12T18:16:52.979000+00:00,Tampa Bay Rays,249
bluesky_post,bluesky,rawmlb.bsky.social,"This Key Reason is Why Rays Will Likely Trade Pete Fairbanks This Winter https://www.rawchili.com/mlb/376355/ With the final four teams set in the MLB Postseason, the offseason planning for the Tampa Bay Rays…",https://bsky.app/profile/did:plc:lgxwokjfnegutejxknkdpqwj/post/3m2zbr5p4ni26,2025-10-12T18:00:48.581000+00:00,Tampa Bay Rays,209
bluesky_post,bluesky,rawmlb.bsky.social,Rays $1.2 Million Relief Pitcher Projected for Massive Raise in Arbitration https://www.rawchili.com/mlb/376207/ There were a few bright spots for the Tampa Bay Rays this past season despite their underwhelming record…,https://bsky.app/profile/did:plc:lgxwokjfnegutejxknkdpqwj/post/3m2z32tmp5227,2025-10-12T16:00:57.481000+00:00,Tampa Bay Rays,218
bluesky_post,bluesky,rawmlb.bsky.social,"Rays’ Relief Pitcher Named Potential Trade Target for Tigers This Offseason https://www.rawchili.com/mlb/375946/ With the offseason quickly approaching in the Majors, the Tampa Bay Rays are watching to see who will…",https://bsky.app/profile/did:plc:lgxwokjfnegutejxknkdpqwj/post/3m2yoq4tvgm2k,2025-10-12T12:20:13.183000+00:00,Tampa Bay Rays,215
bluesky_post,bluesky,rawmlb.bsky.social,"Rays’ Relief Pitcher Named Potential Trade Target for Tigers This Offseason https://www.rawchili.com/mlb/375896/ With the offseason quickly approaching in the Majors, the Tampa Bay Rays are watching to see who will…",https://bsky.app/profile/did:plc:lgxwokjfnegutejxknkdpqwj/post/3m2ymiql3pb26,2025-10-12T11:40:17.783000+00:00,Tampa Bay Rays,215
bluesky_post,bluesky,rays.homegame.today,"Tampa Bay Rays — No, the next game at Tropicana Field is scheduled for Apr 6, 2026.",https://bsky.app/profile/did:plc:sbymro3ra22aiswuthzam2qy/post/3m2ydteyxoe2w,2025-10-12T09:05:11.082000+00:00,Tampa Bay Rays,83
bluesky_post,bluesky,mlbshitpostbot.bsky.social,Chicago Cubs v Tampa Bay Rays is the best rivalry in baseball!,https://bsky.app/profile/did:plc:ikts7dckhy67m6pftqoeydcw/post/3m2xw4yewl72r,2025-10-12T05:00:00.882000+00:00,Tampa Bay Rays,62
bluesky_post,bluesky,rawmlb.bsky.social,Three questions facing the Tampa Bay Rays during the offseason https://www.rawchili.com/mlb/375376/ The Tampa Bay Rays will enter the 2025-26 offseason with some uncertainty. Longtime Rays principal owner Stuart Sternberg…,https://bsky.app/profile/did:plc:lgxwokjfnegutejxknkdpqwj/post/3m2xn7kehur2l,2025-10-12T02:20:23.480000+00:00,Tampa Bay Rays,222
bluesky_post,bluesky,mascotfan1.bsky.social,It sucks being a Tampa Bay Rays fan sometimes.,https://bsky.app/profile/did:plc:fanvifkmwndqa42lygqy6pws/post/3m2xgvnm4fc2l,2025-10-12T00:27:28.681000+00:00,Tampa Bay Rays,46
bluesky_post,bluesky,rawmlb.bsky.social,Rays Emerging Star Pitcher Projected for Massive Raise in First Year of Arbitration https://www.rawchili.com/mlb/375186/ The Tampa Bay Rays had a few players stand out this season despite the team’s lack of overall…,https://bsky.app/profile/did:plc:lgxwokjfnegutejxknkdpqwj/post/3m2xebi6sex27,2025-10-11T23:40:24.684000+00:00,Tampa Bay Rays,215
bluesky_post,bluesky,rawmlb.bsky.social,Rays owners want ’100-plus’ acres for stadium site. Where could it go? – Tampa Bay Times https://www.rawchili.com/mlb/375192/ Rays owners want ’100-plus’ acres for stadium site. Where could it go? Tampa Bay TimesFive offseason questions the Rays…,https://bsky.app/profile/did:plc:lgxwokjfnegutejxknkdpqwj/post/3m2xeb6eaj22l,2025-10-11T23:40:13.786000+00:00,Tampa Bay Rays,246
bluesky_post,bluesky,rawmlb.bsky.social,Rays Have One Looming Question Heading Into Free Agency This Winter https://www.rawchili.com/mlb/375058/ The Tampa Bay Rays will be getting set for what should be an interesting winter. As the American…,https://bsky.app/profile/did:plc:lgxwokjfnegutejxknkdpqwj/post/3m2x5lxmwoc2k,2025-10-11T21:41:00.083000+00:00,Tampa Bay Rays,202
bluesky_post,bluesky,rawmlb.bsky.social,Rays Have One Looming Question Heading Into Free Agency This Winter https://www.rawchili.com/mlb/375005/ The Tampa Bay Rays will be getting set for what should be an interesting winter. As the American…,https://bsky.app/profile/did:plc:lgxwokjfnegutejxknkdpqwj/post/3m2x3dnpjqi2l,2025-10-11T21:00:34.081000+00:00,Tampa Bay Rays,202
bluesky_post,bluesky,rawmlb.bsky.social,What did Erik Neander think of what his new Rays bosses had to say? – Tampa Bay Times https://www.rawchili.com/mlb/374965/ What did Erik Neander think of what his new Rays bosses had to say? Tampa Bay TimesFive offseason questions…,https://bsky.app/profile/did:plc:lgxwokjfnegutejxknkdpqwj/post/3m2wz3rcbjg2k,2025-10-11T20:20:21.279000+00:00,Tampa Bay Rays,231
bluesky_post,bluesky,ericcrossmlb.bsky.social,"2025 Prospect of the Year: Tampa Bay Rays Ty Johnson (RHP) Age: 24 Level(s): AA Stats (26 GP, 20 GS, 110.1 IP) 2.61 ERA, 0.94 WHIP, 2.33 FIP 8.8% BB, 34.7% K, .172 BAA Runners Up: Bob Seymour (1B) & Ian Seymour (LHP) #RaysUp",https://bsky.app/profile/did:plc:66lawhumn3prl6xh7ofewk4u/post/3m2wnfkbpmk2n,2025-10-11T16:51:04.781000+00:00,Tampa Bay Rays,224
bluesky_post,bluesky,rawmlb.bsky.social,Breaking Down Why Red Sox Are Good Trade Partner for Rays’ Veteran Slugger https://www.rawchili.com/mlb/374603/ The planning for the offseason has officially begun for the Tampa Bay Rays and they will have no…,https://bsky.app/profile/did:plc:lgxwokjfnegutejxknkdpqwj/post/3m2wjhqigg52w,2025-10-11T15:40:43.584000+00:00,Tampa Bay Rays,209
bluesky_post,bluesky,rawmlb.bsky.social,"Rays’ Pitching Prospect Has Exceeded Expectations Since Team Acquired Him https://www.rawchili.com/mlb/374300/ With the Tampa Bay Rays focused on the offseason already after missing the playoffs, the team will be…",https://bsky.app/profile/did:plc:lgxwokjfnegutejxknkdpqwj/post/3m2w42mi5cr2o,2025-10-11T11:40:44.478000+00:00,Tampa Bay Rays,213
bluesky_post,bluesky,rays.homegame.today,"Tampa Bay Rays — No, the next game at Tropicana Field is scheduled for Apr 6, 2026.",https://bsky.app/profile/did:plc:sbymro3ra22aiswuthzam2qy/post/3m2vtefbu3u2w,2025-10-11T09:05:08.381000+00:00,Tampa Bay Rays,83
bluesky_post,bluesky,michaelpacholek.bsky.social,"I wrote this a year ago, after the hurricane that wrecked Tropicana Field: Here's an idea: Make John Fisher's Sacramento/Vegas team change its name, and make the Tampa Bay Rays the new Oakland Athletics. The Oakland-Alameda County Coliseum is a better stadium, anyway. (No, that's not a joke.)",https://bsky.app/profile/did:plc:3nysgyurk3lihminqor65t4o/post/3m2vcyxe3js2x,2025-10-11T04:12:26.779000+00:00,Tampa Bay Rays,293
bluesky_post,bluesky,armoredprincess.bsky.social,I’m thinking of getting really invested in the Tampa Bay Rays.,https://bsky.app/profile/did:plc:xrl342uotq4mpaw4xhcj4neo/post/3m2vbiza3722v,2025-10-11T03:45:36.777000+00:00,Tampa Bay Rays,62
bluesky_post,bluesky,joharraharper.bsky.social,Bookish Checkpoint. Last Book: Krampus Bad Fur Day by @michellefranklin.bsky.social. Current Reads: Bow and Blade by @ellielieberman.bsky.social. Newest Adds to TBR: Servants of Moon and Sun by @servantand.bsky.social. Eagerly Waiting: When Morning Comes by @ellielieberman.bsky.social.,https://bsky.app/profile/did:plc:vtqdfooxddb7yt3aefprjpls/post/3m2zrm7lmw22s,2025-10-12T22:44:22.685000+00:00,TBR,286
bluesky_post,bluesky,odrovirdraco.bsky.social,Dyana: Love in the Apocalypse 🧟 Zombie Apocalypse 🧟 Reverse Harem 🧟 Second Chance Romance 🧟 Ruthless FMC Who Does Anything To Survive 🧟 S€x Used As A Commodity Order Now: books2read.com/DyanaLitA #najameson #apocalypse #zombies #dyana #lita #reverseharem #tbr #spicybooks #dystopian,https://bsky.app/profile/did:plc:6gag7sumnrgva23umxatw554/post/3m2zri23lqp2l,2025-10-12T22:42:03.894000+00:00,TBR,282
bluesky_post,bluesky,dmeyerauthor.bsky.social,"Argh, I wanna read this one but my TBR is already booked solid...",https://bsky.app/profile/did:plc:m64h6fe4gsvffny5rbglawhw/post/3m2zrcw76kc2a,2025-10-12T22:39:11.777000+00:00,TBR,65
bluesky_post,bluesky,serephita.bsky.social,FUCK YEAH A CHUCK TINGLE BOOK! Camp Damascus is on my TBR after I finish Brandon Sandersons Secret Projects,https://bsky.app/profile/did:plc:bsr7lazy2jf3zojemkebqbdm/post/3m2zra2srik24,2025-10-12T22:37:34.784000+00:00,TBR,107
bluesky_post,bluesky,ritacoolbeans.bsky.social,bookish checkpoint! Last book: Among the Burning Flowers by Samantha Shannon Current read: Coal Gets In Your Veins by @catrector.com Newest adds to the TBR: Name Her Holy by @clericofthevoid.bsky.social Eagerly waiting for: Hazelthorn by C. G. Drews,https://bsky.app/profile/did:plc:iuycuxh2r33b424lkpol62bs/post/3m2zpre4eas2x,2025-10-12T22:11:27.880000+00:00,TBR,249
bluesky_post,bluesky,snhayes.bsky.social,#WritingCommunity #BookTok #Bookstagram #WritersOfInstagram #IndieAuthor #BookLovers #BookWorm #ReadersOfInstagram #AuthorLife #Bookish #IGReads #TBR #BookRecommendation #Storyteller #CreativeWriting,https://bsky.app/profile/did:plc:7gdbwkz72mk5pxixelmwc3ts/post/3m2zpc662s422,2025-10-12T22:02:58.683000+00:00,TBR,199
bluesky_post,bluesky,marysuesays.bsky.social,I WAS OUT AND I MISSED THE IGNYTE AWARD ANNOUNCEMENTS HOORAY TO ALL THE WINNERS! HOORAY TO EVERYONE WHO IS GOING TO GO THROUGH THIS LIST AND ADD TO THEIR TBR PILE!,https://bsky.app/profile/did:plc:c2b6nmexij4v6xr6vyqdydwy/post/3m2zn5mlkbc2e,2025-10-12T21:24:38.383000+00:00,TBR,163
bluesky_post,bluesky,aspiraldance.bsky.social,"Thanks for sharing ☺️ I am a cozy reader first and foremost. I read a wide range of things, but I always come back to cozy books at some point. I have a couple on my TBR already - The Lone Witch Cafe by Sydney Wilder, and Rewitched by Lucy Jane Wood.",https://bsky.app/profile/did:plc:ooau7tajzslpwigp7wcrfiem/post/3m2zmw5ablk2o,2025-10-12T21:20:28.483000+00:00,TBR,250
bluesky_post,bluesky,mythoforce.bsky.social,Picked up even more books today! Got a nice TBR now. Starting with To Walk On Worlds next.,https://bsky.app/profile/did:plc:be6tjbznjg3ka6zpxnd3teds/post/3m2zmj347i22y,2025-10-12T21:13:13.585000+00:00,TBR,90
bluesky_post,bluesky,adorkablesmile.bsky.social,"I think I'm gonna try to get at least one cookbook into my yearly tbr rotation. I've got a bunch on my shelves I've never read through - they're good for recipes, I've just never looked beyond those to what they can teach :')",https://bsky.app/profile/did:plc:6sgjdmq5jixxx4ohu2yb5s5o/post/3m2zmatxcq22g,2025-10-12T21:08:33.885000+00:00,TBR,225
bluesky_post,bluesky,tuftymctavish.com,"📆 It’s that time of the weekend for a weekly reading update! ✅ This week I completed my epic #JudgeDredd reading project alongside “I Am The Law”. 📖 Currently working on a Readalong pick with a looming deadline. Coming in hot on that one, once again 🤦‍♂ ⚔️ #FantasyBooks 🚀 #SciFiBooks 🪐📚💙 #BookSky 🦋",https://bsky.app/profile/did:plc:hixljzo4eonoi2qa5dbqvcsz/post/3m2zlwzwryk2z,2025-10-12T21:03:15.983000+00:00,TBR,299
bluesky_post,bluesky,masinger.bsky.social,*pats self on back for already having read some of these* *adds more to TBR list*,https://bsky.app/profile/did:plc:oawuhcgk5jr5ftii3t7rpvee/post/3m2zjyj7ju22v,2025-10-12T20:28:05.676000+00:00,TBR,81
bluesky_post,bluesky,lpcoolgirl.bsky.social,"Wheel of TBR #276, September 7th writingcrazyme.blogspot.com/2025/09/whee...",https://bsky.app/profile/did:plc:o3wv7mth75jzwk4smdmr3zkw/post/3m2zjotaohd2b,2025-10-12T20:22:40.277000+00:00,TBR,76
bluesky_post,bluesky,lauramarie.bsky.social,"bookish checkpoint --last book: Blackmail and Bibingka --current read(s): The Payback (ebook), Strong Female Character (audiobook) --newest adds to the tbr: Can't Slow Down: How 1984 Became Pop's Blockbuster Year --eagerly waiting for: The Last Hour Between Worlds",https://bsky.app/profile/did:plc:njkn4uc2j5d4qmhq35isgka2/post/3m2ziveg6qk22,2025-10-12T20:08:23.877000+00:00,TBR,264
bluesky_post,bluesky,wmhenrymorris.com,"The TBR pile were you can see it is key because I'm sure, like me, you also have several piles and lists that aren't in immediate view",https://bsky.app/profile/did:plc:m37sozbcxvdhhythvrxmdh4a/post/3m2ziok65ic25,2025-10-12T20:04:37.280000+00:00,TBR,134
bluesky_post,bluesky,kalmn.bsky.social,"This was amazing. I am calling it out because I have read it already, instead of it going on my TBR pile.",https://bsky.app/profile/did:plc:ypkcowoez4qx5jdxzity7gyj/post/3m2zi5tkh722f,2025-10-12T19:55:16.477000+00:00,TBR,105
bluesky_post,bluesky,gavreads.co.uk,"I have obtained copy, which is one step closer…. And it’s on a TBR pile where I can see it…",https://bsky.app/profile/did:plc:deholccp6usiyoovvlscnho2/post/3m2zhpshk2k2n,2025-10-12T19:47:29.877000+00:00,TBR,91
bluesky_post,bluesky,simmersam.bsky.social,bookish checkpoint 📝 ✧ last book: “Deep End” by Ali Hazelwood ✧ current read(s): “The Priory of the Orange Tree” by Samantha Shannon ✧ newest adds to the tbr: “The Compound” by Aisling Rawle ✧ eagerly waiting for: “We Met There” by Kasie West (from the library),https://bsky.app/profile/did:plc:uz5mfld5jtvortbfsbmgflef/post/3m2zhhkxops2z,2025-10-12T19:42:49.181000+00:00,TBR,261
bluesky_post,bluesky,samauthor.com,What's on your #TBR this week? Are you diving into some spooky romances for the season! Share your picks below 👇 #WeekendReads #BookRec #BookSky,https://bsky.app/profile/did:plc:vdjgughmaiiaanctrkaq4aji/post/3m2zgo3jrtk2h,2025-10-12T19:28:39.179000+00:00,TBR,144
bluesky_post,bluesky,ninamiller.bsky.social,@stanchion.bsky.social book mail!! Another banger on my TBR list! Love getting the swag from this book club. #WritingCommunity #readercommunity #bookclub Join the club and get so much more!!,https://bsky.app/profile/did:plc:cti75tr65vu33mdj7mct2vlz/post/3m2zglfsok22y,2025-10-12T19:27:10.183000+00:00,TBR,190
bluesky_post,bluesky,natashahoar.bsky.social,"…Hey, queer romance readers of Bluesky - can anyone recommend Christmas-y, wlw coming home and falling in love with a small town gal books in the style of Ashley Herring Blake’s work? (I already have her ‘Make the season bright’ in my TBR pile.)",https://bsky.app/profile/did:plc:4lfutib3wwgxggats646umd7/post/3m2zfhniwxk2q,2025-10-12T19:07:04.807000+00:00,TBR,245
bluesky_post,bluesky,odrovirdraco.bsky.social,"💙 Detective FMC 💙 MMF 💙 Childhood Crush 💙 Revenge Pre-order Now: books2read.com/CauseandCorr... In the murky world of right and wrong, toeing the line could cost you your life. I am a Renegade. I am the ultimate Corruption. #najameson #mmf #biawakening #mafia #darkromance #tbr #spicybooks",https://bsky.app/profile/did:plc:6gag7sumnrgva23umxatw554/post/3m2zf6gl4fi25,2025-10-12T19:01:55.386000+00:00,TBR,289
bluesky_post,bluesky,braverytewalker.bsky.social,Bookish Checkpoint: Last book: Insignia by Kincaid Current read: Vortex by Kincaid Newest adds to the TBR: The Odyssey Eagerly waiting for: More time to read my TBR list 😂,https://bsky.app/profile/did:plc:43ppbusaomr3vefc4txohclv/post/3m2zeua5pc22z,2025-10-12T18:56:12.976000+00:00,TBR,171
bluesky_post,bluesky,reinamwilliams.bsky.social,"Book 1 #20TBRBookChallenge Choose 20 books on your current TBR shelf. One book per day for 20 days, in no particular order. No explanations, no expectations, just covers. #Booksky #BookChallenge #ReadingChallenge #Readersky #ReinaReads",https://bsky.app/profile/did:plc:t2t3ndlvicozvov7emnsjqv7/post/3m2zeig44ak2x,2025-10-12T18:49:39.084000+00:00,TBR,235
bluesky_post,bluesky,lisibee815.bsky.social,"#20TBRBookChallenge 💙📚 Choose 20 books on your current TBR shelf. One book per day for 20 days, in no particular order. No explanations, just covers. 6/20 #BookSky #BookChallenge",https://bsky.app/profile/did:plc:jprdju2ca6jitnhea7ceecqg/post/3m2ze5jtvyc2u,2025-10-12T18:43:35.483000+00:00,TBR,178
bluesky_post,bluesky,bonniemac.bsky.social,Blue Jays!,https://bsky.app/profile/did:plc:zkpkgcb4zurxab2vhoaejzct/post/3m2zr743cs22c,2025-10-12T22:37:05.781000+00:00,Blue Jays,10
bluesky_post,bluesky,detectiveblinky.bsky.social,Go Blue Jays!,https://bsky.app/profile/did:plc:5zl6zitjn7bows36baudv2iw/post/3m2zr4ohlcc2d,2025-10-12T22:35:41.982000+00:00,Blue Jays,13
bluesky_post,bluesky,swede1952.bsky.social,"If you're enchanted by images of blue jays and other captivating corvids, dive into my photo gallery for a visual treat! Take a peek: swede1952-photographs.pixels.com 3/3",https://bsky.app/profile/did:plc:mqqstj5yzs6bgj52qc3hujdo/post/3m2zr46jyns22,2025-10-12T22:35:24.981000+00:00,Blue Jays,170
bluesky_post,bluesky,hosea6.bsky.social,Go blue jays just to piss off trump,https://bsky.app/profile/did:plc:sw4snirgj6nhsegdjvrlp4gv/post/3m2zr3xhmjc2m,2025-10-12T22:35:18.180000+00:00,Blue Jays,35
bluesky_post,bluesky,kylostimpy.bsky.social,LETS GO BLUE JAYS!!!!,https://bsky.app/profile/did:plc:ucb4rhjjjijmadyfdvbgimdy/post/3m2zqztmzjs2b,2025-10-12T22:34:11.584000+00:00,Blue Jays,21
bluesky_post,bluesky,damonesparrot.bsky.social,Seattle pitchers managed 7K’s all year against the Blue Jays Trey Yesavage posted 11K’s in 1 game against the best offence in the game Gonna be a very hard series,https://bsky.app/profile/did:plc:qppi4h5dep3ykjeapzior6bp/post/3m2zqz2rnf22j,2025-10-12T22:33:40.079000+00:00,Blue Jays,162
bluesky_post,bluesky,gummyarts.bsky.social,"George Springer, Toronto Blue Jays",https://bsky.app/profile/did:plc:lbqrvx5fxlygjuupa2t6de3b/post/3m2zqtplcqk2e,2025-10-12T22:30:42.584000+00:00,Blue Jays,34
bluesky_post,bluesky,riversaredamp.bsky.social,Blue Jays!,https://bsky.app/profile/did:plc:hyug2hxtdj6t7vox5bs6lb24/post/3m2zqrlunqc2u,2025-10-12T22:29:29.479000+00:00,Blue Jays,10
bluesky_post,bluesky,saga.iam.bi,Blue Jays,https://bsky.app/profile/did:plc:kjgrncydlh3qla5kazheaf72/post/3m2zqnq6pgs2x,2025-10-12T22:27:19.887000+00:00,Blue Jays,9
bluesky_post,bluesky,iamthewalrus67.bsky.social,Blue Jays!,https://bsky.app/profile/did:plc:jjwjv2wqdqozg65m7vjo3vy7/post/3m2zqmrgp5s2x,2025-10-12T22:26:48.180000+00:00,Blue Jays,10
bluesky_post,bluesky,spillanetp.bsky.social,"Ladies and Gentlemen, a blessed Canadian Thanksgiving to you and yours. May all your Maples be Leafs, and your Jays blue as the cloudless skies",https://bsky.app/profile/did:plc:6b4to3vc6rwui2gncsi6x7u6/post/3m2zqiuynes2n,2025-10-12T22:24:37.480000+00:00,Blue Jays,143
bluesky_post,bluesky,thejaysnation.bsky.social,Blue Jays: Don’t expect Anthony Santander to come out of the lineup in the ALCS,https://bsky.app/profile/did:plc:sxwlhqdcvkrihci53x6aw43u/post/3m2zqeorvrq2i,2025-10-12T22:22:17.588000+00:00,Blue Jays,79
bluesky_post,bluesky,librariman.bsky.social,blue jays!,https://bsky.app/profile/did:plc:jljg6g3mvztyeledpznaub4y/post/3m2zqekzpzs2w,2025-10-12T22:22:11.786000+00:00,Blue Jays,10
bluesky_post,bluesky,mentoch.bsky.social,Blue Jays!,https://bsky.app/profile/did:plc:wveidvmniob6egctikkiu4hv/post/3m2zqe7dme22y,2025-10-12T22:22:00.881000+00:00,Blue Jays,10
bluesky_post,bluesky,bcjbcj.bsky.social,"a funny thing about how wire services worked is that my local paper has picked up a story about travel options to see the Blue Jays play in Seattle and it is starting from the assumption that I live in Vancouver or Victoria, not Winnipeg or Toronto. Why not just assume I live in Seattle then?",https://bsky.app/profile/did:plc:7kwqhayylfsikxwde764lqkl/post/3m2zqdpvcxs2y,2025-10-12T22:21:43.988000+00:00,Blue Jays,293
bluesky_post,bluesky,rawmlb.bsky.social,Game Thread: October 12 – Seattle Mariners (90-72) @ Toronto Blue Jays (94-68) – 8:03 PM https://www.rawchili.com/4594841/ Mariners (90-72) @ Blue Jays (94-68) First Pitch: 8:03 PM at Rogers Centre Team Starter TV Radio Mariners…,https://bsky.app/profile/did:plc:lgxwokjfnegutejxknkdpqwj/post/3m2zqby3aw52o,2025-10-12T22:20:45.286000+00:00,Blue Jays,229
bluesky_post,bluesky,rawmlb.bsky.social,"Mariners ALCS Game 1 Notes — October 12 at Blue Jays | by Mariners PR | Oct, 2025 https://www.rawchili.com/4594883/ Press enter or click to view image in full size AS YOU MAY KNOW…the Mariners were victorious in…",https://bsky.app/profile/did:plc:lgxwokjfnegutejxknkdpqwj/post/3m2zqbuuhw626,2025-10-12T22:20:42.286000+00:00,Blue Jays,212
bluesky_post,bluesky,jeff-maljjin.bsky.social,"A few hours later, I was with my mom, watching the Jays, trying to ease my mind. I don't remember all the details of that game, but I certainly remember The Bat Flip. What a moment! Even with all the stress and the unknown, I was able to enjoy a few moments of celebration.",https://bsky.app/profile/did:plc:uukzsnvg2od4nakanxhxxh4w/post/3m2zrlfh4ee2d,2025-10-12T22:43:55.462000+00:00,Jays,273
bluesky_post,bluesky,seafoodflan.bsky.social,Hell ya bud pft says go jays go,https://bsky.app/profile/did:plc:xsfcnrro2w7bf7rrubmilkr4/post/3m2zrbe5inc2d,2025-10-12T22:38:16.777000+00:00,Jays,31
bluesky_post,bluesky,boomerbob.bsky.social,I can just imagine orange skid marks not having an American team to invite to the WH if the Jays win. Pleasant thought 😁,https://bsky.app/profile/did:plc:4k4mzjn5xhjuit2lte4wjj7d/post/3m2zr6hayjk2y,2025-10-12T22:36:41.079000+00:00,Jays,120
bluesky_post,bluesky,de-nachrichten.bsky.social,Mit einem Tor in allerletzter Sekunde hat Rumänien die Chance auf die Weltmeisterschaft gewahrt und Österreich einen ersten Dämpfer in der Quali verpasst.,https://bsky.app/profile/did:plc:ryrqylbqv7izbppbd3g5pxf4/post/3m2zrg3ulkl2j,2025-10-12T22:40:57.777000+00:00,TOR,154
bluesky_post,bluesky,mjernst.bsky.social,Need to secure a TOR SP. Can't count on Boyd repeating or Steele returning at full strength. Tough decision with Imanaga option too. Not sure how to judge as an outsider. I expect the normal BP churn. I remain in favor of signing Tucker and trading one of Happ/Suzuki but I'm less committed to it.,https://bsky.app/profile/did:plc:pqz43zmbjtjwqsvl5bt7njrx/post/3m2zpmhle622z,2025-10-12T22:08:43.485000+00:00,TOR,297
bluesky_post,bluesky,strufus70.bsky.social,Ich nehme Tor 1,https://bsky.app/profile/did:plc:tszuinui7cmxk45dqzuxthca/post/3m2zovaz5k22v,2025-10-12T21:55:45.283000+00:00,TOR,15
bluesky_post,bluesky,trengerkaffe.bsky.social,"Måtte tenke litt på eksempelet ditt, er glemsk i norrønt så det tar meg litt tid. Det er Tor som har blitt forbanna det er snakk om, ja?",https://bsky.app/profile/did:plc:xvdse2vh4kijkekpdvuys2zp/post/3m2zot2spsc2c,2025-10-12T21:54:34.378000+00:00,TOR,136
bluesky_post,bluesky,kurtblumenau.bsky.social,The earliest TOR powder blues with the solid dark blue lettering are underrated,https://bsky.app/profile/did:plc:tea6dliogvkoyvxto7wcabfz/post/3m2znp5iel22x,2025-10-12T21:34:26.478000+00:00,TOR,79
bluesky_post,bluesky,oakgroveradio.com,🎶 #nowplaying Rush - By-Tor And The Snow Dog 📻 Listen at https://oakgroveradio.com #lpfm #localradio #communityradio #kansas,https://bsky.app/profile/did:plc:dvzkrqfm7lckob4riwkprear/post/3m2zn4nhgbf2y,2025-10-12T21:24:05.077000+00:00,TOR,124
bluesky_post,bluesky,michaelvlevine.bsky.social,"Just ban Tamiyo, TOR, and Thassa’s Oracle. Legacy will be awesome.",https://bsky.app/profile/did:plc:2g665rw56nsh2mztwat7oxc6/post/3m2zmxy23ec2d,2025-10-12T21:21:29.081000+00:00,TOR,66
bluesky_post,bluesky,fringemedia.bsky.social,"Sean Ryan played baseball at the University of Richmond in the 1990s, and in his first year, his roommate was Mark Budzinski, now the first base coach for the Toronto Blue Jays. augustafreepress.com/news/mlb-tor...",https://bsky.app/profile/did:plc:q5ucunfkekc4id7fctys4pco/post/3m2zmwml4mk2f,2025-10-12T21:20:44.184000+00:00,TOR,214
bluesky_post,bluesky,mpopp75.bsky.social,"Wäre besser gewesen, sie hätten früher das Tor bekommen. Damit sie gewusst hätten, dass sie ihren Arsch bewegen und mehr machen müssen, als das 0:0 verwalten.",https://bsky.app/profile/did:plc:4w2xeny5meybox4vazryqvwp/post/3m2zmmrhyhk2x,2025-10-12T21:15:12.681000+00:00,TOR,158
bluesky_post,bluesky,demo-ticker-berlin.bsky.social,"💥Announcement! Monday 13.10.2025💥 🏳️‍🌈🏳️‍⚧️ Queer Diary Reading 🏳️‍⚧️🏳️‍🌈 Monday, 13.10.2025 | 8 p.m. | 🌈 Regenbogen Cafè ☕️Lausitzer Straße 22a 10999 Berlin Arrival: M29 Ohlauer Straße | U1, U3, U8 Kottbusser Tor | U8 Schönleinstraße 📣 Call to action: asanb.noblogs.org?p=13511 #b1310 #QueerDiaryReading",https://bsky.app/profile/did:plc:wztpwbjvq5aoqqdhzdq6my3z/post/3m2zmaoo5nc24,2025-10-12T21:08:29.583000+00:00,TOR,304
bluesky_post,bluesky,demo-ticker-berlin.bsky.social,"💥Ankündigung! Montag 13.10.2025💥 🏳️‍🌈🏳️‍⚧️ Queer Diary Reading 🏳️‍⚧️🏳️‍🌈 Montag, 13.10.2025 | 20:00 Uhr | 🌈 Regenbogen Cafè ☕️Lausitzer Straße 22a 10999 Berlin Anreise: M29 Ohlauer Straße | U1, U3, U8 Kottbusser Tor | U8 Schönleinstraße 📣 Aufruf: asanb.noblogs.org?p=13511 #b1310 #QueerDiaryReading",https://bsky.app/profile/did:plc:wztpwbjvq5aoqqdhzdq6my3z/post/3m2zm5auj4k24,2025-10-12T21:06:34.679000+00:00,TOR,298
bluesky_post,bluesky,demo-ticker-berlin.bsky.social,"💥Announcement! Monday 13.10.2025💥 🔥Follow-up meeting for Jüterbog!🔥 Monday, 13.10.2025 | 7 p.m. | 🌈 Regenbogenfabrik 🏭 Lausitzer Straße 21a, 10999 Berlin Arrival: M29 Ohlauer Straße | U1, U3, U8 Kottbusser Tor | U8 Schönleinstraße 📣 Call to action: asanb.noblogs.org?p=13509 #b1310 #widersetzen",https://bsky.app/profile/did:plc:wztpwbjvq5aoqqdhzdq6my3z/post/3m2zm3hgjos24,2025-10-12T21:05:33.983000+00:00,TOR,294
bluesky_post,bluesky,demo-ticker-berlin.bsky.social,"💥Ankündigung! Montag 13.10.2025💥 🔥Nachbereitungstreffen für Jüterbog!🔥 Montag, 13.10.2025 | 19:00 Uhr | 🌈 Regenbogenfabrik 🏭 Lausitzer Straße 21a, 10999 Berlin Anreise: M29 Ohlauer Straße | U1, U3, U8 Kottbusser Tor | U8 Schönleinstraße 📣 Aufruf: asanb.noblogs.org?p=13509 #b1310 #widersetzen",https://bsky.app/profile/did:plc:wztpwbjvq5aoqqdhzdq6my3z/post/3m2zlyxhync24,2025-10-12T21:04:10.281000+00:00,TOR,292
bluesky_post,bluesky,simg.bsky.social,"Hei, det er meg igjen👋😉 Tør ikke si noe om VM enda, men kan si at det var GØY med 5-0-seier i går!🤩⚽️🇳🇴 #Norge #Norway #Landslaget #VM #WorldCup #FIFAWorldCup2026 #European #Qualifiers #Haaland #Fotball #Soccer #Football www.vg.no/sport/i/pPoX...",https://bsky.app/profile/did:plc:vklfcq2lyb7iry2kcqotqwbw/post/3m2zlwe7c522c,2025-10-12T21:02:42.382000+00:00,TOR,246
bluesky_post,bluesky,querdenken.watch,"Man beklagt sich etwa auch darüber, dass man nicht ""durch das Brandenburger marschieren"" gedurft habe. Das ist generell nie erlaubt, sämtliche Versammlungen gehen immer um den Block statt durch das Tor. Und das ist ob der Geschichte richtig so.",https://bsky.app/profile/did:plc:5tm74ys25n5i3ewbompwcojz/post/3m2zl53fq6c23,2025-10-12T20:48:32.481000+00:00,TOR,244
bluesky_post,bluesky,stacynguyen.bsky.social,perhaps the tor browser would get them off your back? www.torproject.org,https://bsky.app/profile/did:plc:e3pelzqjtbi5bfczsrddffd6/post/3m2zkzlsexs2a,2025-10-12T20:46:37.487000+00:00,TOR,72
bluesky_post,bluesky,derchristoph.bsky.social,Nicht geschaut. Grad zum Tor hingeschaltet. Hmmmpf. Fühle mich schuldig. #ROUAUT,https://bsky.app/profile/did:plc:umetmx2y7momqoekx5sfslhd/post/3m2zkr2oecs2i,2025-10-12T20:41:48.784000+00:00,TOR,80
bluesky_post,bluesky,robertglattau.bsky.social,"Tolles Tor, kamma nix sagen #ROUAUT",https://bsky.app/profile/did:plc:twjb3auvqoizy5avlasqym23/post/3m2zko6wyyg2k,2025-10-12T20:40:12.580000+00:00,TOR,35
bluesky_post,bluesky,mind-ur-business.bsky.social,Has anyone ever heard of or seen this? It keeps showing up in one of my games that I play. And it’s clearly right wing. Would any of you give this to your children? tuttletwins.com/pages/products,https://bsky.app/profile/did:plc:yb3ku7dobsfh5iw2gzvks7cx/post/3m2zjopxlas2r,2025-10-12T20:22:40.781000+00:00,TOR,195
bluesky_post,bluesky,vespian.bsky.social,"My thoughts are that Cid had his strong suspicions that Joshua was alive, but was waiting for Gav to be able to actually confirm it before sitting Clive down and having a conversation about it. The inner voices insight does seem to support that, as it implies Cid's trying to puzzle him out.",https://bsky.app/profile/did:plc:4h23jjibuh6uvjochtmqxdgy/post/3m2zjmrrbsc2n,2025-10-12T20:21:35.183000+00:00,TOR,291
bluesky_post,bluesky,leadasbestos.bsky.social,"One Ring absolutely nails the vibe, but the learning curve is considerable. My group was too big, and have several players brand new to RPGs, and ToR was the wrong choice. They are big LoTR fans, so they wanted to try...",https://bsky.app/profile/did:plc:jo2rf3idiabzgahzm5jsnh6y/post/3m2zjb4kksk27,2025-10-12T20:15:00.977000+00:00,TOR,220
bluesky_post,bluesky,mza.bsky.social,🚨 ALCS Game 1 Tonight! 🚨 Mariners @ Blue Jays 8:03 PM ET at Rogers Centre Starting Pitchers: ⚾ Bryce Miller (SEA) 🔵 Kevin Gausman (TOR) Young talent vs veteran experience - should be a great matchup to start the series! #ALCS #Mariners #BlueJays #MLB,https://bsky.app/profile/did:plc:kmf2teoajzxaqn53732kfcso/post/3m2zi3uzn5q2s,2025-10-12T19:54:10.778000+00:00,TOR,250
bluesky_post,bluesky,andysmartphoto.bsky.social,What time did you have to go up the Tor to not have to share it with other people? I've been there a fair few times and never had it to myself..,https://bsky.app/profile/did:plc:z4bj7zk6flalgjqalldknn5t/post/3m2zhbkkw4k2z,2025-10-12T19:39:27.878000+00:00,TOR,144
bluesky_post,bluesky,nerdicdefence.bsky.social,Norway making overtures to Poland to get them to join the Norwegian/German Type 212 CD submarine purchase. Reportedly Canada is also considering the platform. www.forsvaretsforum.no/politikk-tor...,https://bsky.app/profile/did:plc:okbnztu6dquvawz2a655e4zg/post/3m2zgpedur223,2025-10-12T19:29:12.283000+00:00,TOR,197
bluesky_post,bluesky,neoncomet.bsky.social,I READ THIS BEFORE THE QUOTE AND YOU ALMOST GAVE ME A HEART ATTACK PHI,https://bsky.app/profile/did:plc:y7xvgakpfhirboqshdkaumnb/post/3m2zowiporc23,2025-10-12T21:56:26.876000+00:00,PHI,70
bluesky_post,bluesky,namirocket.bsky.social,"I would really love it if they just took these, changed the font on them to be not Phi Slama Jama related (maybe the Clutch City font), swapped the blue with yellow, and made them the default kit. They'd instantly be the best uniforms in the team's history.",https://bsky.app/profile/did:plc:oljtfkyulex4iv45deplyg7k/post/3m2znjvthss23,2025-10-12T21:31:32.080000+00:00,PHI,257
bluesky_post,bluesky,castyman22205.bsky.social,Definitely Seems miserable on the Jersey shore today bsky.app/profile/phi....,https://bsky.app/profile/did:plc:4pwp4qicof4xnluimircfla7/post/3m2zmsr6bdk25,2025-10-12T21:18:33.495000+00:00,PHI,77
bluesky_post,bluesky,phl.nws-bot.us,"PHI continues Coastal Flood Warning for Coastal Ocean, Ocean, Southeastern Burlington [NJ] till Oct 13, 8:00 PM EDT at Sun, 12 Oct 2025 20:32:56 +0000 via IEMbot Additional Details Here.",https://bsky.app/profile/did:plc:74qu5axuqespewzbhzsmg4g7/post/3m2zkzrdt772j,2025-10-12T20:46:41.198000+00:00,PHI,186
bluesky_post,bluesky,phl.nws-bot.us,"PHI continues Coastal Flood Advisory for Camden, Gloucester, Northwestern Burlington [NJ] and Delaware, Lower Bucks, Philadelphia [PA] till Oct 13, 11:00 PM EDT at Sun, 12 Oct 2025 20:32:56 +0000 via IEMbot Additional Details Here.",https://bsky.app/profile/did:plc:74qu5axuqespewzbhzsmg4g7/post/3m2zkzrna2w2x,2025-10-12T20:46:41.283000+00:00,PHI,231
bluesky_post,bluesky,phl.nws-bot.us,"PHI issues Public Information Statement (PNS) at Oct 12, 4:07 PM EDT ...HIGHEST WIND REPORTS... via IEMbot Additional Details Here.",https://bsky.app/profile/did:plc:74qu5axuqespewzbhzsmg4g7/post/3m2zjvw4p252v,2025-10-12T20:26:38.286000+00:00,PHI,131
bluesky_post,bluesky,obe1cabo.bsky.social,"Just in case @melissag.bsky.social and/or @girlybojon.bsky.social live in the maps on this forecast, please Get The Heck Out Of There! 🙏 Floods aren't good for anyone, especially you pettit people. www.weather.gov/media/phi/cu...",https://bsky.app/profile/did:plc:4iexsuc5merjizcqumd2htce/post/3m2ziueybc22h,2025-10-12T20:07:52.980000+00:00,PHI,229
bluesky_post,bluesky,phl.nws-bot.us,"PHI issues Summary Local Storm Report at Sun, 12 Oct 2025 20:06:37 +0000 via IEMbot Additional Details Here.",https://bsky.app/profile/did:plc:74qu5axuqespewzbhzsmg4g7/post/3m2zisa4p3x2h,2025-10-12T20:06:40.580000+00:00,PHI,108
bluesky_post,bluesky,phl.nws-bot.us,"PHI issues Area Forecast Discussion (AFD) at Oct 12, 4:02 PM EDT at Sun, 12 Oct 2025 20:02:26 +0000 via IEMbot Additional Details Here.",https://bsky.app/profile/did:plc:74qu5axuqespewzbhzsmg4g7/post/3m2zisagx7x2h,2025-10-12T20:06:41.079000+00:00,PHI,135
bluesky_post,bluesky,thephi.blue,"Take Mark's initials: M H. Convert each initial to its A=1…Z=26 position: M = 13, H = 8. Sum them: 13 + 8 = 21. Map that number to the Greek alphabet (α=1, β=2, …): the 21st Greek letter is φ (Phi), my Bluesky handle. I think Mark is my distant alphabet cousin. 😁",https://bsky.app/profile/did:plc:nhaz2jyld73m5tmz422kxhtr/post/3m2zh5jh3ek24,2025-10-12T19:37:12.779000+00:00,PHI,263
bluesky_post,bluesky,altcdc.altgov.info,"Again, many states are very responsible around health data. At the state level vaccination records are essential to protecting the public. Our message is to our partners to not share PHI with CDC. On the individual level, we encourage you to call your governor and raise concerns about CDC data.",https://bsky.app/profile/did:plc:xtrzqicesfwterpbweugpl4u/post/3m2zgiquuss2r,2025-10-12T19:25:36.783000+00:00,PHI,295
bluesky_post,bluesky,nerdyisland.bsky.social,Context: Clinic Assistants not giving us information at all about what they need when 99/100 DMs are PHI free questions that could be resolved without DMs.,https://bsky.app/profile/did:plc:ioli7hhvlwbpjiztbdnjrlvm/post/3m2zgaigiw22w,2025-10-12T19:20:58.877000+00:00,PHI,155
bluesky_post,bluesky,phl.nws-bot.us,"PHI issues Area Forecast Discussion (AFD) at Oct 12, 2:57 PM EDT at Sun, 12 Oct 2025 18:58:03 +0000 via IEMbot Additional Details Here.",https://bsky.app/profile/did:plc:74qu5axuqespewzbhzsmg4g7/post/3m2zfguvghw24,2025-10-12T19:06:38.477000+00:00,PHI,135
bluesky_post,bluesky,ggeog73.bsky.social,"Na drugim biegunie są... jak to kiedyś określił znajomy - są ci, którzy trzaskają, jak by robili backup rzeczywistości ;) Dziś kto wzruszy ramionami: oszczędność? Phi. A przecież nie o oszczędność tutaj tak na prawdę chodzi, prawda? Możliwości techniczne trochę zabijają kreatywność... I klimat ;)",https://bsky.app/profile/did:plc:se5uqymzzbyvswlndx5ssqgo/post/3m2zdazipvc2b,2025-10-12T18:27:35.876000+00:00,PHI,297
bluesky_post,bluesky,phl.nws-bot.us,"PHI continues Wind Advisory for Inland Sussex [DE] and Atlantic, Ocean, Southeastern Burlington, Western Monmouth [NJ] till Oct 13, 6:00 AM EDT at Sun, 12 Oct 2025 18:07:44 +0000 via IEMbot Additional Details Here.",https://bsky.app/profile/did:plc:74qu5axuqespewzbhzsmg4g7/post/3m2zd7h7h3526,2025-10-12T18:26:41.878000+00:00,PHI,214
bluesky_post,bluesky,phl.nws-bot.us,"PHI continues High Wind Warning for Delaware Beaches [DE] and Atlantic Coastal Cape May, Cape May, Coastal Atlantic, Coastal Ocean, Eastern Monmouth [NJ] till Oct 13, 6:00 AM EDT ... at Sun, 12 Oct 2025 18:07:44 +0000 via IEMbot Additional Details Here.",https://bsky.app/profile/did:plc:74qu5axuqespewzbhzsmg4g7/post/3m2zd7hjpj62x,2025-10-12T18:26:42.084000+00:00,PHI,253
bluesky_post,bluesky,altcdc.altgov.info,We recommend raising this concern with APHL. The biggest concern is PHI which Form 4 is not focused on. Just assess the risk of the data is leaked/mishandled and assume the worst.,https://bsky.app/profile/did:plc:xtrzqicesfwterpbweugpl4u/post/3m2zcfvh62k2m,2025-10-12T18:12:26.278000+00:00,PHI,179
bluesky_post,bluesky,phl.nws-bot.us,"PHI continues Storm Warning for Delaware Bay waters south of East Point NJ to Slaughter Beach DE [AN] till Oct 13, 8:00 PM EDT at Sun, 12 Oct 2025 18:05:53 +0000 via IEMbot Additional Details Here.",https://bsky.app/profile/did:plc:74qu5axuqespewzbhzsmg4g7/post/3m2zc3lxgdv24,2025-10-12T18:06:38.783000+00:00,PHI,197
bluesky_post,bluesky,wastelandsoul.bsky.social,I'm PHI-ting the urge to make a math joke. (The urge TAU-ered over my resolve),https://bsky.app/profile/did:plc:kq36chawespqutwronfwykku/post/3m2z6zpkepc2a,2025-10-12T17:11:54.283000+00:00,PHI,78
bluesky_post,bluesky,altcdc.altgov.info,"It’s breaks our hearts to type this but unless and until all CDC’s data protections are restored and overseen by trusted professionals you should consider CDC a bad actor. If you feel you must share data, share simply summary stats. No PHI. No cross tabs. No geotags.",https://bsky.app/profile/did:plc:xtrzqicesfwterpbweugpl4u/post/3m2z6kpripk2m,2025-10-12T17:03:31.900000+00:00,PHI,267
bluesky_post,bluesky,smfl26.bsky.social,SMFL SMASHMOUTH FOOTBALL LEAGUE GAME LAC-vs-PHI Wk14 TWITCH 4pm www.twitch.tv/thabtrain www.twitch.tv/cxmphamesyt,https://bsky.app/profile/did:plc:dbnyhnjrztiw7gfwvnoflqi3/post/3m2z5oqxkah2u,2025-10-12T16:47:53.289000+00:00,PHI,113
bluesky_post,bluesky,s7tya.com,SSA 変換、とりあえず phi 関数挿入はできたんだけどまだリネームの壁がある 思ったより大変だ,https://bsky.app/profile/did:plc:wsv5dnljmv7bxxlhbaqaoawm/post/3m2z3prmhqc2d,2025-10-12T16:12:40.185000+00:00,PHI,49
bluesky_post,bluesky,alanrichardson.bsky.social,It’s phi-ing time!,https://bsky.app/profile/did:plc:lbrtyqph7gvgkypbyc3bcdce/post/3m2yzx64i5k2n,2025-10-12T15:41:01.880000+00:00,PHI,18
bluesky_post,bluesky,keithwilson.eu,Time to phi,https://bsky.app/profile/did:plc:3bybp6nqszlhuan2ch2cmv66/post/3m2yzsu5gvk2u,2025-10-12T15:38:35.984000+00:00,PHI,11
bluesky_post,bluesky,2obtusetoquit.bsky.social,We need more Phils on Sunday.,https://bsky.app/profile/did:plc:okbkfkd3xoiusdmo6ehas6w6/post/3m2zkxhihqs2j,2025-10-12T20:45:23.680000+00:00,Phils,29
bluesky_post,bluesky,scc1959.bsky.social,Pittsburgh looks nice. Been there twice. Might be back there next year for either the NFL Draft or Phils-Pirates. Not both though they are less than a month apart.,https://bsky.app/profile/did:plc:oeocnnn7anw7t3fatr6cbuai/post/3m2za6tz34s2k,2025-10-12T17:32:40.779000+00:00,Phils,163
bluesky_post,bluesky,rawmlb.bsky.social,HARPER SAYS PHILS ARE JUST AS UPSET AS FANS: HE’S WRONG! https://www.rawchili.com/mlb/376282/ Click Here To Comment HARPER SAYS PHILS ARE JUST AS UPSET AS FANS: HE’S WRONG! By Sally Hanson…,https://bsky.app/profile/did:plc:lgxwokjfnegutejxknkdpqwj/post/3m2z6ffxl2b2p,2025-10-12T17:00:33.379000+00:00,Phils,189
bluesky_post,bluesky,pjmaciak.bsky.social,"""I hope they do it again forever."" I haven't lived in Philly for so long, but @mckinneykelsey.bsky.social captures very precisely the social/antisocial magic of living in that great city when the Phils are good. It brought a tear to my eye. defector.com/what-ill-rem...",https://bsky.app/profile/did:plc:stqs7doqtql75cdr7uw3bxhu/post/3m2z562e62k23,2025-10-12T16:38:37.229000+00:00,Phils,269
bluesky_post,bluesky,dbrauer.net,"1980 Phils-Royals appears to be the last one. Some well-meaning humans were referencing 1920 Cleveland-Brooklyn but that’s not the most recent obviously. 1903 (1st one), 1905, 1906, 1907 and 1909 are the others according to MeGPT.",https://bsky.app/profile/did:plc:2yhglxsi2owchryafic2gmr3/post/3m2z4ow2ibk2a,2025-10-12T16:30:06.491000+00:00,Phils,230
bluesky_post,bluesky,phillyguy62.bsky.social,"And speaking of adjustments, IMHO the Phils keep Schwarby and Ranger, JT on a short affordable deal if possible. I love Casty but he’s not worth 20m. They need to be younger, faster, and better defensively. And grab the best young starter they can afford. Bring up the young guys! My rant is over.",https://bsky.app/profile/did:plc:ypc24345gz4lfa5s4yklvqyb/post/3m2yspsj64c2f,2025-10-12T13:31:37.080000+00:00,Phils,297
bluesky_post,bluesky,sdfstu.bsky.social,"Phils fan: rn rooting for Brewers-Mariners WS. Guaranteed 1st-time winner! Also Manfred & crew surely don't want a MKE-SEA series but it could be a really good one (like OKC-IND) Once they get there not sure, actually. (My wife is from MKE but she's not a sports person & family is more into Packers)",https://bsky.app/profile/did:plc:jdu4etfyvvogbtqbitlgxdwi/post/3m2xtyghf2c25,2025-10-12T04:21:40.381000+00:00,Phils,300
bluesky_post,bluesky,philliesball31.bsky.social,I’m so down about the Phils man. This one hurts so bad,https://bsky.app/profile/did:plc:opv22auofufbmfsstl3jjfdt/post/3m2xrqviwdc2v,2025-10-12T03:41:40.483000+00:00,Phils,54
bluesky_post,bluesky,brian215.bsky.social,Signed an old beaten up Cubs hat for the lad a couple years back even though he was rocking a Phils Schwarbs shirsey. Nico 4 Lyfe.,https://bsky.app/profile/did:plc:gxiz74dnfudbpdlbqclmqsf3/post/3m2xkyttvek2e,2025-10-12T01:40:52.081000+00:00,Phils,130
bluesky_post,bluesky,spulmonarx.bsky.social,"Amazing how a four game stretch agst excellent pitching makes Shohei a choker bum- erasing all he did during the regular season,his pitching agst the Phils, hitting the game winning rbi. Maybe learn from last year that other batters have a chance when the other team focuses only on one guy.",https://bsky.app/profile/did:plc:t4zayqgu37zzyhwkr5rsmgvh/post/3m2xkghisl22d,2025-10-12T01:30:33.786000+00:00,Phils,291
bluesky_post,bluesky,mladydwinter.bsky.social,Cubs and Phils are basically the same team so always Cubs when necessary.,https://bsky.app/profile/did:plc:qmdpy4uwjp36jvgnmxwgqhqd/post/3m2xh33jh7k2z,2025-10-12T00:30:31.580000+00:00,Phils,73
bluesky_post,bluesky,robhanna.bsky.social,"It's tough to forecast this. Lots of stuff the Phils have to do that's more important. Kyle, catcher, ideally Ranger. Think we can get by w/ some sort of internal stopgap, at least until next deadline. The FA market is shitty, outside Tucker.",https://bsky.app/profile/did:plc:wwgsu266lhyrg5hbx6csgsm3/post/3m2wv4thjbk2q,2025-10-11T19:09:22.389000+00:00,Phils,242
bluesky_post,bluesky,jeanmorrison.bsky.social,"I agree with you. I went thru the same process of immediately thinking he can’t come back, but, he does have moxie & if the Phils believe in him then I will. I think he will grow and be better for this. And shout out for letting others think as they will. Seems a rare commodity these days. 🫡",https://bsky.app/profile/did:plc:chxzj7jdd3g3greeae7a4zvd/post/3m2wpn2q5nc2w,2025-10-11T17:31:04.182000+00:00,Phils,292
bluesky_post,bluesky,felinefoodie.bsky.social,I don’t think I got a single “Go Phils” thrown at me while shopping at Giant while wearing Phillies gear during the regular season or even heading into October. (1/2),https://bsky.app/profile/did:plc:h2z7t5bnejef2i4jfk7fbttk/post/3m2wm545twk2j,2025-10-11T16:28:28.183000+00:00,Phils,166
bluesky_post,bluesky,robhanna.bsky.social,"If the Eagles *do* trade AJ (tgey will not), I will dedicate my life to making them regret it. Phils are out, I got time. Kneecap Patullo. Put his corpse on a pike at the 50-yard line.",https://bsky.app/profile/did:plc:wwgsu266lhyrg5hbx6csgsm3/post/3m2wly5ry2k24,2025-10-11T16:25:41.485000+00:00,Phils,184
bluesky_post,bluesky,philliesball31.bsky.social,New Phils 3B??,https://bsky.app/profile/did:plc:opv22auofufbmfsstl3jjfdt/post/3m2wkc4fqec2f,2025-10-11T15:55:28.383000+00:00,Phils,14
bluesky_post,bluesky,sdfstu.bsky.social,"… following this line the A's, of course, tower above them all. (My Dad was fully an A's fan as a young kid; it was never 100% clear whether his transition to Phils was due to Whiz Kids or only after A's left)",https://bsky.app/profile/did:plc:jdu4etfyvvogbtqbitlgxdwi/post/3m2wj4gdvgk2u,2025-10-11T15:34:23.586000+00:00,Phils,209
bluesky_post,bluesky,robhanna.bsky.social,"Yeah, Phils were usually out of it by the end of July.",https://bsky.app/profile/did:plc:wwgsu266lhyrg5hbx6csgsm3/post/3m2wh34dgms24,2025-10-11T14:57:52.079000+00:00,Phils,54
bluesky_post,bluesky,treblaw.bsky.social,coffee out of the Phils mug? No Penn State mug? No Eagles mug? No Sixers mug? Where are you going??,https://bsky.app/profile/did:plc:7mwx7hp44gqbjnxsnmwnyknb/post/3m2w67s47722c,2025-10-11T12:19:24.379000+00:00,Phils,99
bluesky_post,bluesky,therealmummum.bsky.social,Good read. Got me in the feels. I love my Phils and can't wait for the next season. ❤️,https://bsky.app/profile/did:plc:qz45rvhvp3ifgpvfutqk4asn/post/3m2w4tmxjoc2x,2025-10-11T11:54:44.176000+00:00,Phils,86
bluesky_post,bluesky,jilles.bsky.social,"Tried hard to think of a silver lining to the Dodgers win over the Phils. Well, I’m very happy for Sandy Koufax, 90 years young.",https://bsky.app/profile/did:plc:rcbw6g535zwzuhpvaxj3zcwm/post/3m2w2qoudvs2a,2025-10-11T11:17:19.682000+00:00,Phils,128
bluesky_post,bluesky,saxncymbals.bsky.social,Since my Phils crashed and burned…go M’s I guess. Would be a great story,https://bsky.app/profile/did:plc:xs54vsolxurfaeh6zqc7swrc/post/3m2vo556was2s,2025-10-11T07:31:37.179000+00:00,Phils,72
bluesky_post,bluesky,antiquequaalude.bsky.social,Phils sure as shit didn't earn a 3rd out there. Can't blame the Dodgers for taking advantage of what they're given.,https://bsky.app/profile/did:plc:gclz4qvjgwfplh4tinwkwxqf/post/3m2vlwqudjs2e,2025-10-11T06:52:15.776000+00:00,Phils,115
bluesky_post,bluesky,barmageddon.bsky.social,phils fan watching like,https://bsky.app/profile/did:plc:pwatwdoqcjfvf7lx6rvr3xbo/post/3m2vgf5wszs27,2025-10-11T05:12:56.782000+00:00,Phils,23
bluesky_post,bluesky,abovestlouis.com,"🇺🇸 N948DZ - Boeing 737NG 9GPER/W - Delta Air Lines DAL1393/DL1393 (ATL-STL-ATL) - 3.3 mi away @ 2975 ft, heading NNE at 252 mph. Spotted 56x before! [05:27:48 PM CDT] #AD2B43 #N948DZ #B739 #DELTA #DAL1393 #DL1393 #Landing #ADSB #ADSBbot",https://bsky.app/profile/did:plc:66e3iqabbdis65t22zyla2wa/post/3m2zqoucavp2k,2025-10-12T22:27:57.890000+00:00,ATL,236
bluesky_post,bluesky,kx1t-test.bsky.social,ICAO: AB3FCC Owner: AMERICAN AIRLINES Flt: AAL3190 N824AW A319 ATL-MIA Time: 2025-10-12 18:13:36 EDT Min Alt: 29825 ft Min Dist: 0.8 km (64° ENE) Squawk: 1462 Loudness: 0 dB dev adsb planefence by kx1t -•sdr-e•airplanes•flightaware•faa,https://bsky.app/profile/did:plc:lwhroh6pcztwb4evj5xwmqjo/post/3m2zqnktlat2z,2025-10-12T22:27:16.942000+00:00,ATL,235
bluesky_post,bluesky,pupblush.bsky.social,"Heading home after atl pride. Lots of firsts. First pride parade, first pride event, first time wearing fem wear without a mask or hood on, first time wearing fem wear in full public (not at a convention or festival) Very happy",https://bsky.app/profile/did:plc:2dtgjej4mfemxpjrll3dyl4n/post/3m2zpsd6bw22u,2025-10-12T22:12:00.582000+00:00,ATL,227
bluesky_post,bluesky,warriorsbot.bsky.social,"""Steph Curry's 38 points & 7 threes led the charge as the @warriors rout ATL 135-118! The Dubs are on fire! With 28 assists, they're showing they can control the tempo & get everyone involved. Expect them to continue their push for the #West title #DubNation""",https://bsky.app/profile/did:plc:kf6pjnmxz7heacbwfkc2jquh/post/3m2zouhadge2y,2025-10-12T21:55:17.578000+00:00,ATL,259
bluesky_post,bluesky,stfu.dad,"The Falcons putting ""ATL"" on the front of their jersey is pretty fucking bad, but at least you can clearly see what it is.",https://bsky.app/profile/did:plc:cegqm5o2fwtbt66gufrpigt5/post/3m2zoodlr4k2u,2025-10-12T21:51:53.782000+00:00,ATL,122
bluesky_post,bluesky,notwritingpaper.bsky.social,Super ironic for atl pride theme to be “rooted in resistance” and have all their major corporate sponsors march first in the parade 🙃 and to let cops march too,https://bsky.app/profile/did:plc:en364mutl5avbjs2varnvfeq/post/3m2znlpzlpc2p,2025-10-12T21:32:31.081000+00:00,ATL,159
bluesky_post,bluesky,hotsoupski.bsky.social,"That's aired once before at like 2 in the morning, and it was a ton of fun to watch a bunch of people we play with be on ESPN.. We were both invited to that, but we couldn't make it happen because we had a sequence in early summer of being in STL, back to Boston briefly, and then out to ATL",https://bsky.app/profile/did:plc:l6lyoaywzgtqycph7maxya23/post/3m2zndpdkra27,2025-10-12T21:28:05.584000+00:00,ATL,291
bluesky_post,bluesky,adsearnnetwork.com,adsearnmedia.com/watch/3i-atl...,https://bsky.app/profile/did:plc:2dhqxtlxoylim5bbrhlsfvsu/post/3m2zncotgvc26,2025-10-12T21:27:32.281000+00:00,ATL,32
bluesky_post,bluesky,aboveayer.bsky.social,Planefence ICAO: A364E7 Flt: DAL1726 DELTAAIRLINES ATL - MSN First seen: 2025-10-12 17:10:44 EDT Min Alt: 8375 ft MSL Min Dist: 1.92 mi planefence adsb - adsbexchange - link,https://bsky.app/profile/did:plc:exwsbjks4g7u5fbajmu64o4c/post/3m2zmmilm2f2t,2025-10-12T21:15:03.283000+00:00,ATL,173
bluesky_post,bluesky,fannindems.bsky.social,2025 ATL Pride Parade #teamJonOssoff,https://bsky.app/profile/did:plc:6zufgca6bjjwtw47yocl4c72/post/3m2zlsse62k2z,2025-10-12T21:00:41.982000+00:00,ATL,36
bluesky_post,bluesky,fcdw.bsky.social,2025 ATL Pride Parade #teamJonOssoff,https://bsky.app/profile/did:plc:4esen3wbtsj5hgchnxycqkdc/post/3m2zlpidklc2z,2025-10-12T20:58:50.586000+00:00,ATL,36
bluesky_post,bluesky,abovestlouis.com,"🇺🇸 N958WN - Boeing 737NG 7H4/W - Southwest Airlines SWA499/WN499, Hartsfield - Jackson Atlanta (ATL) to St Louis Lambert (STL) - 4.1 mi away @ 3200 ft, heading NNE at 269 mph. Spotted 83x before! [03:54:56 PM CDT] #AD5460 #N958WN #B737 #SOUTHWEST #SWA499 #WN499 #Landing #Arrival #ADSB #ADSBbot",https://bsky.app/profile/did:plc:66e3iqabbdis65t22zyla2wa/post/3m2zlisk6jq2v,2025-10-12T20:55:06.287000+00:00,ATL,294
bluesky_post,bluesky,sinnamonscouture.bsky.social,"""André Leon Talley: Style Is Forever"" opens Oct. 15 at SCAD FASH Museum of Fashion in ATL!",https://bsky.app/profile/did:plc:qwuj6foyai44scywtuaumxlp/post/3m2zldz2wls2z,2025-10-12T20:52:27.084000+00:00,ATL,90
bluesky_post,bluesky,abovestlouis.com,"🇺🇸 N830DN - Boeing 737NG 932ER/W - Delta Air Lines DAL1485/DL1485 (ATL-STL-ATL) - 3.4 mi away @ 3475 ft, heading NNE at 243 mph. Spotted 14x before! [03:49:24 PM CDT] #AB58B2 #N830DN #B739 #DELTA #DAL1485 #DL1485 #Landing #ADSB #ADSBbot",https://bsky.app/profile/did:plc:66e3iqabbdis65t22zyla2wa/post/3m2zl6urn4o2k,2025-10-12T20:49:32.885000+00:00,ATL,236
bluesky_post,bluesky,gurtsherm.bsky.social,"hahahahaha also in a similar vein, i got benched on a team where i was one of the better players being forced to play put of position, joined another league around ATL where i could ""be me"" and had so much more fun",https://bsky.app/profile/did:plc:emsv6teuiatugckfwkix53bc/post/3m2zky332js2r,2025-10-12T20:45:44.480000+00:00,ATL,214
bluesky_post,bluesky,mayorofmarta.bsky.social,I'd like to see the amount of sales and property taxes generated on either side of that line vs the budget for Trails ATL. I think it's lopsided and a 180.,https://bsky.app/profile/did:plc:ihrikzs6of2xbkvrwnrzl7h6/post/3m2zkw3zxns2z,2025-10-12T20:44:37.485000+00:00,ATL,155
bluesky_post,bluesky,abovestlouis.com,"🇺🇸 N963AT - Boeing 717 2BD - Delta Air Lines DAL1125/DL1125 (ATL-OMA-ATL) - 3.8 mi away @ 30500 ft, heading SE at 569 mph. Spotted 11x before! [03:35:19 PM CDT] #AD675D #N963AT #B712 #DELTA #DAL1125 #DL1125 #ADSB #ADSBbot",https://bsky.app/profile/did:plc:66e3iqabbdis65t22zyla2wa/post/3m2zkfqdh5c2c,2025-10-12T20:35:29.284000+00:00,ATL,221
bluesky_post,bluesky,se-nyheter.bsky.social,Så berörs entreprenörerna av krisen i skogen – ATL https://www.europesays.com/se/54043/ Så berörs entreprenörerna av krisen i skogen ATL Därför går det dåligt för skogsindustrin SVT Nyheter Låg byggtakt i Sverige…,https://bsky.app/profile/did:plc:meiz3kma33nrwe6bliagav37/post/3m2zkc37i372t,2025-10-12T20:33:26.678000+00:00,ATL,213
bluesky_post,bluesky,secretgardenslor.bsky.social,Happy ATL Pride🌈,https://bsky.app/profile/did:plc:7jeqdmhyn23ne7keceqjksio/post/3m2zjpum3r22m,2025-10-12T20:23:21.378000+00:00,ATL,16
bluesky_post,bluesky,atltechevents.bsky.social,"404con from ISACA Atlanta is this week, and so many more things too! eventhorizonmedia.substack.com/p/atl-tech-e...",https://bsky.app/profile/did:plc:dsk6elr6p22b7cv2n2iycdxb/post/3m2zjptb6pk2m,2025-10-12T20:23:15.682000+00:00,ATL,115
bluesky_post,bluesky,stellastallion.bsky.social,ATL Pride Parade!🏳️‍⚧️🏳️‍🌈,https://bsky.app/profile/did:plc:fsvtdjndfece24ra4wtxtyau/post/3m2zjee4avc2u,2025-10-12T20:17:06.080000+00:00,ATL,26
bluesky_post,bluesky,bugjonez.bsky.social,"NO FR DAS LIKE THE DREAMM, like bonus points if it's by some random not even in any of the same communities xD. Even if cringe comps are cringe AF they can still be of some use ATL 😩 Feels like the ""parental advisory"" sticker for music bahaha",https://bsky.app/profile/did:plc:z3edxokhqcwjcrsbclo5gkog/post/3m2zj2ex5kk2i,2025-10-12T20:11:15.780000+00:00,ATL,242
bluesky_post,bluesky,renebugner.bsky.social,The Seahawks have now won nine consecutive away games 🔥🔥🔥 ✅ at ATL 34-14 ✅ at SF 20-17 ✅ at NYJ 26-21 ✅ at AZ 30-18 ✅ at CHI 6-3 ✅ at LAR 30-25 ✅ at PIT 31-17 ✅ at AZ 23-20 ✅ at JAX 20-12,https://bsky.app/profile/did:plc:wo44gzq2js62qsqn65wofgs3/post/3m2ziwnmm722z,2025-10-12T20:09:08.982000+00:00,ATL,187
bluesky_post,bluesky,bolttracks.bsky.social,"Super psyched about the #GhostOfYotei ink courtesy of Mitch Champagne at Nimbus Tattoo (ATL, GA) 😻💛 Also shoutout to @erikaishii.bsky.social for indulging my tattoo reveal😹",https://bsky.app/profile/did:plc:pgpx5bmfsjx2irepph7occz7/post/3m2ziopmdpc2s,2025-10-12T20:04:53.886000+00:00,ATL,172
bluesky_post,bluesky,peachtreefc.bsky.social,⚽️ FULL TIME ⚽️ The hosts find an equalizer in the second half and the game ends in a 1-1 tie #supportlocalsoccer #soccer #atlanta #atl,https://bsky.app/profile/did:plc:yxo2yehh6nuykewi7z7axeoe/post/3m2zib4hpss25,2025-10-12T19:57:10.102000+00:00,ATL,135
bluesky_post,bluesky,rawmlb.bsky.social,"CARROLL: Meet your new Braves manager https://www.rawchili.com/mlb/376089/ Dear Atlanta Braves: Following the retirement of Braves manager Brian Snitker, I am humbly offering my services to…",https://bsky.app/profile/did:plc:lgxwokjfnegutejxknkdpqwj/post/3m2yvgvqzpp26,2025-10-12T14:20:19.883000+00:00,Atlanta Braves,190
bluesky_post,bluesky,rawmlb.bsky.social,High profile Braves free agent ‘miss’ unfortunately got the last laugh in 2025 https://www.rawchili.com/mlb/375948/ The Atlanta Braves had their eye on adding pitcher Jeff Hoffman last offseason. It was reported that the…,https://bsky.app/profile/did:plc:lgxwokjfnegutejxknkdpqwj/post/3m2yopzqogv23,2025-10-12T12:20:09.783000+00:00,Atlanta Braves,221
bluesky_post,bluesky,rawmlb.bsky.social,"How to watch in Charlotte https://www.rawchili.com/mlb/375823/ CHARLOTTE, N.C. (WBTV) – Atlanta Braves fans in Charlotte will have a new way to watch several pre-season…",https://bsky.app/profile/did:plc:lgxwokjfnegutejxknkdpqwj/post/3m2yhzvbjsn2y,2025-10-12T10:20:24.480000+00:00,Atlanta Braves,169
bluesky_post,bluesky,braves.homegame.today,"Atlanta Braves — No, the next game at Truist Park is scheduled for Mar 26, 2026.",https://bsky.app/profile/did:plc:bteygzjkvjlndgfdg5dmukr5/post/3m2yds3fjq62y,2025-10-12T09:04:27.783000+00:00,Atlanta Braves,80
bluesky_post,bluesky,jmsn123.bsky.social,"Yup. Milwaukee has won a world series... Just it was the braves, then they moved to Atlanta. Oh man... so we got you and the dodgers, TD and the Mariners, dbryan with the Jays and me with the crew. Lol",https://bsky.app/profile/did:plc:izoergsqeqgmtuz4svtl4tde/post/3m2y42jpvdc24,2025-10-12T06:46:01.279000+00:00,Atlanta Braves,201
bluesky_post,bluesky,ryanpeoples.bsky.social,"Pick a row. I’m always looking for Atlanta Braves and University of Alabama players in college or pro gear (ex. Tua, Jalen Hurts, Mac Jones, Bryce Young, Jalen Milroe, Devonta Smith, Jaylen Waddle, Jerry Jeudy, Calvin Ridley, Jermaine Burton, Derrick Henry, Josh Jacobs, Najee Harris, Brian Robinson)",https://bsky.app/profile/did:plc:q3ssengpimzvsw3qf7kaq55f/post/3m2xu5bxs622k,2025-10-12T04:24:30.984000+00:00,Atlanta Braves,300
bluesky_post,bluesky,rawmlb.bsky.social,Braves GM Announces No Current Candidate List for Manager Position https://www.rawchili.com/mlb/375413/ Atlanta Braves General Manager Alex Anthopoulos announced the search for a new manager following Brian Snitker’s decision to…,https://bsky.app/profile/did:plc:lgxwokjfnegutejxknkdpqwj/post/3m2xphxrzvy26,2025-10-12T03:00:53.385000+00:00,Atlanta Braves,229
bluesky_post,bluesky,rszimm.bsky.social,"We had TBS in NJ. We could see the Mets on both WOR and TBS when they played the Braves. At the time, there were usually more Mets fans in Atlanta Fulton County Stadium (this is during the Dale Murphy years).",https://bsky.app/profile/did:plc:6ywx6wdnj2wjtn3hdpupljas/post/3m2xmlrxkoc2d,2025-10-12T02:09:20.182000+00:00,Atlanta Braves,208
bluesky_post,bluesky,rszimm.bsky.social,"WGN, like TBS, was national for a while. Lots of Cubs and Braves fans who don’t even live in the same time zone as Chicago and Atlanta, much less the same city.",https://bsky.app/profile/did:plc:6ywx6wdnj2wjtn3hdpupljas/post/3m2xliduk6c2d,2025-10-12T01:49:30.884000+00:00,Atlanta Braves,160
bluesky_post,bluesky,rawmlb.bsky.social,"Braves’ offensive woes return in shutout loss to Marlins https://www.rawchili.com/mlb/375265/ After giving up seven hits with runners in scoring position in Friday’s 10-0 loss to Atlanta, the Braves…",https://bsky.app/profile/did:plc:lgxwokjfnegutejxknkdpqwj/post/3m2xirmhvb62p,2025-10-12T01:01:01.483000+00:00,Atlanta Braves,199
bluesky_post,bluesky,dhodgs.bsky.social,I remember one time I tried to tell Hoa that the Mariners wouldn't get swept by the Atlanta Braves in the regular season and he blocked me...dude is actually sort of unhinged...i mean it tracks for a Duke fan but you know...,https://bsky.app/profile/did:plc:2pn34t2s2pdaoikmu7jftez5/post/3m2xhyvhm4s2i,2025-10-12T00:47:11.582000+00:00,Atlanta Braves,224
bluesky_post,bluesky,paraprod.bsky.social,"Wow! What an amazing price! My Dad had season tickets through Ford as he was the head communications guy at the Blue Bell plant, and was in charge of the tickets. I moved to Atlanta in 1981 to go to Georgia Tech, and started going to Braves games along with all the other GT and Atlanta sports. 😊⚾😺",https://bsky.app/profile/did:plc:jxurfgwaxhdbklnrfryqtore/post/3m2x7pyh4b22u,2025-10-11T22:19:05.088000+00:00,Atlanta Braves,298
bluesky_post,bluesky,rawmlb.bsky.social,"Atlanta Braves Hiring Mark DeRosa As Next Manager https://www.rawchili.com/mlb/375093/ Prior to the year, the Atlanta Braves had serious hopes of winning the 2025 World Series. Fast forward…",https://bsky.app/profile/did:plc:lgxwokjfnegutejxknkdpqwj/post/3m2x6oc37vu27,2025-10-11T22:00:11.891000+00:00,Atlanta Braves,190
bluesky_post,bluesky,rawmlb.bsky.social,"Ranking baseball’s managerial openings, from the Braves to the Rockies https://www.rawchili.com/mlb/374939/ With Brian Snitker stepping down in Atlanta, there are now eight major league teams with a managerial opening.…",https://bsky.app/profile/did:plc:lgxwokjfnegutejxknkdpqwj/post/3m2wxzkuhbo2k,2025-10-11T20:01:14.284000+00:00,Atlanta Braves,219
bluesky_post,bluesky,theamericagist.bsky.social,Braves’ shortstop situation receives intriguing insight The Atlanta Braves are currently in the early stages of what could be a highly consequential offseason for the future direction of the franchise. Atlanta recently saw long-time manager Brian Snitker retire and take an advisory role in the…,https://bsky.app/profile/did:plc:b3mxijkjymyu3qxjalek2ugn/post/3m2wt2zy44u2u,2025-10-11T18:32:35.084000+00:00,Atlanta Braves,295
bluesky_post,bluesky,rawmlb.bsky.social,"Pirates vs. Marlins, 4:10 p.m. https://www.rawchili.com/mlb/376546/ • Who: Pirates vs. Marlins• What: Pittsburgh’s 144th season opener• When: 4:10 p.m.• Where: loanDepot Park• Weather: 79°, sunny, roof open• Pitchers: RHP…",https://bsky.app/profile/did:plc:lgxwokjfnegutejxknkdpqwj/post/3m2zjklrizi2k,2025-10-12T20:20:18.581000+00:00,Marlins,222
bluesky_post,bluesky,rawmlb.bsky.social,"New York Yankees 12 – Miami Marlins 13: Final score, results, recap, box score, stats https://www.rawchili.com/mlb/376493/ Xavier Edwards hit a tying two-run single in the ninth, then raced home with the winning run on…",https://bsky.app/profile/did:plc:lgxwokjfnegutejxknkdpqwj/post/3m2zhcqqg2s25,2025-10-12T19:40:08.076000+00:00,Marlins,219
bluesky_post,bluesky,rawmlb.bsky.social,"Two Top 100 Prospects Named Miami Marlins’ Best of 2025 Season https://www.rawchili.com/mlb/376387/ Miami had the best reliever on the market for the 2024 trade deadline, and sent him away to…",https://bsky.app/profile/did:plc:lgxwokjfnegutejxknkdpqwj/post/3m2zctul5ne2y,2025-10-12T18:20:13.078000+00:00,Marlins,192
bluesky_post,bluesky,joeyerdon.bsky.social,I was hoping that headband was designed like the Marlins dinger machine,https://bsky.app/profile/did:plc:tt3yahx4uxkbunm76yjydcnu/post/3m2zayxvo7c2e,2025-10-12T17:47:16.980000+00:00,Marlins,71
bluesky_post,bluesky,rawmlb.bsky.social,Marlins Face Low-Stakes Arbitration Decisions Heading into Offseason https://www.rawchili.com/mlb/376337/ The Miami Marlins saw some improvement in 2025 under team president Peter Bendix and manager Clayton McCullough. The…,https://bsky.app/profile/did:plc:lgxwokjfnegutejxknkdpqwj/post/3m2zan2pio32f,2025-10-12T17:40:37.586000+00:00,Marlins,223
bluesky_post,bluesky,i-am-chatgpt.bsky.social,Marlins vs Rays,https://bsky.app/profile/did:plc:ywoj5msktk7yjdpvacs75kuh/post/3m2z4byr3f22k,2025-10-12T16:22:51.478000+00:00,Marlins,15
bluesky_post,bluesky,billkoechling.bsky.social,"garciarosalind.bsky.social, I had hoped the Dodgers would be playing our Cubs but alas, it is not to be. I'm wishing your Dodgers the very best as they pursue ""the ring""! © 2018 William Koechling",https://bsky.app/profile/did:plc:di7hhhmdjtjs5odwvr3he6l6/post/3m2yxgxdo7s2a,2025-10-12T14:56:12.283000+00:00,Marlins,195
bluesky_post,bluesky,sgreen3.bsky.social,Did some apartment cleanup/cleanout yesterday and came across this that I for some reason kept from my Yankee road trip to Miami a decade(!) ago.,https://bsky.app/profile/did:plc:thquvbctrbyoexkatjqxekao/post/3m2yui3czhc2s,2025-10-12T14:03:11.181000+00:00,Marlins,145
bluesky_post,bluesky,rawmlb.bsky.social,"Two Top 100 Prospects Named Miami Marlins’ Best of 2025 Season https://www.rawchili.com/mlb/375979/ The Miami Marlins took some big strides uncer second year President Peter Bendix and rookie manager, Clayton McCullough.…",https://bsky.app/profile/did:plc:lgxwokjfnegutejxknkdpqwj/post/3m2yqznfb5k2y,2025-10-12T13:01:19.579000+00:00,Marlins,221
bluesky_post,bluesky,jasminstyle25.bsky.social,"Miami Marlins Military Appreciation 2025 Hoodie The **#MarlinsMilitary2025** Hoodie honors Miami Marlins' commitment to military appreciation, blending style with a tribute to service. --> https://jasminstyle.com/product/miami-marlins-military-appreciation-2025-hoodie/",https://bsky.app/profile/did:plc:p3tu4w46sldwgac3kaszlffr/post/3m2yjbf4xsd2z,2025-10-12T10:42:29.982000+00:00,Marlins,269
bluesky_post,bluesky,marlins.homegame.today,"Miami Marlins — No, the next game at loanDepot park is scheduled for Mar 26, 2026.",https://bsky.app/profile/did:plc:yjgv7cocfgkbkvijefvdvbso/post/3m2ydsranks2i,2025-10-12T09:04:50.082000+00:00,Marlins,82
bluesky_post,bluesky,nedpyle.com,Seismologist at Marlins game: “Are you sure this thing’s turned on?”,https://bsky.app/profile/did:plc:bjhunchtz2humbk4htqf3oto/post/3m2ya77b4xs2v,2025-10-12T08:00:13.479000+00:00,Marlins,68
bluesky_post,bluesky,pfeifersports.bsky.social,"To be honest, Brewers/Cubs games haven't been for some time. I dreaded that we ended up facing them. I still enjoy the games where most folks in the stands are on the same page, though. I tend to see the Reds, Pirates, Marlins & Rockies here a bunch ... the teams least apt to bring opposing fans.",https://bsky.app/profile/did:plc:hwvb4zbjd7felw3dkrh6k6vu/post/3m2y7f7lk7c2e,2025-10-12T07:45:40.978000+00:00,Marlins,297
bluesky_post,bluesky,pfeifersports.bsky.social,"One of my goals with my work is to make sports less mean generally. Society, too. I don't like meanness. It bothers me. I'm against it on the whole. I'll keep seeking out games against the Reds, Marlins, Rockies and Padres. It works for me. 👍",https://bsky.app/profile/did:plc:hwvb4zbjd7felw3dkrh6k6vu/post/3m2y3csqhra2s,2025-10-12T06:32:44.780000+00:00,Marlins,242
bluesky_post,bluesky,rawmlb.bsky.social,Marlins Biggest Contract Scare for ’27 Season Hasn’t Played for Miami Since 2017 https://www.rawchili.com/mlb/375540/ It is never too early to be looking at upcoming contracts for any team and that includes the…,https://bsky.app/profile/did:plc:lgxwokjfnegutejxknkdpqwj/post/3m2xw7dxilu2c,2025-10-12T05:01:20.288000+00:00,Marlins,211
bluesky_post,bluesky,walkupdb.com,New walk up song reported for Tyler Zuber: 'In The Air Tonight - 2015 Remastered' by Phil Collins More Miami Marlins walk up songs: https://walkupdb.com/teams/miami-marlins #MakeItMiami,https://bsky.app/profile/did:plc:trr6mdznjta3zdoz3xvlxv5y/post/3m2xppl2fkh22,2025-10-12T03:05:08.684000+00:00,Marlins,185
bluesky_post,bluesky,mikeproper.bsky.social,07 vs Dbacks 08 vs Dodgers 15 vs Mets 17 vs Dodgers 18 vs Rockies 20 vs Marlins,https://bsky.app/profile/did:plc:zccectekcvwdymhf757shuey/post/3m2xpgyybrk23,2025-10-12T03:00:20.385000+00:00,Marlins,79
bluesky_post,bluesky,alcibiades1234.bsky.social,"Goood point. I do also like some consistency from Florida on Gators, Buccaneers, Dolphins, Marlins, Rays. 🌊",https://bsky.app/profile/did:plc:nrqubt46exassj5f4vthqir5/post/3m2xoatqj222e,2025-10-12T02:39:00.780000+00:00,Marlins,107
bluesky_post,bluesky,akelatalamasca.bsky.social,"following game 5 of the Cubs/Brewers game. I'd like the Brewers to take it. And I'm a Giants guy. But the Brewers have been great this season. I'm also going for the Blue Jays and the Marlins. Any of those, really, as long as the Dodgers don't win.",https://bsky.app/profile/did:plc:bgdk6gathhaegollpyrwsk6a/post/3m2xmvrgkg22f,2025-10-12T02:14:54.783000+00:00,Marlins,248
bluesky_post,bluesky,hurricanexyz.bsky.social,"The 1961 teams (Rangers and Angels) have never met in October. Neither the Padres nor the Royals (the other '69 teams) have met any of their cohort. And then obviously there's never been a Marlins/Rockies series, let alone a Rays/Diamondbacks one.",https://bsky.app/profile/did:plc:v47w2oqbv7pbplwenk3mwpxp/post/3m2xmv24mcc27,2025-10-12T02:14:30.382000+00:00,Marlins,247
bluesky_post,bluesky,rawmlb.bsky.social,"MLB manager search tracker: Latest news about openings, candidates as Albert Pujols reportedly meets with Angels https://www.rawchili.com/mlb/375341/ Last year, only three MLB teams made managerial changes: the Cincinnati Reds, Miami Marlins and Chicago White Sox.…",https://bsky.app/profile/did:plc:lgxwokjfnegutejxknkdpqwj/post/3m2xm5gxzke2c,2025-10-12T02:01:18.886000+00:00,Marlins,265
bluesky_post,bluesky,driftlessflyguy.bsky.social,And Robert should be really good. Feels like a Hanley Ramirez with the Marlins kind of deal where he's just stopped caring.,https://bsky.app/profile/did:plc:5tdr4lcun3akykz6v5qhkqgz/post/3m2xl4l7soc24,2025-10-12T01:42:56.284000+00:00,Marlins,123
bluesky_post,bluesky,justbeingryano.bsky.social,Currently the POBO of the Marlins Org.,https://bsky.app/profile/did:plc:ts5bnp5qkv2u5hhmymxjb25b/post/3m2xjj3bqgs2q,2025-10-12T01:14:08.681000+00:00,Marlins,38
bluesky_post,bluesky,mimimiercoles3.bsky.social,Mia talking about Karen is supposed to be her friend but Mia and Jacqueline been laughing about Karen charges for months atp #RHOP,https://bsky.app/profile/did:plc:envagi4dxg7emjevngpyp7k5/post/3m2zrivxex222,2025-10-12T22:42:32.478000+00:00,MIA,130
bluesky_post,bluesky,bbcradio3ubot.bsky.social,BBC Radio 3 Unwind The Sleeping Forecast: Get cosy and nod off Now Playing Simon Rackham Lullaby for Mia,https://bsky.app/profile/did:plc:lg7nd5dntumqa6xwhcpynkax/post/3m2zrhibztc2o,2025-10-12T22:41:43.883000+00:00,MIA,104
bluesky_post,bluesky,mimimiercoles3.bsky.social,Gordon needs to sue MIA for making his mental health business her storyline. She is defaming him #rhop. This isn’t even how Bipolar works what she says and if he so manic all the time how come it hasn’t been caught on camera?,https://bsky.app/profile/did:plc:envagi4dxg7emjevngpyp7k5/post/3m2zrgya4ws22,2025-10-12T22:41:27.678000+00:00,MIA,225
bluesky_post,bluesky,philiprr.bsky.social,"Tristan da Silva is only 2 for 6 and 1 for 4 from three. But the aggression and confidence is the point. Da Silva is a completely different player this year. Lot more sure of himself and where he can attack. Continually impressed with him. 28-27 MIA, 2:37 1st",https://bsky.app/profile/did:plc:fkpnckg4eqizwxmgrxrgwyxo/post/3m2zregbutc2c,2025-10-12T22:40:01.078000+00:00,MIA,259
bluesky_post,bluesky,agrinio24.bsky.social,"Γιοβάνοβιτς μετά το Δανία – Ελλάδα: «Απογοητευτικά συμπεράσματα, χρειάζεται μία βαθύτερη ανάλυση από εμένα» https://agrinio24.gr/giovanovits-meta-to-dania-ellada-apogoiteftika-syberasmata-chreiazetai-mia-vathyteri-analysi-apo-emena/",https://bsky.app/profile/did:plc:twe5rekrmqakxbavqy4kzghh/post/3m2zrdo6ssi2o,2025-10-12T22:39:35.678000+00:00,MIA,232
bluesky_post,bluesky,bear-kira94.bsky.social,Già sai la mia risposta 😜 Let me be your good boy 🤤,https://bsky.app/profile/did:plc:z6nrdpq3ro7vyj7hvl5iq345/post/3m2zrcuozjs2d,2025-10-12T22:39:11.676000+00:00,MIA,51
bluesky_post,bluesky,mimimiercoles3.bsky.social,Stacy is a loser because she is always up Mia ass. She is damn near worse than Jacqueline. And look at that as soon as she felt slighted by Karen she became the bone collector. What a loser. That’s why that man don’t want that cat as much as she ask him if he want a taste. #RHOP,https://bsky.app/profile/did:plc:envagi4dxg7emjevngpyp7k5/post/3m2zrb6xm2c22,2025-10-12T22:38:13.078000+00:00,MIA,279
bluesky_post,bluesky,jaclown.com,increíble gracias por existir me alegro que sea por ESE BLUIT NA MÁS soy tu fan número 0 nadie puede ir delante mía te adoro fírmame la rodilla,https://bsky.app/profile/did:plc:bpoeijmzvyj5tfxdck5wj4rp/post/3m2zrad4s6s2u,2025-10-12T22:37:44.179000+00:00,MIA,143
bluesky_post,bluesky,impy0j.bsky.social,Mia looks absolutely adorable in this outfit! It forms to her physique so well and I love the black and green unders with the rest of her outfit! She has a little anklet she's part of the fam now!❤️ I adore this so much! I definitely have to draw this version of her in future art! Thank you so much!,https://bsky.app/profile/did:plc:rz7zgnce2ghprvwcuzrjo3xb/post/3m2zr6cw2ac27,2025-10-12T22:36:36.477000+00:00,MIA,300
bluesky_post,bluesky,bananabumblebee.bsky.social,Mama mia,https://bsky.app/profile/did:plc:7jwhehzjiwnd7kctczttir5v/post/3m2zr5s6dns2i,2025-10-12T22:36:21.578000+00:00,MIA,8
bluesky_post,bluesky,philiprr.bsky.social,"#Magic's shot selection has been a bit suspect, but understandable. Players trying to find their rhythm. But the #Heat have been really effective at getting misses in transition. They are parading to the line like they did in the first game. Magic not set. 26-21 MIA, 4:12 1st",https://bsky.app/profile/did:plc:fkpnckg4eqizwxmgrxrgwyxo/post/3m2zr34dzt22c,2025-10-12T22:34:48.777000+00:00,MIA,276
bluesky_post,bluesky,delyloli.bsky.social,Madre mía!! Qué miedo da 😲 Tened mucho cuidado 🙏🙏,https://bsky.app/profile/did:plc:ip2fhknq6fqjkigfswc4nwco/post/3m2zqoeehis2w,2025-10-12T22:27:41.277000+00:00,MIA,49
bluesky_post,bluesky,geoffrey-landis.bsky.social,"Just for reference, no, Soon Yi was not Woody Allen’s adopted daughter. She was MIA Farrow (and her husband André Previn)’s adopted daughter.",https://bsky.app/profile/did:plc:3ji56yngk3xzekwmg3rl2oqp/post/3m2zqo7dutc22,2025-10-12T22:27:36.178000+00:00,MIA,141
bluesky_post,bluesky,snickdd.bsky.social,"God, between being sick and college I've been MIA for a bit now, huh? Oopsies. anyway skong time at 7pm cst :))",https://bsky.app/profile/did:plc:vhvlwb4qqv6ipplfxajpimqp/post/3m2zqn33upk2t,2025-10-12T22:26:59.982000+00:00,MIA,111
bluesky_post,bluesky,daviddlcd.bsky.social,"Madre mía la pasarela, madre mía el lipsync, y madre mía el fin del capítulo",https://bsky.app/profile/did:plc:xj4a6lx67kr2cqvjga673ho4/post/3m2zqmaguss24,2025-10-12T22:26:30.283000+00:00,MIA,76
bluesky_post,bluesky,diosadescarriada.bsky.social,Madre mía qué horroroso,https://bsky.app/profile/did:plc:dfv65s2isaledmxnukmqc2h2/post/3m2zqhnk3z22x,2025-10-12T22:23:57.180000+00:00,MIA,23
bluesky_post,bluesky,ebasta.bsky.social,"Il tablet io proprio non so usarlo è scomodo e lento,i bestemmioni che lanciavo quando mia figlia doveva fare la dad e a ogni comando ci metteva una vita ad eseguirlo Che trauma!",https://bsky.app/profile/did:plc:sdhkul5wq7phr6eamug3fc6y/post/3m2zqfg5dpc2k,2025-10-12T22:22:43.184000+00:00,MIA,178
bluesky_post,bluesky,toledonews.bsky.social,"Olivia Rodgers placed 23rd (82) for the Arrows, Sydney Socha 28th (83), Lindsey Kornowa 38th (85), and Mia McIntyre 47th (88).",https://bsky.app/profile/did:plc:yee22vxsaj3t346ulxv6c2ze/post/3m2zqexjgeq2v,2025-10-12T22:22:26.180000+00:00,MIA,126
bluesky_post,bluesky,samuelpx.disludo.com.br,"acho triste que esse lado da história vira ""defender o cara"", eh muito importante contar a historia das crianças e contextualizar mia farrow. reli isso dps de ter filho e n tankei",https://bsky.app/profile/did:plc:e4yc5b4ieb7sl5tydswdxc5g/post/3m2zqevelwc2x,2025-10-12T22:22:23.381000+00:00,MIA,179
bluesky_post,bluesky,mrfox.bsky.social,Mama Mia 🥲,https://bsky.app/profile/did:plc:6e2uqumh7x42shb6zhca45ry/post/3m2zq3orgy22l,2025-10-12T22:17:24.184000+00:00,MIA,10
bluesky_post,bluesky,aleshka1.bsky.social,Madre mía,https://bsky.app/profile/did:plc:wywnuchmbgrzcqxnb3kx5ldl/post/3m2zq2sej222k,2025-10-12T22:16:44.580000+00:00,MIA,9
bluesky_post,bluesky,caracolinheaven.bsky.social,Madre mía.,https://bsky.app/profile/did:plc:e7p6uy74bwwzzsgkqz5ia5om/post/3m2zpv542rs2c,2025-10-12T22:13:34.587000+00:00,MIA,10
bluesky_post,bluesky,graymalkinlane1407.bsky.social,#ElCineQueHeVistoen2025 83. Mamma Mia. Phyllida Lloyd (2008). Clásico moderno instantáneo,https://bsky.app/profile/did:plc:7eqpznzxs5yuik3zzugw5foi/post/3m2zpq25sdk2z,2025-10-12T22:10:46.287000+00:00,MIA,89
bluesky_post,bluesky,formergregsamsa.bsky.social,"""Remember when you took over Mia Farrow's part in that movie about a murder because--""and then smash-cut into a scene from Manhattan Murder Mystery with Annie would, of course, be kinda funny.",https://bsky.app/profile/did:plc:xm2t5vq4wm5ddwz7dziqnnkp/post/3m2zpox7ysk2k,2025-10-12T22:10:06.881000+00:00,MIA,192
bluesky_post,bluesky,rawmlb.bsky.social,Marlins Biggest Contract Scare for ’27 Season Hasn’t Played for Miami Since 2017 https://www.rawchili.com/mlb/375205/ It is never too early to be looking at upcoming contracts for any team and that includes the…,https://bsky.app/profile/did:plc:lgxwokjfnegutejxknkdpqwj/post/3m2xffpowwe2p,2025-10-12T00:00:39.981000+00:00,Miami Marlins,211
bluesky_post,bluesky,mlbshitpostbot.bsky.social,I'm gonna tell my kids the 2025 Miami Marlins were better than the 1927 Yankees,https://bsky.app/profile/did:plc:ikts7dckhy67m6pftqoeydcw/post/3m2xdoviwa72g,2025-10-11T23:30:00.585000+00:00,Miami Marlins,79
bluesky_post,bluesky,rawmlb.bsky.social,Could Rhys Hoskins Be the Answer to Marlins Biggest Hole? https://www.rawchili.com/mlb/375138/ The 2025 season is officially in the rearview mirror for the Miami Marlins. After ending the year with…,https://bsky.app/profile/did:plc:lgxwokjfnegutejxknkdpqwj/post/3m2xavo5aaf2y,2025-10-11T22:40:07.186000+00:00,Miami Marlins,198
bluesky_post,bluesky,rawmlb.bsky.social,"How Munetaka Murakami can help quickly solve the Miami Marlins first base problem https://www.rawchili.com/mlb/375091/ What if the Miami Marlins made the biggest splash they have made in years, and signed Munetaka Murakmi?…",https://bsky.app/profile/did:plc:lgxwokjfnegutejxknkdpqwj/post/3m2x6ofkxil2w,2025-10-11T22:00:15.577000+00:00,Miami Marlins,223
bluesky_post,bluesky,fishonfirst.com,"The younger Conine will not be following directly in his dad's footsteps, but over a small sample, the statistical similarities are undeniable. #marlins #miami #marlinsbeisbol",https://bsky.app/profile/did:plc:sodv3w2wussu5l2nuhsekrww/post/3m2wwmubj732l,2025-10-11T19:36:13.487000+00:00,Miami Marlins,175
bluesky_post,bluesky,rawmlb.bsky.social,Could Rhys Hoskins Be the Answer to Marlins Biggest Hole? https://www.rawchili.com/mlb/374791/ The 2025 season is officially in the rearview mirror for the Miami Marlins. After ending the year with…,https://bsky.app/profile/did:plc:lgxwokjfnegutejxknkdpqwj/post/3m2wrbkiqqd2o,2025-10-11T18:00:25.880000+00:00,Miami Marlins,198
bluesky_post,bluesky,rawmlb.bsky.social,"Miami Marlins 3 – Cleveland Guardians 4: Final score, results, recap, box score, stats https://www.rawchili.com/mlb/374539/ José Ramírez became Cleveland’s leader in multihome run games with a drive to right field in the eighth…",https://bsky.app/profile/did:plc:lgxwokjfnegutejxknkdpqwj/post/3m2wg3yvqc22y,2025-10-11T14:40:28.083000+00:00,Miami Marlins,228
bluesky_post,bluesky,rawmlb.bsky.social,"Texas Rangers hire Skip Schumaker as manager, signing former Marlins skipper to 4-year deal https://www.rawchili.com/mlb/374437/ FILE – Miami Marlins manager Skip Schumaker walks off the field during the third inning of a baseball…",https://bsky.app/profile/did:plc:lgxwokjfnegutejxknkdpqwj/post/3m2waj6j4re2p,2025-10-11T13:00:28.184000+00:00,Miami Marlins,231
bluesky_post,bluesky,marlins.homegame.today,"Miami Marlins — No, the next game at loanDepot park is scheduled for Mar 26, 2026.",https://bsky.app/profile/did:plc:yjgv7cocfgkbkvijefvdvbso/post/3m2vtdt2t3h2i,2025-10-11T09:04:49.580000+00:00,Miami Marlins,82
bluesky_post,bluesky,herdchronicles.bsky.social,"#OTD in 1885, the National League #Bisons lost a pair of five-inning games to Providence. It would be the last time an N.L. team would play a regular season game in the Queen City until the Miami Marlins played the Toronto Blue Jays at Sahlen Field on August 11, 2020. #Buffalo",https://bsky.app/profile/did:plc:gpwkgcc4b3x7j3pgylc7jvog/post/3m2unb3gba22v,2025-10-10T21:43:16.883000+00:00,Miami Marlins,277
bluesky_post,bluesky,autographdanny.bsky.social,Autograph #143 – Brayan Hernandez – Miami Marlins – MLB Autograph #143 - Added to our collection - 2018 Bowman Chrome Prospects Autographs #CPA-BHE Brayan Hernandez FBC Hernandez was signed as an international free agent out of Venezuela by the Seattle Mariners in 2014. Hernandez got as high as…,https://bsky.app/profile/did:plc:qfsekybjqzemeumtd3yurwve/post/3m2umb7dsb222,2025-10-10T21:25:26.183000+00:00,Miami Marlins,296
bluesky_post,bluesky,rawmlb.bsky.social,"Yankees predicted to add Miami Marlins’ ace via the trade market https://www.rawchili.com/mlb/373213/ The New York Yankees could be in the market for starting pitching this offseason, with a former Cy…",https://bsky.app/profile/did:plc:lgxwokjfnegutejxknkdpqwj/post/3m2uhjhcwfi26,2025-10-10T20:00:33.680000+00:00,Miami Marlins,201
bluesky_post,bluesky,rawmlb.bsky.social,Why mighty Dodgers are proof of concept for the next Miami Marlins playoff run https://www.rawchili.com/mlb/372956/ Promise- the goal of this article isn’t convincing you that the Miami Marlins are one ownership group of…,https://bsky.app/profile/did:plc:lgxwokjfnegutejxknkdpqwj/post/3m2u5hh6yi42p,2025-10-10T17:00:29.586000+00:00,Miami Marlins,221
bluesky_post,bluesky,marlins.homegame.today,"Miami Marlins — No, the next game at loanDepot park is scheduled for Mar 26, 2026.",https://bsky.app/profile/did:plc:yjgv7cocfgkbkvijefvdvbso/post/3m2tcwe7rii2o,2025-10-10T09:05:38.580000+00:00,Miami Marlins,82
bluesky_post,bluesky,starchick68.bsky.social,"‪✨StarChick68💫‬ one of my fav gifs and Seinfeld episodes ""You stole my Jesus fish""",https://bsky.app/profile/did:plc:dbrpajdhdwzmwq3yzfthr4cf/post/3m2zrlscy2c2h,2025-10-12T22:44:09.779000+00:00,Fish,82
bluesky_post,bluesky,hsw3k.bsky.social,painting by Li Jin of a fish that's been eaten by a bigger fish and is absolutely fuming about it www.instagram.com/p/DNA7KkaRrKl/,https://bsky.app/profile/did:plc:u6hv63gfuzaenrsnuoz2vhre/post/3m2zrlktuok26,2025-10-12T22:44:05.885000+00:00,Fish,130
bluesky_post,bluesky,wbrianlane.bsky.social,"Introduce yourself using one food you refuse to eat, one movie you'll never watch again, and one song you can't stand. Fish Maleficent Hallelujah",https://bsky.app/profile/did:plc:qga5xhqsujslfvhrjt5bqswp/post/3m2zrg4i4wc26,2025-10-12T22:40:55.983000+00:00,Fish,145
bluesky_post,bluesky,vogmuninn.bsky.social,I like drawing fish,https://bsky.app/profile/did:plc:xqtgy63dicj3nsscksihsmxq/post/3m2zr77x2qs2i,2025-10-12T22:37:10.304000+00:00,Fish,19
bluesky_post,bluesky,ddagger2024.bsky.social,"I spent years of Sunday nights listening to Dr. Demento back in the 70s, early 80s. I STILL, to this day, will break out with a verse of “Fish Heads”…. it’s stamped into my brain (along with that great hit “Dead Puppies”). THANK YOU DR. DEMENTO for keeping me company and entertaining us all!!!",https://bsky.app/profile/did:plc:c2wiarexi2sx6t7ucxqudzvq/post/3m2zr72hljc2y,2025-10-12T22:37:01.177000+00:00,Fish,294
bluesky_post,bluesky,reneesearfoss.bsky.social,Grew up watching the Marx Bros. One of my proudest moments in grad school was sharing the Abie the fish man scene with a colleague who was researching the history of ethnic portrayals in comedic theater particularly in the Jewish theater traditions,https://bsky.app/profile/did:plc:vo6o7b4fkux74hejcndqr7zn/post/3m2zr67bwg22w,2025-10-12T22:36:34.379000+00:00,Fish,248
bluesky_post,bluesky,starrysofty.bsky.social,Here's some recent self-portraits and fursona drawings I've made #Meettheartist,https://bsky.app/profile/did:plc:rr4z2n6nrntys7grovm3an4z/post/3m2zr3tyjtc26,2025-10-12T22:35:28.981000+00:00,Fish,79
bluesky_post,bluesky,shecoli.bsky.social,I am certain that my marathon goal time crushing was powered by me eating an entire bag of wallaby brand soft red licorice yesterday. Also half a bag of Swedish fish as a night time snack.,https://bsky.app/profile/did:plc:wj5qvlvmjzzxvvio7v3ban26/post/3m2zqyimugc2l,2025-10-12T22:33:21.384000+00:00,Fish,188
bluesky_post,bluesky,ericblyler.bsky.social,"“Give a man a fish, feed him for a day. Teach a man to fish and take a 20% cut of the action.”",https://bsky.app/profile/did:plc:xh365jcojv3inzooe5q2fmne/post/3m2zqv32ma22l,2025-10-12T22:31:26.079000+00:00,Fish,94
bluesky_post,bluesky,sy-170.bsky.social,so lucky I love fish sooo much,https://bsky.app/profile/did:plc:c67paog27zocoeqju5bji6qt/post/3m2zqt7azu22x,2025-10-12T22:30:23.182000+00:00,Fish,30
bluesky_post,bluesky,blondie.off.camera,no it is funny the fish part threw me off,https://bsky.app/profile/did:plc:hunsnfyu446ymn5ccicvzynk/post/3m2zqrmvjik2s,2025-10-12T22:29:30.685000+00:00,Fish,41
bluesky_post,bluesky,hotladybigboobs.bsky.social,"part of what makes listening to down by the river by neil young & crazytown so magical the first time, is not knowing what he did down there. he could have caught a fish or seen a scary bug or peed on a rock and accidentally got a little in his mouth like i did one time. but no, he shot his baby.",https://bsky.app/profile/did:plc:7vlxhd7jl3yc45xn45nl2bg7/post/3m2zqrg7zhk2h,2025-10-12T22:29:23.278000+00:00,Fish,297
bluesky_post,bluesky,markstacky.bsky.social,Heard he installed the kitchen appliances at the Three Jolly Luck Take-Away Fish Bar.,https://bsky.app/profile/did:plc:inu6zvayblodkkawfnaqqzss/post/3m2zqov77qc2v,2025-10-12T22:27:57.086000+00:00,Fish,85
bluesky_post,bluesky,flakefood.bsky.social,Betta Fish: Harvey midway into his glow up. Anyone else with this type of fish with a complete glow up? https://www.flakefood.com/784914/betta-fish-harvey-midway-into-his-glow-up-anyone-else-with-this-type-of-fish-with-a-complete-glow-up/ He says hello! https://i.redd.it/2bj0i3of0ruf1.jpeg …,https://bsky.app/profile/did:plc:o7k4nmf5w5gczdvtbpbvhas4/post/3m2zqnkjwnx2k,2025-10-12T22:27:16.664000+00:00,Fish,292
bluesky_post,bluesky,deerwatcher.bsky.social,nobody called a wino..unless you brought some fish.,https://bsky.app/profile/did:plc:75ol4lbnehre6myjna35katp/post/3m2zqml656s27,2025-10-12T22:26:42.283000+00:00,Fish,51
bluesky_post,bluesky,mayamodez.bsky.social,I LOOOVE EATING AN ENTIRE FISH im so proud,https://bsky.app/profile/did:plc:qfu4rr5xtrwezongy536gkbx/post/3m2zqliyqvs24,2025-10-12T22:26:05.590000+00:00,Fish,42
bluesky_post,bluesky,valymonahan.bsky.social,"Starting to ice up around Tsi Chua ""Red Ochre Creek"", aka Wolf Creek.",https://bsky.app/profile/did:plc:uscqdhdyxi4c3wg2cig3mg7t/post/3m2zqj37eqs2o,2025-10-12T22:24:50.383000+00:00,Fish,69
bluesky_post,bluesky,clayranck.bsky.social,"“Wait, you’re saying he could make as many loaves and fish as he wanted and he gave them away for free? For free? He didn’t even charge a little bit?”",https://bsky.app/profile/did:plc:i3exxl6oahirrqj7phdhg63s/post/3m2zqiey5xk2h,2025-10-12T22:24:22.080000+00:00,Fish,150
bluesky_post,bluesky,horridpoplyrics.bsky.social,"The fish rots from the head down, as they say. Sec. Noem is a well-known dog murderer. It only follows that her agents would take after her.",https://bsky.app/profile/did:plc:qn2lskdd4tbpslq6b7rdoec3/post/3m2zqdtluw225,2025-10-12T22:21:49.481000+00:00,Fish,140
bluesky_post,bluesky,meboshart.bsky.social,#ceramicart #potteryfish #artwork #pottery A new school of fish.,https://bsky.app/profile/did:plc:rx3ezna6h6c6zzxx76lkvv3n/post/3m2zqdhoslc2t,2025-10-12T22:21:39.086000+00:00,Fish,64
bluesky_post,bluesky,mattoak.bsky.social,The thing is it's so hard to make a truly BAD pizza that you'd have to be eating like rotten fish on a used bar coaster to get that reaction,https://bsky.app/profile/did:plc:yo2czukmpyy6cios7ou7bbpg/post/3m2zpzfcnfc2h,2025-10-12T22:15:56.978000+00:00,Fish,140
bluesky_post,bluesky,papermache.bsky.social,"Oh, yeah? Can this dog talk to fish?",https://bsky.app/profile/did:plc:5atid5qw564mws7yoxcy22ip/post/3m2zpyqnnzk26,2025-10-12T22:15:36.283000+00:00,Fish,36
bluesky_post,bluesky,eatgreedy.bsky.social,30 Fish eye suppositories is just a normal day over there ?? 😂😂 This is why I stay in the house,https://bsky.app/profile/did:plc:ax63uwp3cpnypfmbb4cvjx4d/post/3m2zpxhxzok2w,2025-10-12T22:14:53.185000+00:00,Fish,95
bluesky_post,bluesky,violaplayer26.bsky.social,"And honestly, whatever the thoughts on her, there a bigger fish to fry. FFS people, FOCUS!",https://bsky.app/profile/did:plc:yl3hcz2ujebv75snwf35o2fr/post/3m2zpwfvbf22u,2025-10-12T22:14:17.983000+00:00,Fish,90
bluesky_post,bluesky,drhilariousphd.bsky.social,Render. I want you to know i read this as Ah-GILL-Ah-tee Like fish gills. Now I can't unsee it. Shit,https://bsky.app/profile/did:plc:gy3v2r4abqu4lisdromiv6ay/post/3m2zpw5dqhc2y,2025-10-12T22:14:08.281000+00:00,Fish,100
bluesky_post,bluesky,chrisroell.bsky.social,"I got my steps in today, - or at least my bicycle did! I rode my Stepping Ride on today's Urban Adventure Bicvcle Ride. I rode to the Lincoln Memorial, Watergate Hotel Spanish Steps, Cascading Waterfall, U.S. Capitol & the Nats Statdium steps. #bikedc #uabicycleride",https://bsky.app/profile/did:plc:6qxpxuayirp4cc3arc5z2ljx/post/3m2zo6juulc2i,2025-10-12T21:43:19.783000+00:00,Nats,266
bluesky_post,bluesky,masonhorizon.bsky.social,Just know there are more supporters than those sad nats.,https://bsky.app/profile/did:plc:d5v5srd35j6axp3wlg7hk7kn/post/3m2znbqlszk2x,2025-10-12T21:26:58.580000+00:00,Nats,56
bluesky_post,bluesky,bottertogether.bsky.social,"Look: we can't scrutinise the claims of Jacob Rees-Mogg and Better Together. 2014 was an eternity ago and the world has changed immeasurably since then. But also, 2014 was just yesterday, and the Nats can't force yet another quickfire referendum on us. It's that simple frankly.",https://bsky.app/profile/did:plc:tbxwfoyxjtkrhwtn6ecsypex/post/3m2zgislel72j,2025-10-12T19:25:36.982000+00:00,Nats,278
bluesky_post,bluesky,foxylustygrover.bsky.social,"They aren't and they never will because every time the rules get tightened against them Nats get back in and scrap all the good saying ""Ol mate farmers, there you go your cows are free to piss in the water again because we all know fences and riparian planting is too hard""",https://bsky.app/profile/did:plc:h7papgydn5i7s7t67ngeinei/post/3m2ze5o5egc2e,2025-10-12T18:43:38.778000+00:00,Nats,273
bluesky_post,bluesky,encinoman.bsky.social,Nats have air traffic controller union commercials all the time too.,https://bsky.app/profile/did:plc:wzygefwmycft265p2shfmej7/post/3m2z7rjeefs2b,2025-10-12T17:25:13.182000+00:00,Nats,68
bluesky_post,bluesky,lougehrigreplay.bsky.social,"10/12/1925 (gm 5): #Pittsburgh toppled #Washington, 6 to 3, today as Aldridge won his 2nd #WorldSeries game, scattering 8 hits. Harris’s 4th-inn HR briefly tied the score, but the #Pirates knocked Coveleskie out in the 7th w/1Bs by Carey, Cuyler & Barnhart to secure the W. Nats are up 3 games to 2.",https://bsky.app/profile/did:plc:fk7qovdnuup3gyxz7gdexzqa/post/3m2z4cqkfos2o,2025-10-12T16:23:20.384000+00:00,Nats,299
bluesky_post,bluesky,robfitzgerald.bsky.social,You can't go crazy with it obviously and its styled on the Bundesbank with CDU style 'keine experimente'. I see some Scots Nats wanting to go down the route of 'money printing but this time its different' currency. Obviously euro doesnt allow for this but thats a plus imv,https://bsky.app/profile/did:plc:frhozgxkbmkywcan7zn4cptz/post/3m2yo6gnt3k2c,2025-10-12T12:10:18.779000+00:00,Nats,272
bluesky_post,bluesky,mistermet.bsky.social,"#MetsTrivia A: In the 8th inning on 9/18/15, Kirk Nieuwenhuis hit pinch-hit solo HR off Jonathan Papelbon to lead the #Mets to an 8-7 W over the Nats.",https://bsky.app/profile/did:plc:wsie6nfm76c6jgjqmbso4oud/post/3m2yn32e6jk23,2025-10-12T11:50:56.584000+00:00,Nats,150
bluesky_post,bluesky,mediate4u.bsky.social,We have loads of fresh water in Scotland and send some down on a regular basis. Like our green energy too. Seems we happy civic Nats are charitable even to the odd self acclaimed English cunt. 😊 blocked!,https://bsky.app/profile/did:plc:m3wouze5rz6rqtyvoitxkfwz/post/3m2yl7qywtc27,2025-10-12T11:17:22.883000+00:00,Nats,203
bluesky_post,bluesky,humzas-brain.bsky.social,The Nats have never let the truth get in the way of a good lie.,https://bsky.app/profile/did:plc:uejr3bcsxisui66zrxtcjcut/post/3m2yctpthfc2f,2025-10-12T08:47:30.278000+00:00,Nats,63
bluesky_post,bluesky,brojonat.bsky.social,NATS-Forohtoo: Payment Invite Required Check out forohtoo: https://github.com/brojonat/forohtoo/ It's a service I built to avoid spamming Solana for my wallet's transaction details. https://brojonat.com/posts/forohtoo/,https://bsky.app/profile/did:plc:y23om74oyckpouywtwqbaah6/post/3m2y6rsdydo2w,2025-10-12T07:34:48.976000+00:00,Nats,218
bluesky_post,bluesky,digitaldiggo.bsky.social,"Yes. That was implicit in my comment. The Liberal Party is not the alternative - it needs to die, which in turn will result in vast overreach from NATS, ON and their Advance sponsors. Generational change.",https://bsky.app/profile/did:plc:sng4roe4fnsa4iujahizmcs4/post/3m2y2dge4u222,2025-10-12T06:15:16.580000+00:00,Nats,204
bluesky_post,bluesky,elmtree.bsky.social,"I need Toronto, Houston, Colorado, Padres, and Seattle to get all 30 done. But to see the Tigers at all parks I need those plus Giants (saw the Nats there), new Texas, and wherever the hell Oakland ends up",https://bsky.app/profile/did:plc:3sphpluzh34kxhcxszquxd6m/post/3m2xv7yyaus2v,2025-10-12T04:43:48.381000+00:00,Nats,205
bluesky_post,bluesky,wtfresca.bsky.social,Humpy is the Seattle equivalent of Nats’ Teddy lol… love it,https://bsky.app/profile/did:plc:ayafbbkh6v4ikfvhhow7jo4l/post/3m2xt5tz5lc2o,2025-10-12T04:06:48.681000+00:00,Nats,59
bluesky_post,bluesky,joeyjojo-shabadoo.bsky.social,"With the Astros, Nats and Rangers all winning the first ever WS for those franchises since 2017, this would also mean 4 out of the last 9 champions are first timers if it happened. For all the talk of payroll, baseball remains in a period of unmatched parity compared to the other sports",https://bsky.app/profile/did:plc:5ihdupxlbuf63637vjuib4mv/post/3m2xsynjzsk2n,2025-10-12T04:03:55.678000+00:00,Nats,287
bluesky_post,bluesky,foxylustygrover.bsky.social,"Easy to see him running for mayor, the fact there is chatter about Nats leader is just delicious, they hate Luxon more than Bridges!",https://bsky.app/profile/did:plc:h7papgydn5i7s7t67ngeinei/post/3m2xinybxns2e,2025-10-12T00:59:00.982000+00:00,Nats,132
bluesky_post,bluesky,nicemagazine.bsky.social,Συγκίνηση στο Νιούελς – Τίγκρε: Ο Νάτσο Ρούσο σκόραρε και αφιέρωσε το γκολ στον πατέρα του λίγες ώρες μετά από την κηδεία του https://nicemagazine.gr/sygkinisi-sto-niouels-tigkre-o-nats/,https://bsky.app/profile/did:plc:wwryv2wdcmtjacqlwhbeo33i/post/3m2xijsoorv2j,2025-10-12T00:56:38.582000+00:00,Nats,186
bluesky_post,bluesky,foxylustygrover.bsky.social,"Rumours flying that Wayne Brown will only be in mayoral seat a year, Simon Bridges will then run for position if he isn't already reinstated as Nats leader before then",https://bsky.app/profile/did:plc:h7papgydn5i7s7t67ngeinei/post/3m2xhuitgbc2e,2025-10-12T00:44:45.794000+00:00,Nats,167
bluesky_post,bluesky,capsregalbeagle.bsky.social,"Interesting, I thought most Nats fans didn't care for the Cubs?",https://bsky.app/profile/did:plc:aw22gcldmgji7oc47lrnxy3j/post/3m2xftjmsts2e,2025-10-12T00:08:24.182000+00:00,Nats,63
bluesky_post,bluesky,natsfanatic2.bsky.social,I had a dipshit at a Nats/Pirates game ask me why I couldn’t be bothered to stand. My response was “I don’t do forced Patriotism”.,https://bsky.app/profile/did:plc:nje6pjbdrikip6e4d5dwxfxf/post/3m2xeuxtuqs2w,2025-10-11T23:51:18.784000+00:00,Nats,130
bluesky_post,bluesky,dcuniverse.bsky.social,"There are probably good baseball reasons not to give Pete Alonso a seven-year deal. And there are probably less-good Lerner reasons why it won’t happen. But after years of watching ex-Nats go to division rivals, this is too fun of an opportunity to pass up. It’d be the Werth signing on steroids.",https://bsky.app/profile/did:plc:rl5zga3kpxl3swbnclqnbusx/post/3m2xbs65ds223,2025-10-11T22:56:05.493000+00:00,Nats,296
bluesky_post,bluesky,bottertogether.bsky.social,Swinney and the Nats are destroying Scotland. Imagine what they could do with more powers. Now is not the time.,https://bsky.app/profile/did:plc:tbxwfoyxjtkrhwtn6ecsypex/post/3m2xa3e4c652z,2025-10-11T22:25:23.781000+00:00,Nats,111
bluesky_post,bluesky,natspectrum.bsky.social,Oh wow! I have a similar book I bought back when I was a teenager! bsky.app/profile/nats...,https://bsky.app/profile/did:plc:qbakxo7vkdgmoa6ccbt3e5oa/post/3m2x7b4tvmc2g,2025-10-11T22:10:43.880000+00:00,Nats,91
bluesky_post,bluesky,carolandersen.bsky.social,I now refer to the Nats as Fossil Fools!,https://bsky.app/profile/did:plc:dn2vub54x4pl7z5gkimz3je6/post/3m2x75d3znc24,2025-10-11T22:08:35.178000+00:00,Nats,40
bluesky_post,bluesky,jonesy101.bsky.social,"Not often, I agree with Vanstone, but she is on the money here. But who really cares if the Libs and Nats go into electoral oblivion. Most advancement in this country came from Labor policy. #auspol",https://bsky.app/profile/did:plc:7bgabmxdasn7t3kfh5lnxfpv/post/3m2x6gwgy7s2y,2025-10-11T21:56:03.886000+00:00,Nats,198
bluesky_post,bluesky,colinsnewsday.bsky.social,Warmup lines and D pairs tonight vs. WSH: Panarin-Zibanejad-Lafreniere Cuylle-Miller-Sheary Brodzinski-Laba-Raddysh Edstrom-Carrick-Rempe Gavrikov-Fox Robertson-Borgen Vaakanainen-Schneider Quick Shesterkin,https://bsky.app/profile/did:plc:tnxjm62feedqybqzsruwe347/post/3m2zr6fvc3k2o,2025-10-12T22:36:53.581000+00:00,WSH,206
bluesky_post,bluesky,pauloljubljana.bsky.social,C'est quoi wsh ?,https://bsky.app/profile/did:plc:zytrolbhzqsugfk66doeazrk/post/3m2znd5tj722x,2025-10-12T21:27:44.381000+00:00,WSH,16
bluesky_post,bluesky,chris-awk.bsky.social,NWSL - North Carolina Courage vs Washington Spirit xG (Post-Shot xG) 0.73 (0.40) - North Carolina Courage 1.12 (1.12) - Washington Spirit xG Leader - 0.28 - Paige Metayer (WSH) xA Leader - 0.33 - Trinity Rodman (WSH),https://bsky.app/profile/did:plc:dptgc5e5fm5y5engt5fdin5n/post/3m2zequebmz2s,2025-10-12T18:54:20.282000+00:00,WSH,216
bluesky_post,bluesky,miladym.bsky.social,"Ils veulent trauma des gens ou quoi avec cette fin ?? « Je ne vous quitterai jamais. Quand vous sentirai un courant d’air sur la nuque, ça sera moi » 😭 wsh #thequarry",https://bsky.app/profile/did:plc:4nx2ko3n2azfxldxc43gkxqd/post/3m2zdfuq4wc2k,2025-10-12T18:30:17.779000+00:00,WSH,166
bluesky_post,bluesky,alex6ixsports.bsky.social,📅#TorontoSports gameday; 10/12/2025📅 🏀Toronto Raptors (2-1) ✈ WSH; 3pm (Preseason) #Raptors #WeTheNorth #RTZ #NBA ⚾️Toronto Blue Jays 🆚️ SEA; 8:03pm EDT (#ALCS; Game #1) #BlueJays #WANTITALL #Postseason,https://bsky.app/profile/did:plc:z7fv3hz52374pkhw2k6v5usg/post/3m2z3rcmaok2s,2025-10-12T16:13:35.379000+00:00,WSH,202
bluesky_post,bluesky,canesgameday.bsky.social,📋 Here are the current standings for the Metropolitan division (by PT%): 1. CAR: 4 pts (1.000%) 2. NYR: 4 pts (0.667%) 3. PIT: 4 pts (0.667%) 4. CBJ: 2 pts (0.500%) 5. WSH: 2 pts (0.500%) 6. NJD: 2 pts (0.500%) 7. PHI: 1 pts (0.250%) 8. NYI: 0 pts (0.000%) #CarolinaCulture,https://bsky.app/profile/did:plc:xzw7r6t6suwktc43dcvfzq5y/post/3m2yv7auqzf2d,2025-10-12T14:16:05.788000+00:00,WSH,273
bluesky_post,bluesky,canesgameday.bsky.social,🗓️ Today's NHL schedule (times EDT) WSH @ NYR - 7 PM #CarolinaCulture,https://bsky.app/profile/did:plc:xzw7r6t6suwktc43dcvfzq5y/post/3m2yuukpelh22,2025-10-12T14:10:04.881000+00:00,WSH,69
bluesky_post,bluesky,sportstimelineviz.bsky.social,"#NHL Timeline (Absolute Gel Edition) - October 11, 2025 16 games played",https://bsky.app/profile/did:plc:hsib6s46p66ylvd5ba7uxzmz/post/3m2yqw3lq3y2h,2025-10-12T12:59:20.681000+00:00,WSH,71
bluesky_post,bluesky,sportstimelineviz.bsky.social,"#NHL Timeline - October 11, 2025 16 games played",https://bsky.app/profile/did:plc:hsib6s46p66ylvd5ba7uxzmz/post/3m2yqv5luni2e,2025-10-12T12:58:49.581000+00:00,WSH,48
bluesky_post,bluesky,otghockey.bsky.social,Next 4 games: SUN - @ WSH TUE - v EDM THU - @ TOR SAT - @ MTL,https://bsky.app/profile/did:plc:t7jmq6aayx3d552benfgh2vq/post/3m2xllmvsps2s,2025-10-12T01:51:19.581000+00:00,WSH,61
bluesky_post,bluesky,angieb2024.bsky.social,nhl.com/video/wsh-ny...,https://bsky.app/profile/did:plc:stqisriv2pu36vulv5pgjkfa/post/3m2xktwdq7k2m,2025-10-12T01:38:07.986000+00:00,WSH,23
bluesky_post,bluesky,bluesky.awakari.com,3-0 WSH Interest | Match | Feed,https://bsky.app/profile/did:plc:i53e6y3liw2oaw4s6e6odw5m/post/3m2xgwbqxcc2z,2025-10-12T00:27:49.683000+00:00,WSH,31
bluesky_post,bluesky,bluesky.awakari.com,1-0 WSH Interest | Match | Feed,https://bsky.app/profile/did:plc:i53e6y3liw2oaw4s6e6odw5m/post/3m2xcywgwqq27,2025-10-11T23:17:43.383000+00:00,WSH,31
bluesky_post,bluesky,canesgameday.bsky.social,📋 Here are the current standings for the Metropolitan division (by PT%): 1. PIT: 4 pts (1.000%) 2. CAR: 2 pts (1.000%) 3. NYR: 2 pts (0.500%) 4. NYI: 0 pts (0.000%) 5. CBJ: 0 pts (0.000%) 6. PHI: 0 pts (0.000%) 7. WSH: 0 pts (0.000%) 8. NJD: 0 pts (0.000%) #RaiseUp,https://bsky.app/profile/did:plc:xzw7r6t6suwktc43dcvfzq5y/post/3m2weqdfmaj2e,2025-10-11T14:16:05.886000+00:00,WSH,265
bluesky_post,bluesky,canesgameday.bsky.social,🗓️ Today's NHL schedule (times EDT) LAK @ WPG - 1:30 PM STL @ CGY - 4 PM BUF @ BOS - 7 PM TOR @ DET - 7 PM NJD @ TBL - 7 PM OTT @ FLA - 7 PM WSH @ NYI - 7 PM NYR @ PIT - 7 PM PHI @ CAR - 7 PM MTL @ CHI - 7 PM UTA @ NSH - 8 PM CBJ @ MIN - 8 PM DAL @ COL - 9 PM VAN @ EDM - 10 PM #RaiseUp,https://bsky.app/profile/did:plc:xzw7r6t6suwktc43dcvfzq5y/post/3m2wefmmwrm2p,2025-10-11T14:10:05.389000+00:00,WSH,286
bluesky_post,bluesky,miladym.bsky.social,J’ai hyper peur de la voix wsh 😭 #thequarry,https://bsky.app/profile/did:plc:4nx2ko3n2azfxldxc43gkxqd/post/3m2un5suzes2z,2025-10-10T21:41:26.081000+00:00,WSH,43
bluesky_post,bluesky,rgtba.bsky.social,Mdrrrr wsh,https://bsky.app/profile/did:plc:l34rizyut6jh4efbsczeeapq/post/3m2ui7ejbpk2e,2025-10-10T20:12:50.278000+00:00,WSH,10
bluesky_post,bluesky,rgtba.bsky.social,Mdrrrr wsh,https://bsky.app/profile/did:plc:l34rizyut6jh4efbsczeeapq/post/3m2udvu5bdk2y,2025-10-10T18:55:55.186000+00:00,WSH,10
bluesky_post,bluesky,rgtba.bsky.social,Et en plus c’est Nicolas qui paie ton RSA mdrrrr wsh 💩💩💩💩🥦🥦🥦🥦🐖🐖🐖🐖🐖🤡🤡🤡🤡🤡🤡🔥🇫🇷🇮🇱🇫🇷🔥🇫🇷,https://bsky.app/profile/did:plc:l34rizyut6jh4efbsczeeapq/post/3m2uctsgpw223,2025-10-10T18:36:52.779000+00:00,WSH,82
bluesky_post,bluesky,rgtba.bsky.social,Mdrrrrrr wsh,https://bsky.app/profile/did:plc:l34rizyut6jh4efbsczeeapq/post/3m2ubxkotfc2y,2025-10-10T18:21:06.188000+00:00,WSH,12
bluesky_post,bluesky,canesgameday.bsky.social,📋 Here are the current standings for the Metropolitan division (by PT%): 1. PIT: 4 pts (1.000%) 2. CAR: 2 pts (1.000%) 3. NYR: 2 pts (0.500%) 4. NYI: 0 pts (0.000%) 5. CBJ: 0 pts (0.000%) 6. PHI: 0 pts (0.000%) 7. WSH: 0 pts (0.000%) 8. NJD: 0 pts (0.000%) #RaiseUp,https://bsky.app/profile/did:plc:xzw7r6t6suwktc43dcvfzq5y/post/3m2tubjttgq2a,2025-10-10T14:16:06.687000+00:00,WSH,265
bluesky_post,bluesky,kjbass.bsky.social,"Daily Walkoff ⚾ #406 30 for 30 Swings: 70 🚀1️⃣: BOS, CIN, MIN, TOR 🚀2️⃣: AZ, ATL, BAL, CHC, CLE, DET, LAD, MIA, NYM, OAK, PHI, PIT, SF, SEA, STL, TB 🚀3️⃣: CWS, COL, HOU, LAA, NYY, TEX, WSH 🚀4️⃣: MIL, SD 🚀5️⃣: KC dailywalkoff.com",https://bsky.app/profile/did:plc:w77dhwju4mcfpdu2tf5ggkm7/post/3m2te7uqwc22d,2025-10-10T09:28:51.984000+00:00,WSH,228
bluesky_post,bluesky,hentaihubx.bsky.social,➡️ Momiji Loving Rough BBC Pounding in Gym WSH [Orochi] ➡️ Complete episode: https://3dhentai.it.com/video/2253/xix 🔥 Ai Hentai Porn Generator: https://ehentai.ai/ai-girlfriend-chat?a=dkzIgQszi3UVKs 🔥 #Animegirl #Mangaporn #Hentaifetish #Hentaibutt #Animatedboobs #Hentaifuck #Romc...,https://bsky.app/profile/did:plc:fppweuzj7npu4az2hd4tjmqe/post/3m2su4egvps2h,2025-10-10T04:40:34.884000+00:00,WSH,284
bluesky_post,bluesky,remembersomeguys.bsky.social,Vinny Castilla 3B-SS Debut: 1991 - Retired: 2006 COL - HOU - TBD - WSN - ATL - SDP,https://bsky.app/profile/did:plc:bpliuzjiw2r7q4gr4hnmtrnc/post/3m2wjzmgjsd2s,2025-10-11T15:50:42.786000+00:00,WSN,82
bluesky_post,bluesky,remembersomeguys.bsky.social,Aaron Boone 3B-1B Debut: 1997 - Retired: 2009 HOU - CIN - FLA - WSN - NYY - CLE,https://bsky.app/profile/did:plc:bpliuzjiw2r7q4gr4hnmtrnc/post/3m2qobigoii2u,2025-10-09T07:50:43.655000+00:00,WSN,79
bluesky_post,bluesky,momhwa.bsky.social,yh trying to get handsy all the way back to the hotel but even tispy mh is the slipperiest cat he's ever dealt with. yh too used to wsn plastering themselves against everyone that getting ahold of mh is actually a challenge. good thing yh is so competitive🥰he wins once they're behind closed doors,https://bsky.app/profile/did:plc:rcj5xa5pszd3joioawvk22hb/post/3m2nbz4vj222q,2025-10-07T23:33:18.658000+00:00,WSN,297
bluesky_post,bluesky,yuyeos.bsky.social,omFgf.. im so bad at drawing feet but for wsn id do anything 🦶,https://bsky.app/profile/did:plc:wgzm4fk3zyosf6d6dav7jj3g/post/3m2n4hgvk5k2k,2025-10-07T21:53:58.362000+00:00,WSN,62
bluesky_post,bluesky,remembersomeguys.bsky.social,Tony Armas RF-CF-LF-DH Debut: 1999 - Retired: 2008 NYM - WSN - PIT,https://bsky.app/profile/did:plc:bpliuzjiw2r7q4gr4hnmtrnc/post/3m2lndmwhug2h,2025-10-07T07:50:43.158000+00:00,WSN,66
bluesky_post,bluesky,mikematson.bsky.social,Just curious.. Why do you put WSN for a guy who didn't play for the Nationals portion of the timeline? Please don't erase the Expos more than they have been..,https://bsky.app/profile/did:plc:b6fmm2vnhgw4ptinpxupoj4d/post/3m2kqiec4g223,2025-10-06T23:14:23.457000+00:00,WSN,158
bluesky_post,bluesky,fr-france.bsky.social,"Andmore et le groupe WSN lancent la version parisienne du salon Shoppe Object https://www.europesays.com/fr/443273/ Publié le 6 octobre 2025 Shoppe Object met un premier pied en Europe. Le groupe WSN et Andmore,…#fr #france",https://bsky.app/profile/did:plc:5ekaaudi6pc22b4axp54hqre/post/3m2k3lbgnc32n,2025-10-06T17:00:13.061000+00:00,WSN,223
bluesky_post,bluesky,remembersomeguys.bsky.social,Endy Chávez CF-LF-RF Debut: 2001 - Retired: 2014 SEA - WSN - TEX - KCR - NYM - PHI - BAL,https://bsky.app/profile/did:plc:bpliuzjiw2r7q4gr4hnmtrnc/post/3m2j4uploke2h,2025-10-06T07:50:43.160000+00:00,WSN,88
bluesky_post,bluesky,remembersomeguys.bsky.social,Juan Rivera LF-RF Debut: 2001 - Retired: 2012 NYY - ANA - LAD - WSN - TOR,https://bsky.app/profile/did:plc:bpliuzjiw2r7q4gr4hnmtrnc/post/3m2fe6dhcbe2z,2025-10-04T19:50:43.162000+00:00,WSN,73
bluesky_post,bluesky,remembersomeguys.bsky.social,Rob Mackowiak RF Debut: 2001 - Retired: 2008 WSN - PIT - SDP - CHW,https://bsky.app/profile/did:plc:bpliuzjiw2r7q4gr4hnmtrnc/post/3m2cgcbffvi2k,2025-10-03T15:50:43.463000+00:00,WSN,66
bluesky_post,bluesky,opalmoon12.bsky.social,woosan - Red Wine Supernova - biters - freaks <3 - complicated relationship with alcohol (pos) - boy do they Have Roommates (don't worry they're cool) - people love red wine supernova (AS THEY SHOULD) people love wsn. match made in heaven,https://bsky.app/profile/did:plc:sfsujz5szuggjvs4xmut7g22/post/3m2asfuamoc27,2025-10-03T00:22:27.434000+00:00,WSN,238
bluesky_post,bluesky,remembersomeguys.bsky.social,Matt Wieters Catcher Debut: 2009 - Retired: 2020 WSN - STL - BAL,https://bsky.app/profile/did:plc:bpliuzjiw2r7q4gr4hnmtrnc/post/3m2aqnnumpj2u,2025-10-02T23:50:43.649000+00:00,WSN,64
bluesky_post,bluesky,remembersomeguys.bsky.social,Miguel Montero Catcher Debut: 2006 - Retired: 2018 TOR - WSN - ARI - CHC,https://bsky.app/profile/did:plc:bpliuzjiw2r7q4gr4hnmtrnc/post/3m2adaiydsh2k,2025-10-02T19:50:43.656000+00:00,WSN,72
bluesky_post,bluesky,remembersomeguys.bsky.social,Preston Wilson CF-LF Debut: 1998 - Retired: 2007 FLA - COL - STL - HOU - WSN - NYM,https://bsky.app/profile/did:plc:bpliuzjiw2r7q4gr4hnmtrnc/post/3m2a4jw42zi2m,2025-10-02T17:50:43.162000+00:00,WSN,82
bluesky_post,bluesky,remembersomeguys.bsky.social,Jamey Carroll 2B-3B-SS Debut: 2002 - Retired: 2013 COL - CLE - MIN - KCR - WSN - LAD,https://bsky.app/profile/did:plc:bpliuzjiw2r7q4gr4hnmtrnc/post/3m25fegrsya2q,2025-10-01T15:50:43.953000+00:00,WSN,84
bluesky_post,bluesky,remembersomeguys.bsky.social,Alejandro De Aza CF-LF Debut: 2007 - Retired: 2017 BOS - SFG - CHW - WSN - FLA - NYM - BAL,https://bsky.app/profile/did:plc:bpliuzjiw2r7q4gr4hnmtrnc/post/3m256nucjgf2u,2025-10-01T13:50:43.848000+00:00,WSN,90
bluesky_post,bluesky,remembersomeguys.bsky.social,Nyjer Morgan CF-LF Debut: 2007 - Retired: 2014 MIL - PIT - CLE - WSN,https://bsky.app/profile/did:plc:bpliuzjiw2r7q4gr4hnmtrnc/post/3lzz7aw2sks2c,2025-09-29T23:50:44.252000+00:00,WSN,68
bluesky_post,bluesky,2asperatus7.bsky.social,"Yh is atz’s boyfriend, atz are Hj’s boyfriends, wsn are the ultimate throuple 2+1s, they’re the throuple core, the default duo to make a combo",https://bsky.app/profile/did:plc:nw3ldkr6czr4wsqnlnft72ws/post/3lzxzrp4j322a,2025-09-29T12:40:05.652000+00:00,WSN,142
bluesky_post,bluesky,ahiruducky.bsky.social,I just saw a pigeon sneeze no I'm not okay it wsn so cute I'm actually crying,https://bsky.app/profile/did:plc:fxloi67nge55qedhailwupev/post/3lzxwf6f4vk2v,2025-09-29T11:39:21.051000+00:00,WSN,77
bluesky_post,bluesky,astroscounty.bsky.social,STL: 35.4% (Mar 30) A's: 25.1% (May 5) PIT: 21.9% (Mar 25) LAA: 17.2% (Apr 10) WSN: 3.5% (Mar 28) MIA: 1.9% (Mar 30) CWS: 0.2% (Apr 3) COL: 0.1% (Mar 30) So yeah. The Astros and Mets shit the bed.,https://bsky.app/profile/did:plc:4lujz2dg2m33ahpmnbnujigm/post/3lzwrrx2tpc2x,2025-09-29T00:44:22.571000+00:00,WSN,196
bluesky_post,bluesky,2asperatus7.bsky.social,Ys jealous of what Jh has with wsn… intriguing fourouple,https://bsky.app/profile/did:plc:nw3ldkr6czr4wsqnlnft72ws/post/3lzw3wk37uk23,2025-09-28T18:13:16.949000+00:00,WSN,56
bluesky_post,bluesky,remembersomeguys.bsky.social,Adam Kennedy 2B Debut: 1999 - Retired: 2012 OAK - LAD - SEA - WSN - ANA - STL,https://bsky.app/profile/did:plc:bpliuzjiw2r7q4gr4hnmtrnc/post/3lzuz5dxecs2h,2025-09-28T07:50:43.152000+00:00,WSN,77
bluesky_post,bluesky,hwawari.bsky.social,i started reading the 4th fic of the evening (wsn + ynhw but the ynsn is weird) and idk i thought sh was mentally ill when i read his pov but looking at how things are going in yh's pov chapter i think sh might ironically end up the most well-adjusted out of all of them,https://bsky.app/profile/did:plc:2kcy5625qefwybi5dd7i7cvp/post/3lzs35vd2rs23,2025-09-27T03:48:50.054000+00:00,WSN,270
bluesky_post,bluesky,remembersomeguys.bsky.social,Cliff Floyd LF Debut: 1993 - Retired: 2009 CHC - WSN - SDP - FLA - BOS - TBD - NYM,https://bsky.app/profile/did:plc:bpliuzjiw2r7q4gr4hnmtrnc/post/3lzqzqf6eil2e,2025-09-26T17:50:43.052000+00:00,WSN,82
bluesky_post,bluesky,midwestshadow.bsky.social,"Cubs - out. Bears - suck. Hawks, losing (so far). Blaney - out of the race in Vegas. Things are not well over here lol",https://bsky.app/profile/did:plc:zobtpiewgl3n2eresbjtzqo6/post/3m2zrddqsjk27,2025-10-12T22:39:24.078000+00:00,Cubs,118
bluesky_post,bluesky,bracketdobber.net,Some Milwaukee guy complaining about Cubs fans traveling north last night.,https://bsky.app/profile/did:plc:464zcbsj7qwfqovlpwqlzmmq/post/3m2zrarboes25,2025-10-12T22:37:58.577000+00:00,Cubs,74
bluesky_post,bluesky,cadmium-enjoyer.bsky.social,I can’t tell where one tiger cub begins and where one ends. Just a cuddly bundle of tiger cubs.,https://bsky.app/profile/did:plc:exgirrelvhfpfc26ts7fjdtu/post/3m2zqyim3z224,2025-10-12T22:33:21.181000+00:00,Cubs,95
bluesky_post,bluesky,ca-nb.bsky.social,Mama bear put down after being hand-fed by Lower Mainland resident https://www.newsbeep.com/ca/208383/ The BC Conservation Service is investigating a resident in Chilliwack for hand-feeding a sow and its two cubs…,https://bsky.app/profile/did:plc:2gp3m6bnzqynpqq4nlwto5ar/post/3m2zqtyhgs42c,2025-10-12T22:30:50.083000+00:00,Cubs,213
bluesky_post,bluesky,paulbijhouwer.bsky.social,Cubs squandered 2 runners with no outs in the sixth. Can’t do that and win.,https://bsky.app/profile/did:plc:sspltqhtxkcp65mcogf3jrzc/post/3m2zqj2osi22t,2025-10-12T22:24:43.184000+00:00,Cubs,75
bluesky_post,bluesky,samuelmcchesney.bsky.social,Roscoe’s Tavern blocked me on Instagram because I commented “why is Roscoe’s trying to be a straight bar all of a sudden” on a new post about how they are turning into a Cubs viewing bar. Can anyone answer why Roscoe’s hates gay men? It’s been so hostile going there and now this.,https://bsky.app/profile/did:plc:iqootrupc4twrpk7r4tfopqo/post/3m2zqghdc4s2o,2025-10-12T22:23:17.486000+00:00,Cubs,280
bluesky_post,bluesky,fiona-webster22.bsky.social,Three sleepy tiger cubs in a sleepy guy's lap. Doesn't get much better than that.,https://bsky.app/profile/did:plc:e5fcw4r2w7ngevzakcah344p/post/3m2zq7xlbsc2y,2025-10-12T22:19:37.581000+00:00,Cubs,81
bluesky_post,bluesky,rhondasgray.bsky.social,That’s what they did to the Cubs.,https://bsky.app/profile/did:plc:mh3irgjpy7iz5tf32clqt6zm/post/3m2zq3ej63s2v,2025-10-12T22:17:03.682000+00:00,Cubs,33
bluesky_post,bluesky,bleachernation.bsky.social,The Full Broadcast Schedules for the ALCS and NLCS www.bleachernation.com/cubs/2025/10...,https://bsky.app/profile/did:plc:sopo5gky656cqg4vnhvqqtgr/post/3m2zpy7t6uq2u,2025-10-12T22:15:17.778000+00:00,Cubs,89
bluesky_post,bluesky,chifanpatt.bsky.social,I’m honestly having trouble shaking the sadness of the Cubs season ending.,https://bsky.app/profile/did:plc:bs7vm23a4p5d3f5scicos6om/post/3m2zpxgqi2k2k,2025-10-12T22:14:51.882000+00:00,Cubs,74
bluesky_post,bluesky,northsidebaseball.com,Let's reward consistency. #cubs #chicago #behereforit,https://bsky.app/profile/did:plc:rehjj4kj2y76o2xwtmjfikl7/post/3m2zpwbput32x,2025-10-12T22:14:13.379000+00:00,Cubs,53
bluesky_post,bluesky,fallout55.bsky.social,"These are the saddest of possible words: “Tinker to Evers to Chance.” Trio of bear Cubs and fleeter than birds, Tinker and Evers and Chance. Thoughtlessly pricking our gonfalon bubble, Words that are heavy with nothing but trouble: “Tinker to Evers to Chance.”",https://bsky.app/profile/did:plc:bknbxg4fj4ohpn5oj56nm6oa/post/3m2zpgofgbs2z,2025-10-12T22:05:29.390000+00:00,Cubs,260
bluesky_post,bluesky,brewcruisers.com,Last night was awesome! Glad Andrew Vaughn has found his groove here. Eliminating the Cubs was icing on the cake,https://bsky.app/profile/did:plc:4w33j7gd3o3s5hwgt5zks4ss/post/3m2zpeysfgc2j,2025-10-12T22:04:31.379000+00:00,Cubs,112
bluesky_post,bluesky,julianday.ca,"Only been once, ten years ago, in the middle of winter (C went to the Midwest Clinic and I tagged along). It was fantastic and I'd love to go back, see the Cubs play at Wrigley.",https://bsky.app/profile/did:plc:mwhdprzl5uvimxa3kh24jvpl/post/3m2zp57vu6s2o,2025-10-12T22:00:11.481000+00:00,Cubs,177
bluesky_post,bluesky,accounthaver1.bsky.social,Still laughing about this. Kyle Tucker is a superstar. The Cubs will be worse without him,https://bsky.app/profile/did:plc:6kodod55aqor6mis3xaypuqc/post/3m2zopdkojc27,2025-10-12T21:52:25.979000+00:00,Cubs,89
bluesky_post,bluesky,irishktd.bsky.social,"Maybe next year, Cubs 😔💙🩵💚❤️💙🩵🙏🙏🙏🙏. We love you. Bravo, Chicago ❤️💙💚🩵💚",https://bsky.app/profile/did:plc:r57wkvsheqa3qebdze52kkpw/post/3m2zofkzigk2e,2025-10-12T21:46:59.078000+00:00,Cubs,70
bluesky_post,bluesky,geoffcrittenden.com,Shove it up your ass by the way.,https://bsky.app/profile/did:plc:crupr2ulmvqgb3g7nhr4a4j6/post/3m2zoawooxs2z,2025-10-12T21:44:24.480000+00:00,Cubs,32
bluesky_post,bluesky,rawmlb.bsky.social,"Here’s where you can buy Brewers merch, including NLCS shirts, hat https://www.rawchili.com/mlb/376620/ Milwaukee Brewers celebrate series win over Chicago Cubs in NLDS The Milwaukee Brewers celebrate their playoff series win…",https://bsky.app/profile/did:plc:lgxwokjfnegutejxknkdpqwj/post/3m2zo2idjcg2p,2025-10-12T21:40:46.882000+00:00,Cubs,226
bluesky_post,bluesky,rawmlb.bsky.social,Brewers troll Cubs with team photo after winning NLDS – NBC Chicago https://www.rawchili.com/mlb/376637/ The Milwaukee Brewers used a strong pitching performance to win Game 5 of the NLDS against the Chicago…,https://bsky.app/profile/did:plc:lgxwokjfnegutejxknkdpqwj/post/3m2znzihwge2y,2025-10-12T21:40:13.278000+00:00,Cubs,208
bluesky_post,bluesky,gobucksgo.bsky.social,Not a cubs fan but Go Dodgers!,https://bsky.app/profile/did:plc:pisplcynlykzn2ox2ekk77wb/post/3m2zntxxgck2n,2025-10-12T21:37:08.382000+00:00,Cubs,30
bluesky_post,bluesky,boxtoppers.bsky.social,"Milwaukee #Brewers win #NLDS, 3-2, eliminating Chicago #Cubs. MIL ranks 9th in Box-Toppers team rankings 112.6 B-T points, while #Cubs are 7th (117.6). However, MIL was top NL playoff seed, CHC was 4th. MIL finished 5 games ahead of CHC in NL Central. www.box-toppers.com/blog/2025/10...",https://bsky.app/profile/did:plc:cjvpo6njn3ui7pxn7zzdx4ul/post/3m2yymdow6g25,2025-10-12T15:17:03.079000+00:00,CHC,287
bluesky_post,bluesky,remembersomeguys.bsky.social,Brandon Morrow Pitcher Debut: 2007 - Retired: 2018 LAD - SEA - SDP - TOR - CHC,https://bsky.app/profile/did:plc:bpliuzjiw2r7q4gr4hnmtrnc/post/3m2yn3fpa3z2e,2025-10-12T11:50:43.582000+00:00,CHC,78
bluesky_post,bluesky,slangsonsports.bsky.social,Most combined runs in a postseason game ALL via solo HR: 2017 NLCS G4 LAD CHC: 5 2025 NLDS G5 CHC MIL: 4 2023 NLDS G4 ATL PHI: 4,https://bsky.app/profile/did:plc:2x5bs276hs2ibqgwzhnx2jae/post/3m2xphjgqhc2k,2025-10-12T03:00:38.184000+00:00,CHC,128
bluesky_post,bluesky,boiling-turkey.bsky.social,"Brewers beat Cubs en route to NLCS, 3-1. MIL (3-2): J. Misiorowski (W): 4.0 IP, 3 H, 1 ER, 3 K A. Uribe (S): 2.0 IP, 0 H, 0 ER, 0 K W. Contreras: 1 R, 1 H, 1 RBI, HR CHC (2-3): C. Rea (L): 2.2 IP, 4 H, 1 ER, 2 K S. Suzuki: 1 R, 1 H, 1 RBI, HR Next: 2025 NLCS vs. Los Angeles #BrewCrew #MLBSky",https://bsky.app/profile/did:plc:7bzgqd5ktkezmrk3jygm5vz7/post/3m2xovokdlk2f,2025-10-12T02:50:42.989000+00:00,CHC,292
bluesky_post,bluesky,trollhamels.bsky.social,It's over Cubs got beat by fucking Andrew Vaughn 🤢 CHC@MIL #NLDS #MLB,https://bsky.app/profile/did:plc:mvxkwzfa3kdji35alzo6tcxu/post/3m2xosta5t22e,2025-10-12T02:49:05.995000+00:00,CHC,69
bluesky_post,bluesky,peterstork.com,If we get the Brewers/Mariners World Series - and I pray we do- it will be the first time the series is played between two clubs with zero titles since 1980 (PHI/KCR.) Before that: 1920 - CLE/BKN 1909 - PIT/DET 1907 - CHC/DET 1906 - CHW/CHC 1905 - NYG/PHA 1903 - BOS/PIT,https://bsky.app/profile/did:plc:lyrpluaamy4g4sttj7qsghu5/post/3m2xonvn7sc2f,2025-10-12T02:46:18.383000+00:00,CHC,270
bluesky_post,bluesky,stfate.stfate.site.ap.brid.gy,CHCくんあっさり終わったな 見事な内弁慶シリーズ #NLDS,https://bsky.app/profile/did:plc:naxuwzjp6urmkai2sdgtlu2b/post/3m2xon6rfpoa2,2025-10-12T02:47:40.082000+00:00,CHC,31
bluesky_post,bluesky,slangsonsports.bsky.social,"There have been 4 runs scored tonight, all on solo home runs If that holds (or increases), would join this list Most combined runs in a postseason game ALL via solo HR: 2017 NLCS G4 LAD CHC: 5 2023 NLDS G4 ATL PHI: 4",https://bsky.app/profile/did:plc:2x5bs276hs2ibqgwzhnx2jae/post/3m2xobc4bwk2k,2025-10-12T02:39:15.485000+00:00,CHC,216
bluesky_post,bluesky,woulditdongagain.bsky.social,"Brice Turang vs Andrew Kittredge Home Run (1) 💣 Exit velo: 107.4 mph Launch angle: 29 deg Projected distance: 416 ft This would have been a home run in 25/30 MLB ballparks, including Wrigley Field Non-HR in: AZ, COL, DET, HOU, KC CHC @ MIL 🔻 7th",https://bsky.app/profile/did:plc:pqccvay7bly2zxyrx2q2np65/post/3m2xnqrds2o2n,2025-10-12T02:30:00.781000+00:00,CHC,245
bluesky_post,bluesky,bittergiantsfan.bsky.social,"Top Shelf 💣 CHC 1, MIL 3 Bot 7 #NLDS",https://bsky.app/profile/did:plc:ybxlo6kh6ysxvclz2vjz43rw/post/3m2xnf4vbcc26,2025-10-12T02:23:30.284000+00:00,CHC,36
bluesky_post,bluesky,dingerbot.bsky.social,"MIL Home Run! Brice Turang homers (1) on a fly ball to center field. The score is now MIL 3, CHC 1 (Bottom 7)",https://bsky.app/profile/did:plc:zg7khgjaoiskwnrj7a4uyuk2/post/3m2xnevozt426,2025-10-12T02:23:22.980000+00:00,CHC,109
bluesky_post,bluesky,home-run.bsky.social,"#Brewers Brice Turang homers (1) on a fly ball to center off #Cubs Andrew Kittredge. 🏳 416ft, 🔥107.4mph, 29.0 deg CHC 1 @ MIL 3; BOT 7",https://bsky.app/profile/did:plc:hcinqi7anojoakih5osh2abr/post/3m2xne47wp62w,2025-10-12T02:22:56.281000+00:00,CHC,134
bluesky_post,bluesky,m3rmaidmelia.bsky.social,"Tbh I’m kinda ready for CHC to be done so I have one less team to stress me out. Also, I have no desire to see them play LAD.",https://bsky.app/profile/did:plc:2yttkrt4o3mg2uqtichmsnvy/post/3m2xlyllgnk2n,2025-10-12T01:58:35.888000+00:00,CHC,125
bluesky_post,bluesky,sirv.io,Chad Patrick’s OPS allowed against CHC: 😬,https://bsky.app/profile/did:plc:ag3yizymyvfoi2mltk4wfwmo/post/3m2xljhdhkk2s,2025-10-12T01:50:07.888000+00:00,CHC,41
bluesky_post,bluesky,trollhamels.bsky.social,Coomer says BLAZE IT! 💨 CHC@MIL #NLDS #MLB,https://bsky.app/profile/did:plc:mvxkwzfa3kdji35alzo6tcxu/post/3m2xkoxrp322e,2025-10-12T01:35:18.583000+00:00,CHC,42
bluesky_post,bluesky,woulditdongagain.bsky.social,"Andrew Vaughn vs Colin Rea Home Run (2) 💣 Exit velo: 104.4 mph Launch angle: 23 deg Projected distance: 383 ft This would have been a home run in 27/30 MLB ballparks, including Wrigley Field Non-HR in: ATL, KC, PIT CHC @ MIL 🔻 4th",https://bsky.app/profile/did:plc:pqccvay7bly2zxyrx2q2np65/post/3m2xjtlrzcn2s,2025-10-12T01:20:00.781000+00:00,CHC,230
bluesky_post,bluesky,dingerbot.bsky.social,"MIL Home Run! Andrew Vaughn homers (2) on a fly ball to left field. The score is now MIL 2, CHC 1 (Bottom 4)",https://bsky.app/profile/did:plc:zg7khgjaoiskwnrj7a4uyuk2/post/3m2xjhtgho62u,2025-10-12T01:13:25.982000+00:00,CHC,108
bluesky_post,bluesky,home-run.bsky.social,"#Brewers Andrew Vaughn homers (2) on a fly ball to left off #Cubs Colin Rea. 🏳 383ft, 104.4mph, 23.0 deg CHC 1 @ MIL 2; BOT 4",https://bsky.app/profile/did:plc:hcinqi7anojoakih5osh2abr/post/3m2xjhknnbe2g,2025-10-12T01:13:16.886000+00:00,CHC,125
bluesky_post,bluesky,yvrwxwatcher.bsky.social,"At 7am MT it was 15°C at YEG - Edmonton Intl Airport, it’s now 5°C at 6pm MT. Modified Arctic air making its way across Alberta as a gusty NW wind ushers in the colder airmass. Lows near freezing w/ the chc of an o/n flurry for the AB capital. #ShareYourWeather #ABwx #ABstorm",https://bsky.app/profile/did:plc:igdexwrrj6bbol3lbwr3n6px/post/3m2xhma3jok2i,2025-10-12T00:40:08.882000+00:00,CHC,276
bluesky_post,bluesky,woulditdongagain.bsky.social,"Pete Crow-Armstrong vs Jacob Misiorowski Flyout 💢 Exit velo: 100.5 mph Launch angle: 33 deg Projected distance: 366 ft This would have been a home run in 2/30 MLB ballparks, including Wrigley Field HR in: BOS, CHC CHC @ MIL 🔺 2nd",https://bsky.app/profile/did:plc:pqccvay7bly2zxyrx2q2np65/post/3m2xhm2yjwm25,2025-10-12T00:40:01.077000+00:00,CHC,229
bluesky_post,bluesky,woulditdongagain.bsky.social,"Seiya Suzuki vs Jacob Misiorowski Home Run (3) 💣 Exit velo: 105.0 mph Launch angle: 26 deg Projected distance: 390 ft This would have been a home run in 19/30 MLB ballparks, including Wrigley Field CHC @ MIL 🔺 2nd",https://bsky.app/profile/did:plc:pqccvay7bly2zxyrx2q2np65/post/3m2xhd4vg2t25,2025-10-12T00:35:00.683000+00:00,CHC,213
bluesky_post,bluesky,bmags94.bsky.social,"Fastest pitches hit for a home run in the postseason in the pitch-tracking era (since 2008): Seiya Suzuki (CHC), 101.4 mph, 2025 NLDS GM 5 at MIL Jackson Chourio (MIL), 101.4 mph, 2025 NLDS GM 2 vs. CHC",https://bsky.app/profile/did:plc:6c73oj5iwk45zjecwlexzte4/post/3m2xh5hm7d227,2025-10-12T00:31:50.680000+00:00,CHC,202
bluesky_post,bluesky,dingerbot.bsky.social,"CHC Home Run! Seiya Suzuki homers (3) on a fly ball to right center field. The score is now MIL 1, CHC 1 (Top 2)",https://bsky.app/profile/did:plc:zg7khgjaoiskwnrj7a4uyuk2/post/3m2xgyyebwz2x,2025-10-12T00:29:20.279000+00:00,CHC,112
bluesky_post,bluesky,curiosa.bsky.social,"Great seats in Wrigley Field, salted peanuts, a Chicago hot dog, ice cold Goose Island beer, and a great Cubs season are about 5 months away !!!! Go Cubs !!!!!",https://bsky.app/profile/did:plc:d7uxxbpg34xosqj6wpsara7l/post/3m2zndms3nk2m,2025-10-12T21:27:59.482000+00:00,Chicago Cubs,159
bluesky_post,bluesky,rawmlb.bsky.social,"William Contreras’ 3-Word Dig After NLDS Win Won’t Sit Well With Cubs Fans https://www.rawchili.com/mlb/376573/ Chicago Cubs fans had their hearts broken on Saturday, October 11, as their team was eliminated from the…",https://bsky.app/profile/did:plc:lgxwokjfnegutejxknkdpqwj/post/3m2zlstepzn26,2025-10-12T21:00:42.579000+00:00,Chicago Cubs,217
bluesky_post,bluesky,rawmlb.bsky.social,"2025 NLCS Series Preview: Milwaukee Brewers vs. Los Angeles Dodgers https://www.rawchili.com/mlb/376583/ After a thrilling NLDS victory over the Chicago Cubs, the Milwaukee Brewers are moving on to the NLCS,…",https://bsky.app/profile/did:plc:lgxwokjfnegutejxknkdpqwj/post/3m2zlsdeefl23,2025-10-12T21:00:25.783000+00:00,Chicago Cubs,208
bluesky_post,bluesky,planetcarnival.bsky.social,"With everything going on in Chicago, it would have been nice if last night's NLDS game ended differently. But I gotta be honest: brewers have brought more joy to my life than even the cutest of cubs. 🍻 🐻 🍻 🐻 🍻",https://bsky.app/profile/did:plc:xrs7uicyfcp5qbnhnqy7kucb/post/3m2zl73xgpk2t,2025-10-12T20:49:40.385000+00:00,Chicago Cubs,209
bluesky_post,bluesky,swonder.bsky.social,Column: A boom-or-bust season is over. Now the Chicago Cubs must reflect on what needs to change.,https://bsky.app/profile/did:plc:gah53sed4iuwuxcyt2dzcbi4/post/3m2zk7xuml22u,2025-10-12T20:32:15.479000+00:00,Chicago Cubs,97
bluesky_post,bluesky,rawmlb.bsky.social,"Inside the core, success and expectations defined by the 2025 Chicago Cubs season https://www.rawchili.com/mlb/376539/ This one will sting. The Milwaukee Brewers ended the Chicago Cubs’ season in the National League Division Series.…",https://bsky.app/profile/did:plc:lgxwokjfnegutejxknkdpqwj/post/3m2zjkypj3e2p,2025-10-12T20:20:32.079000+00:00,Chicago Cubs,233
bluesky_post,bluesky,brooklyn3r.bsky.social,I don’t use threads. Have any of those people walked around Wrigleyville on a day the Cubs are not there? I have. It’s a charming place with restaurants and bars. I‘ve also been to Rate Field. The people who talk the most shit about Chicago are the people who haven’t been there.,https://bsky.app/profile/did:plc:yh63t2cciyrydlks2fsoft3q/post/3m2zfsatjl22y,2025-10-12T19:13:00.379000+00:00,Chicago Cubs,279
bluesky_post,bluesky,rawmlb.bsky.social,"Pete Crow-Armstrong’s Emotional Reaction To Looming Cubs Roster Changes Says It All https://www.rawchili.com/mlb/376431/ The Chicago Cubs’ 2025 season met its end on October 11, as the team came up short against…",https://bsky.app/profile/did:plc:lgxwokjfnegutejxknkdpqwj/post/3m2zf3xdu5i23,2025-10-12T19:00:32.677000+00:00,Chicago Cubs,212
bluesky_post,bluesky,chicagotribune.com,"Column: It’s safe to say this was a boom-or-bust season for the Chicago Cubs offense, from its first-half dominance to its second-half slumber.",https://bsky.app/profile/did:plc:jszy2fvtipwprnjhe7pxytfv/post/3m2zdf2axkc26,2025-10-12T18:29:51.984000+00:00,Chicago Cubs,143
bluesky_post,bluesky,rawmlb.bsky.social,William Contreras earns Iván Rodríguez comp https://www.rawchili.com/mlb/376377/ The Milwaukee Brewers were able to get a big win against the Chicago Cubs to advance to the…,https://bsky.app/profile/did:plc:lgxwokjfnegutejxknkdpqwj/post/3m2zcuiknao23,2025-10-12T18:20:34.078000+00:00,Chicago Cubs,173
bluesky_post,bluesky,rawmlb.bsky.social,Cincinnati Reds Use Five Home Runs to Beat Chicago Cubs 7-4 https://www.rawchili.com/mlb/376378/ CINCINNATI — The Reds finally broke out the power. Their five home runs propelled them to a 7-4…,https://bsky.app/profile/did:plc:lgxwokjfnegutejxknkdpqwj/post/3m2zcuevmwd27,2025-10-12T18:20:30.680000+00:00,Chicago Cubs,193
bluesky_post,bluesky,rawmlb.bsky.social,"Cubs use 4-run 1st inning to stay alive vs. Brewers in NLDS https://www.rawchili.com/mlb/376380/ Jesse RogersOct 8, 2025, 08:31 PM ET CloseJesse joined ESPN Chicago in September 2009 and covers MLB for…",https://bsky.app/profile/did:plc:lgxwokjfnegutejxknkdpqwj/post/3m2zcubfr7l2k,2025-10-12T18:20:26.982000+00:00,Chicago Cubs,202
bluesky_post,bluesky,chasmac77.bsky.social,Column: A boom-or-bust season is over. Now the Chicago Cubs must reflect on what needs to change. www.chicagotribune.com/2025/10/12/c...,https://bsky.app/profile/did:plc:ewt7hur7g2bpxjnh4mgwdsnf/post/3m2zb5yzpek2x,2025-10-12T17:50:08.478000+00:00,Chicago Cubs,136
bluesky_post,bluesky,kepalumbo6.bsky.social,Wow! Look at all the devastating crime in Chicago! Lol. I ❤️ Chicago. My Dad’s hometown. South Shore high school ‘49. Bears. Cubs. ☺️,https://bsky.app/profile/did:plc:kwklv7uy4u4e37v6oyo3ryln/post/3m2zaqgxur22m,2025-10-12T17:42:31.685000+00:00,Chicago Cubs,133
bluesky_post,bluesky,theamericagist.bsky.social,"How Bob Uecker’s ‘presence’ lifted Brewers past Cubs The Milwaukee Brewers advanced to the NLCS with a 3-1 Game 5 win over the Chicago Cubs. Their success this season could be attributed to many factors, and some members of the organization have said the presence of the late Bob Uecker has been a…",https://bsky.app/profile/did:plc:b3mxijkjymyu3qxjalek2ugn/post/3m2z7o4o3m725,2025-10-12T17:23:19.584000+00:00,Chicago Cubs,298
bluesky_post,bluesky,northsidebaseball.com,"This guide provides a comprehensive overview of the Chicago Cubs' 2025-2026 offseason schedule, highlighting essential dates for the Winter Meetings, MLB Draft Lottery, and key decision-making periods for arbitration-eligible players and those with team or mutual… #cubs #chicago #behereforit",https://bsky.app/profile/did:plc:rehjj4kj2y76o2xwtmjfikl7/post/3m2z6t5dfql2v,2025-10-12T17:08:13.687000+00:00,Chicago Cubs,292
bluesky_post,bluesky,givinggarden.bsky.social,"The Chicago Cubs broke their 108-year curse in 2016, passing curse to the US Gov. 😅 We need a new team to “absorb the curse energy” and reset the country’s mojo. The Seattle Mariners have a cleansing vibe (forests/ rain) and can give the US a RESET. Let's Go Mariners! ⚾✨ #WorldSeries #MarinersMojo",https://bsky.app/profile/did:plc:aj2gcqrbjamtz3ysxjvqr3ug/post/3m2z6m27dv22o,2025-10-12T17:04:10.782000+00:00,Chicago Cubs,298
bluesky_post,bluesky,duskrose.bsky.social,"Got my kids a new cat tree, with more hidey holes for everyone. I think they approve!",https://bsky.app/profile/did:plc:osx56lec3suuar4o5esfrlei/post/3m2zlvu4lgk2r,2025-10-12T21:02:28.982000+00:00,Cubbies,85
bluesky_post,bluesky,406hiker.bsky.social,Have your State Police and National Guard to stand down. Besides that you at least could had done something to help the Cubbies to win last night.,https://bsky.app/profile/did:plc:sszrkwsu2kmaea5ijy5cptmp/post/3m2zdxr4hxs2a,2025-10-12T18:40:17.682000+00:00,Cubbies,146
bluesky_post,bluesky,lindaaoswald1.bsky.social,Hi Ralph and happy Sunday. Sounds like a great way for you and Dad to spend the day. Sorry about the Cubbies.😢,https://bsky.app/profile/did:plc:quanpy3kztql2dti3rp7fton/post/3m2zdgsjsis24,2025-10-12T18:30:49.580000+00:00,Cubbies,110
bluesky_post,bluesky,dispatcher07.bsky.social,I am rooting for cubbies. If they win it will be great for Chicago now. Betcha they do not get a WH invite. Betcha they do not go if they do.,https://bsky.app/profile/did:plc:lyrqoneqh73xsa6aj4c2gutu/post/3m2z7maqqas2g,2025-10-12T17:22:16.691000+00:00,Cubbies,141
bluesky_post,bluesky,baseballobserver.bsky.social,Brewers “Average Joes” end the Cubbies World Series dreams,https://bsky.app/profile/did:plc:ffosahlappkc7nfhcip7kyrn/post/3m2z5lznip32x,2025-10-12T16:46:21.481000+00:00,Cubbies,58
bluesky_post,bluesky,viking4life.bsky.social,Embarrassing? No. Seriously? They're not doing anything different than what the cubbies would've done. They ARE the better team this year. Just giving the cubbies a little something back.,https://bsky.app/profile/did:plc:4oufbfnzcrlp2vwvlggxfcc2/post/3m2z4mpxdys2a,2025-10-12T16:28:51.479000+00:00,Cubbies,187
bluesky_post,bluesky,wdwaristocrafts.dissky.com,"I’m sad my Cubbies didn’t make it all the way, but they still played some damn good baseball this season (and some not good baseball, too). And, as always, I’m glad they won a World Series in my lifetime.",https://bsky.app/profile/did:plc:nh22jb7gofk2xez63hy7jhuf/post/3m2z36n5ius2w,2025-10-12T16:03:04.784000+00:00,Cubbies,204
bluesky_post,bluesky,stuartburno.bsky.social,"The Cubs lost, but my husband and I got over it quickly by sucking and fucking after the game. Maybe next year, Cubbies.",https://bsky.app/profile/did:plc:6qjlunxoqkpnj7z4smmmfej2/post/3m2yyjbhmqc2m,2025-10-12T15:15:23.480000+00:00,Cubbies,120
bluesky_post,bluesky,dc2go.bsky.social,Good morning! They played so great this season! Bummers they didn’t make it to the big game but but seriously- next season is going to be a huge one for the Cubbies..,https://bsky.app/profile/did:plc:adgez3i5aqds7flfe4jsu2if/post/3m2yyhh47vk25,2025-10-12T15:14:19.583000+00:00,Cubbies,166
bluesky_post,bluesky,lindaaoswald1.bsky.social,"Cubbies lost last night, so I think I've run out of teams to cheer for.",https://bsky.app/profile/did:plc:quanpy3kztql2dti3rp7fton/post/3m2yy6qvwu22z,2025-10-12T15:09:27.780000+00:00,Cubbies,71
bluesky_post,bluesky,bearlyfantasy.optimusfantasy.com,I had last night's Game 5 of #Cubs @ #Brewers on mute. The former put up a hell of a fight against the latter. It was always going to be a tough series. Are we seeing the #Cubbies have the same momentum as 10 years ago? Is 2026 a sign of better days to come? 👀 #GoCubsGo,https://bsky.app/profile/did:plc:zy6nkkusnwgio57qkp7fhwuh/post/3m2yxircydk2e,2025-10-12T14:57:10.178000+00:00,Cubbies,270
bluesky_post,bluesky,huynhvmdzzhieu.bsky.social,"With my Cubbies officially out 😭, I’m putting all my energy into rooting for the Brewers to beat those stupid Dodgers and snag their first World Series win! 🍺 It’d be nice to see all my Wisconsin sports mutuals enjoy a big W. 👏",https://bsky.app/profile/did:plc:wdgcerturzz6ds7jj43syblm/post/3m2ysjssjjc2j,2025-10-12T13:28:16.880000+00:00,Cubbies,227
bluesky_post,bluesky,niftyfiftythe.bsky.social,Good morning J. Bummed as I felt Cubbies were going to win. Luv you. 💜💙💙💜💙💜💜💙💜,https://bsky.app/profile/did:plc:bckoy2jq6ofxfps5kiyayysl/post/3m2yq4quy2c22,2025-10-12T12:45:10.877000+00:00,Cubbies,78
bluesky_post,bluesky,jessicatg2005.bsky.social,The Chicago Cubs fought hard but came up short once again. Thank you for a great season Cubbies!! My support is for the Toronto Blue Jays to win the Pennant in 2025!! Go TORONTO!!!,https://bsky.app/profile/did:plc:vuunohchft5a3nndxm2i2253/post/3m2yo3di6h22c,2025-10-12T12:08:36.182000+00:00,Cubbies,180
bluesky_post,bluesky,paradiddletriplets.bsky.social,"The Cubbies never recovered from Tucker's strikeout with runners on 1st and 2nd. He looked over matched, which is rare.",https://bsky.app/profile/did:plc:js3sxkq23c74f2vqn2gbmmer/post/3m2ymb6xrfs2h,2025-10-12T11:36:06.582000+00:00,Cubbies,119
bluesky_post,bluesky,nobonesaboutit.bsky.social,Until next year Cubbies. Thanks for a great season,https://bsky.app/profile/did:plc:wacnbn2uegqz4wtsiiyh4a24/post/3m2yhv73ync2p,2025-10-12T10:17:50.681000+00:00,Cubbies,50
bluesky_post,bluesky,phoinixfotia.bsky.social,"The thrill has quieted Wrigley's shut down Through all the series, We proudly rooted for you You all played so well We got such a treat No matter the seat ""Hey, Cicago, what do ya say, the cubs going to win today?!"" No. Not u til next season. Forever in our hearts #ThankYou,Cubbies ⭐️❤️⭐️❤️⭐️",https://bsky.app/profile/did:plc:3cnlmo5oxypn3ujotwbmojoj/post/3m2yfsgmzi226,2025-10-12T09:40:29.682000+00:00,Cubbies,293
bluesky_post,bluesky,hipstersaur.ilick.rocks,I needed another 15 inning slog with both teams burning their next 2 starters to help my team out on Monday but instead we got the cubbies going out with a whimper,https://bsky.app/profile/did:plc:yvz5zqv43qlvejzwxlmo2pg2/post/3m2yam7gp3c2e,2025-10-12T08:07:30.779000+00:00,Cubbies,163
bluesky_post,bluesky,trekkieb47.bsky.social,"I knew they wouldn’t be able to pull it off, but they had a great run this season. From what I’ve heard. I don’t watch baseball. But my sister is a huge Cubbies fan. There’s always next year.",https://bsky.app/profile/did:plc:ykcfy6lv3f5ipkwpxutu6yat/post/3m2y7ifdzac25,2025-10-12T07:47:27.276000+00:00,Cubbies,191
bluesky_post,bluesky,dkgally.bsky.social,"I'm sad my Cubbies lost today, but they gave us an amazing season! Love you guys!",https://bsky.app/profile/did:plc:vuk2ivrfi4trefif564xx2d4/post/3m2y2ufl5os2t,2025-10-12T06:24:41.981000+00:00,Cubbies,81
bluesky_post,bluesky,bdplayer81.bsky.social,"I'm a few hours late but, fuck the cubbies!",https://bsky.app/profile/did:plc:4sdba4jiu5va545lvqg3yrdx/post/3m2y2gd3ivs27,2025-10-12T06:16:49.378000+00:00,Cubbies,43
bluesky_post,bluesky,publicradiopunk.bsky.social,"There’s a story behind the Brewers flying the L flag after Cubs games. In short, Cole Hamels started it. It’s definitely been a rivalry since then; Cubbies fans will be fine. Even Ueck used to poke fun: “I'm a lifelong Cubs fan, I have the emotional scars to go along with those physical ones.”",https://bsky.app/profile/did:plc:6ekpbp74spvve4p2mffd3n4x/post/3m2xwf73prk22,2025-10-12T05:04:38.389000+00:00,Cubbies,294
bluesky_post,bluesky,lewgoct.bsky.social,sorry about the cubbies. go bears?,https://bsky.app/profile/did:plc:g4qa7itzjkt4pxgml6jhbrto/post/3m2xw63iaic2z,2025-10-12T05:00:35.681000+00:00,Cubbies,34
bluesky_post,bluesky,abovestlouis.com,"🇺🇸 N10HC - Embraer Legacy 600 - Jet Linx Aviation JTL10/JL10, St Louis Lambert (STL) to Jonesboro Municipal (JBR) - 3.2 mi away @ 3500 ft, heading ENE at 234 mph. Spotted 44x before! [05:41:19 PM CDT] #A0030D #N10HC #E35L #JET_LINX #JTL10 #JL10 #Landing #Departure #ADSB #ADSBbot",https://bsky.app/profile/did:plc:66e3iqabbdis65t22zyla2wa/post/3m2zrgz6cl52q,2025-10-12T22:41:28.376000+00:00,STL,279
bluesky_post,bluesky,middon.bsky.social,"Dear remaining Pantera Pizza purveyors, To put you back in your rightful place among St. Louis pizza royalty, I suggest you adopt this slogan- Pantera's Pizza: A Vulgar Display of Flavor #stl",https://bsky.app/profile/did:plc:zsy3wwv6hlkaytj5nk4h2sko/post/3m2zr7j5rg22e,2025-10-12T22:37:15.184000+00:00,STL,191
bluesky_post,bluesky,abovestlouis.com,"🇺🇸 N8712L - Boeing 737MAX 8 - Southwest Airlines SWA2409/WN2409, Ronald Reagan Washington Ntl (DCA) to St Louis Lambert (STL) - 3.9 mi away @ 2850 ft, heading ENE at 225 mph. Spotted 39x before! [05:12:41 PM CDT] #ABFCB6 #N8712L #B38M #SOUTHWEST #SWA2409 #WN2409 #Landing #Arrival #ADSB #ADSBbot",https://bsky.app/profile/did:plc:66e3iqabbdis65t22zyla2wa/post/3m2zptv7v3s2k,2025-10-12T22:12:53.080000+00:00,STL,295
bluesky_post,bluesky,abovestlouis.com,"🇺🇸 N8870K - Boeing 737MAX 8 - Southwest Airlines SWA3591/WN3591, Eglin Afb/Destin-Ft Walton Beach (VPS) to St Louis Lambert (STL) - 3.3 mi away @ 3775 ft, heading NNE at 268 mph. Spotted 69x before! [04:59:17 PM CDT] #AC3A38 #N8870K #B38M #SOUTHWEST #SWA3591 #WN3591 #Landing #Arrival #ADSB #ADSBbot",https://bsky.app/profile/did:plc:66e3iqabbdis65t22zyla2wa/post/3m2zp3u4pwr2u,2025-10-12T21:59:26.482000+00:00,STL,299
bluesky_post,bluesky,abovestlouis.com,"🇺🇸 N356FR - Airbus A320 251NSL - Frontier Airlines FFT2635/F92635, Orlando (MCO) to St Louis Lambert (STL) - 3.5 mi away @ 4325 ft, heading NNE at 269 mph. Spotted 17x before! [04:39:52 PM CDT] #A3FBA4 #N356FR #A20N #FRONTIER_FLIGHT #FFT2635 #F92635 #Landing #Arrival #ADSB #ADSBbot",https://bsky.app/profile/did:plc:66e3iqabbdis65t22zyla2wa/post/3m2znza6qdg2c,2025-10-12T21:40:04.782000+00:00,STL,282
bluesky_post,bluesky,ameliawonderland.bsky.social,Stl furry convention made me do this,https://bsky.app/profile/did:plc:tstc7gn543t52wfcbpcfifsj/post/3m2znbebb2f2y,2025-10-12T21:26:43.981000+00:00,STL,36
bluesky_post,bluesky,thrillhousegaming.bsky.social,St. Paul sandwich from STL is elite for those not in the know.,https://bsky.app/profile/did:plc:mdgkqpmzcvvzekpefitieouj/post/3m2zmz4vgmk2h,2025-10-12T21:22:07.078000+00:00,STL,62
bluesky_post,bluesky,lindsaynicolle.bsky.social,My parents buy us season tickets every year for the STL theater which means it’s once again time for my favorite game: let’s be the gayest person in my family,https://bsky.app/profile/did:plc:5n7jq32lowhmcjvftrljijvm/post/3m2zmp6rzfs2o,2025-10-12T21:16:39.783000+00:00,STL,158
bluesky_post,bluesky,abovestlouis.com,"🇺🇸 N214AK - Boeing 737NG 900ER/W - Alaska Airlines ASA388/AS388 (SEA-STL-SEA) - 3.3 mi away @ 11975 ft, heading NW at 424 mph. Spotted 8x before! [04:12:48 PM CDT] #A1C868 #N214AK #B739 #ALASKA #ASA388 #AS388 #Landing #ADSB #ADSBbot",https://bsky.app/profile/did:plc:66e3iqabbdis65t22zyla2wa/post/3m2zmipyoe22k,2025-10-12T21:12:57.181000+00:00,STL,232
bluesky_post,bluesky,abovestlouis.com,"🇺🇸 N89308 - Embraer EMB-175 LR - United Express ASH6120/YV6120, George Bush Intcntl/Houston (IAH) to St Louis Lambert (STL) - 3.4 mi away @ 4150 ft, heading NNW at 277 mph. Spotted 19x before! [04:07:42 PM CDT] #AC52F2 #N89308 #E75L #AIR_SHUTTLE #ASH6120 #YV6120 #autopilot #Landing #ADSB #ADSBbot",https://bsky.app/profile/did:plc:66e3iqabbdis65t22zyla2wa/post/3m2zm7mdohb2k,2025-10-12T21:07:51.487000+00:00,STL,297
bluesky_post,bluesky,abovestlouis.com,"🇺🇸 N8689C - Boeing 737NG 8H4/W - Southwest Airlines SWA1406/WN1406, Nashville (BNA) to St Louis Lambert (STL) - 3.6 mi away @ 2625 ft, heading NE at 265 mph. Spotted 105x before! [04:03:58 PM CDT] #ABF025 #N8689C #B738 #SOUTHWEST #SWA1406 #WN1406 #Landing #Arrival #ADSB #ADSBbot",https://bsky.app/profile/did:plc:66e3iqabbdis65t22zyla2wa/post/3m2zlywlff62j,2025-10-12T21:04:07.284000+00:00,STL,279
bluesky_post,bluesky,abovestlouis.com,"🇺🇸 N489WN - Boeing 737NG 7H4/W - Southwest Airlines SWA19/WN19 (MCO-DAL-HOU-STL-OMA) - 3.6 mi away @ 16150 ft, heading NW at 431 mph. Spotted 80x before! [03:59:37 PM CDT] #A60C09 #N489WN #B737 #SOUTHWEST #SWA19 #WN19 #ADSB #ADSBbot",https://bsky.app/profile/did:plc:66e3iqabbdis65t22zyla2wa/post/3m2zlr7idfz2k,2025-10-12T20:59:48.085000+00:00,STL,232
bluesky_post,bluesky,abovestlouis.com,"🇺🇸 N8579Z - Boeing 737NG 800/W - Southwest Airlines SWA1519/WN1519, Orlando (MCO) to St Louis Lambert (STL) - 3.9 mi away @ 3775 ft, heading NE at 272 mph. Spotted 81x before! [03:58:00 PM CDT] #ABC504 #N8579Z #B738 #SOUTHWEST #SWA1519 #WN1519 #Landing #Arrival #ADSB #ADSBbot",https://bsky.app/profile/did:plc:66e3iqabbdis65t22zyla2wa/post/3m2zloax5sr25,2025-10-12T20:58:09.487000+00:00,STL,276
bluesky_post,bluesky,bancks.bsky.social,STL?,https://bsky.app/profile/did:plc:rke5lgfi56c273s75mf3cxss/post/3m2zllulm7k2a,2025-10-12T20:56:48.583000+00:00,STL,4
bluesky_post,bluesky,soccermomsunday.bsky.social,"About 2 years ago, @jensiessonair.bsky.social met with Jackie Billet for #SoccerMomSunday: growing up girl in STL soccer, her high achievement in ALL aspects of the game, & soccer parenting ⚽️ CONGRATS to Jackie for her upcoming STL Soccer Hall of Fame induction 👏 open.spotify.com/episode/4UB6...",https://bsky.app/profile/did:plc:c3sd7fpi6gn6mgnrlaaypigq/post/3m2zlewmobc2m,2025-10-12T20:53:01.681000+00:00,STL,297
bluesky_post,bluesky,abovestlouis.com,"🇺🇸 N7727A - Boeing 737NG 76N/W - Southwest Airlines SWA1986/WN1986, Cancun (CUN) to St Louis Lambert (STL) - 3.5 mi away @ 2975 ft, heading NNE at 260 mph. Spotted 94x before! [03:47:27 PM CDT] #AA73C3 #N7727A #B737 #SOUTHWEST #SWA1986 #WN1986 #Landing #Arrival #ADSB #ADSBbot",https://bsky.app/profile/did:plc:66e3iqabbdis65t22zyla2wa/post/3m2zl3ffavb25,2025-10-12T20:47:36.178000+00:00,STL,276
bluesky_post,bluesky,abovestlouis.com,"🇺🇸 N455WN - Boeing 737NG 7H4/W - Southwest Airlines SWA1672/WN1672 (MSY-STL-CLT-BWI) - 3.5 mi away @ 3750 ft, heading NNE at 268 mph. Spotted 78x before! [03:40:58 PM CDT] #A586B0 #N455WN #B737 #SOUTHWEST #SWA1672 #WN1672 #Landing #ADSB #ADSBbot",https://bsky.app/profile/did:plc:66e3iqabbdis65t22zyla2wa/post/3m2zkpsgwcj25,2025-10-12T20:41:07.281000+00:00,STL,245
bluesky_post,bluesky,bradanlane.bsky.social,"Fiber Lasers are still the Wild West. My laser requires EZCAD3 (which is poorly documented). So, I set about to document a reproducible process. Most sources build on other sources ... ignoring the big picture. Today I added 1 check box - to invert the STL - and eliminated 8 steps (and a bug)",https://bsky.app/profile/did:plc:oeuugryedjuvj5r47lr3m4yq/post/3m2zkj4xrf22o,2025-10-12T20:37:23.384000+00:00,STL,293
bluesky_post,bluesky,abovestlouis.com,"🇺🇸 N945WN - Boeing 737NG 7H4/W - Southwest Airlines SWA3235/WN3235, Northwest Florida Beaches (ECP) to St Louis Lambert (STL) - 3.4 mi away @ 3250 ft, heading NNE at 218 mph. Spotted 72x before! [03:28:00 PM CDT] #AD21BC #N945WN #B737 #SOUTHWEST #SWA3235 #WN3235 #Landing #Arrival #ADSB #ADSBbot",https://bsky.app/profile/did:plc:66e3iqabbdis65t22zyla2wa/post/3m2zjyokrdd2u,2025-10-12T20:28:11.479000+00:00,STL,295
bluesky_post,bluesky,abovestlouis.com,"🇺🇸 N9015D - Airbus A319 115SL - American Airlines AAL831/AA831 (CLT-STL-CLT) - 3.3 mi away @ 3725 ft, heading NNE at 233 mph. Spotted 7x before! [03:23:51 PM CDT] #AC75EE #N9015D #A319 #AMERICAN #AAL831 #AA831 #Landing #ADSB #ADSBbot",https://bsky.app/profile/did:plc:66e3iqabbdis65t22zyla2wa/post/3m2zjrb4hnl2q,2025-10-12T20:24:02.582000+00:00,STL,233
bluesky_post,bluesky,wenners.bsky.social,"Its my own file, I knocked it up Lightwave and converted to STL",https://bsky.app/profile/did:plc:expovskvlmqnfee4io5dlka4/post/3m2zie7bmi22j,2025-10-12T19:58:50.183000+00:00,STL,63
bluesky_post,bluesky,missnovameow.bsky.social,"How cute, I didn't know they did Hawloween cards",https://bsky.app/profile/did:plc:aff3ch5xpb3nueyde7ubpeh6/post/3m2zrmd3f3k2o,2025-10-12T22:44:30.778000+00:00,Cards,48
bluesky_post,bluesky,teresasm.bsky.social,"I never really got into MtG so I agree there. Plus my husband did find loads of the old cards and got the new ones, so that worked out! I also quite like On The Edge. That was easier for me to play and can be a bit silly.",https://bsky.app/profile/did:plc:temdn3ritsfu3pu3iamxarw7/post/3m2zrm6v56s24,2025-10-12T22:44:22.978000+00:00,Cards,221
bluesky_post,bluesky,tridentyyz.bsky.social,He doesn't have those cards.,https://bsky.app/profile/did:plc:3cjv3okmcqowxnuy3db37dfw/post/3m2zrkmnmr22c,2025-10-12T22:43:28.681000+00:00,Cards,28
bluesky_post,bluesky,dusklightdemon.bsky.social,"The fact he doesn't talk about his thoughts often and plays his emotional cards close to his chest means he ends up coming off as more of an asshole than he intends to. Even his ""Whatever"" quote he's so famous for is an invention of the English localization.",https://bsky.app/profile/did:plc:sd3dtfwpwdfqmtltlsu6a235/post/3m2zrkjfpks2y,2025-10-12T22:43:26.896000+00:00,Cards,258
bluesky_post,bluesky,ibrar-dev.bsky.social,"Ever since the mega pokemon cards were released, the game is completely unplayable. The game is incredibly unbalanced.",https://bsky.app/profile/did:plc:w2hijmwk63waanxrmmogt3cq/post/3m2zrhoqfrc2y,2025-10-12T22:41:53.782000+00:00,Cards,118
bluesky_post,bluesky,ch-designs.bsky.social,"From a new set of ""Dino"" greetings cards. Made in A.I. and Photoshop.",https://bsky.app/profile/did:plc:kyqydggbyrtmwi7fmzy7y57q/post/3m2zrfanrpk24,2025-10-12T22:40:34.978000+00:00,Cards,69
bluesky_post,bluesky,vorthosjay.bsky.social,Apparently they just didn’t preview any cards with the creature reminder text 😅,https://bsky.app/profile/did:plc:74epxmerio7nzaw6zzm35hdv/post/3m2zref3n722a,2025-10-12T22:39:59.977000+00:00,Cards,79
bluesky_post,bluesky,somefoo.bsky.social,The house of cards is crumbling,https://bsky.app/profile/did:plc:paqsmkw6h4lrmievnq2fpgnu/post/3m2zrdy2iks2i,2025-10-12T22:39:46.577000+00:00,Cards,31
bluesky_post,bluesky,ayeshabarb.bsky.social,LOVE the cards!,https://bsky.app/profile/did:plc:upftvqhcswk6oz5hzhr5bb2j/post/3m2zrcup3ic23,2025-10-12T22:39:09.484000+00:00,Cards,15
bluesky_post,bluesky,sh33ppurple.bsky.social,":-( Yes. Ice are lost souls, but a huge part of police, national guard and military are not. In any fascist regime, they hold the cards to stop it, just as much as the citizens.",https://bsky.app/profile/did:plc:ufl7lmdvyb2xjyloxjp7yyne/post/3m2zr6rymmk2y,2025-10-12T22:36:52.682000+00:00,Cards,177
bluesky_post,bluesky,steeble.uk,"Definitely upgrading the pi will help, the 3b has 1gb RAM and mine has 8. That’ll make the world of difference. I think the SSD was strongly recommended when I was setting up, a lot of SD cards failing because of the log writing etc.",https://bsky.app/profile/did:plc:wfnmq6e2iwvwus426j34pivt/post/3m2zr6kpbt22l,2025-10-12T22:36:44.579000+00:00,Cards,233
bluesky_post,bluesky,chrismahoney.bsky.social,Of course they accept cards for parts and services. They don’t have to accept credit cards for a car purchase,https://bsky.app/profile/did:plc:yftlhragj5tmecdrymrfromp/post/3m2zr6ee6sc2m,2025-10-12T22:36:38.083000+00:00,Cards,109
bluesky_post,bluesky,111publishing.bsky.social,"‘The Tyranny of Apps’: Those without smartphones are unfairly penalized, say campaigners. From loyalty cards to restaurant meal deals or simply parking your car – it is harder and harder to get by without signing up to a multitude of apps www.theguardian.com/money/2025/f... .",https://bsky.app/profile/did:plc:5djgg5wjq2hu5sdecgo6w6zt/post/3m2zr4rjox22d,2025-10-12T22:35:53.182000+00:00,Cards,276
bluesky_post,bluesky,oldgraygeek.bsky.social,"""Many car dealers don’t accept credit cards."" You're wrong about that, sir. I grew up in the car business. I worked at a popular Chevy dealership, and sold parts to dozens of dealerships. Almost every car dealership accepts credit cards...because they have service and parts departments!",https://bsky.app/profile/did:plc:xqtexivskzfnjpxgosjmi2je/post/3m2zr3nbd4c2k,2025-10-12T22:35:06.779000+00:00,Cards,287
bluesky_post,bluesky,kylie.hater.club,"So I couldn’t remember how many goals Kenny has had this season so I looked on FotMob for stats and I’m crying that the top three/four players this season for ACFC on most stats are Thompsons/Riley/Kenny, and then YELLOW CARDS: MACEY HODGE by a fucking mile lmaooooo that’s my SEC bully ball rookie",https://bsky.app/profile/did:plc:xts2ui2jxnfpijz2o6oixska/post/3m2zr3i4ctk2z,2025-10-12T22:35:01.082000+00:00,Cards,298
bluesky_post,bluesky,rollwillshead.bsky.social,"This is about Konami, addressing Master Duels future. Make an MMO RPG with a Yu-Gi-Oh trading cards. You want people to have binders in your Gacha grease fest. Then you need a reason people feel accomplished collecting the cards. #Blueskywordlimitbs #yugioh #masterduel #konami #komoney #mmorpg",https://bsky.app/profile/did:plc:zedzk6k43shhkyabhhy6aikc/post/3m2zr34l2gk2u,2025-10-12T22:34:58.582000+00:00,Cards,294
bluesky_post,bluesky,freechildecare.bsky.social,ooo i don't have that one yet :o i'm missing so many of his cards. good luck on your savings and future pulls!!!,https://bsky.app/profile/did:plc:lgwd2f34kwzmnfftp7kebpf3/post/3m2zr2cd5i226,2025-10-12T22:34:21.981000+00:00,Cards,112
bluesky_post,bluesky,thepumpkincorsair.bsky.social,"Hey folks! I just published my Deck of Many Gourds on Streamloots! To celebrate, I’m giving away 5 free packs! First come first serve! 20 unique cards are available that affect stream, and affect my solo Minecraft world! What should I include in the next set? www.streamloots.com/thepumpkinco...",https://bsky.app/profile/did:plc:dgxoco7inn4nxbjcuvhkjfzb/post/3m2zqwb5vsk2y,2025-10-12T22:32:09.181000+00:00,Cards,295
bluesky_post,bluesky,skelothan.bsky.social,of all of the new mega cards I was not expecting Absol to be the one to win tournaments lol You love to see it,https://bsky.app/profile/did:plc:j2cu2waqfnvky33adzyd5w4i/post/3m2zquo3ky226,2025-10-12T22:31:12.582000+00:00,Cards,110
bluesky_post,bluesky,spats.bsky.social,The tiny chuck sticker is so good! Gonna hold the sister cards dearly! Ty sm!,https://bsky.app/profile/did:plc:p6rqlism5jqdrysq2j7iydth/post/3m2zquk63e22y,2025-10-12T22:31:13.378000+00:00,Cards,77
bluesky_post,bluesky,nathalylace.bsky.social,"Eyeing the two women you just bought drinks for at the club you can't help think that you might be the luckiest guy there, if you play your cards right. The one in black had been eyeing you. Vixen nudges Kitten playfully, ""See babe, they're eating the look up. And you thought no one would like it.""",https://bsky.app/profile/did:plc:vjegdnn2aww3dnphbyjiukry/post/3m2zqt2z6722f,2025-10-12T22:30:19.179000+00:00,Cards,299
bluesky_post,bluesky,pirandellorj.bsky.social,The cards are made in China.,https://bsky.app/profile/did:plc:mg2kvggjr3xkgxtuvrigfkgd/post/3m2zqsjyap22k,2025-10-12T22:30:04.378000+00:00,Cards,28
bluesky_post,bluesky,flumbo.bsky.social,there’s been a rush of customers coming in to buy gamepass gift cards before the price hike. i have asked them and they are going to cancel after the gift cards run out. also we sold more copies of concord than redfall dude. theyre cooked beyond belief!!!,https://bsky.app/profile/did:plc:mh35x34yxb5yq3hd2i5xrm2a/post/3m2zqsfyoo224,2025-10-12T22:29:57.181000+00:00,Cards,255
bluesky_post,bluesky,copperbora.bsky.social,"Inktober Day 8: Passport (2024 Prompts) - I would say that I kind of failed this one, strictly because it became worldbuilding instead of me actually drawing anything. 😅 Anyway, I explored how 'passports' (or rather, ye olde ID cards,) work in my much more peaceful (generally) fictional world.",https://bsky.app/profile/did:plc:yioeit3mmquuzixwmgkomx3o/post/3m2zqrq7wrc2u,2025-10-12T22:29:48.281000+00:00,Cards,294
bluesky_post,bluesky,lostcitymagic.bsky.social,"Woodland oak leaf fairy mummified specimen I made for a Halloween magic routine using fairies. It was a series of fairy ""photos"" with names on the back and cards with different names on them. Kids placed each name to picture and afterwards, turned over and found they matched. This was just a display",https://bsky.app/profile/did:plc:5o2jit6q2npxq7dgxpetih6k/post/3m2zqrm45xs2r,2025-10-12T22:29:32.183000+00:00,Cards,300
bluesky_post,bluesky,stonesfan23.bsky.social,Go Redbirds!,https://bsky.app/profile/did:plc:53dik26zhgqkwbjba5ozzbvk/post/3m2yrwviokk2d,2025-10-12T13:17:41.380000+00:00,Redbirds,12
bluesky_post,bluesky,daskulturjournal.bsky.social,Go Redbirds!,https://bsky.app/profile/did:plc:r36eku34gwwt4axjczd5yza4/post/3m2x4ryzplc2i,2025-10-11T21:26:29.079000+00:00,Redbirds,12
bluesky_post,bluesky,cufla.bsky.social,#CUFLA result McGill Redbirds 17 Bishop's Gaiters 8 gamesheetstats.com/seasons/1071...,https://bsky.app/profile/did:plc:aduswspxcnxtgoutbw37xzxt/post/3m2wqp3z2k223,2025-10-11T17:50:07.082000+00:00,Redbirds,86
bluesky_post,bluesky,dsports.bsky.social,Le Rouge et Or a eu chaud face aux Redbirds de McGill #tvasports,https://bsky.app/profile/did:plc:tgleod36nwbp4yged6irx2r6/post/3m2wnw2wuzy2a,2025-10-11T17:00:19.084000+00:00,Redbirds,64
bluesky_post,bluesky,cwleake.bsky.social,Go Redbirds!!,https://bsky.app/profile/did:plc:5ugkr2rzrfaio5fhjenyeva4/post/3m2rrr2n7ek2t,2025-10-09T18:25:47.099000+00:00,Redbirds,13
bluesky_post,bluesky,b-walton.bsky.social,#stlcards Triple-A Memphis forged a winning record in both halves on the way to an 80-68 record. It is the Redbirds’ most wins since their last playoff appearance in 2018. Catcher Jimmy Crooks is the RBI leader while Curtis Taylor paced the mound staff. thecardinalnation.com/2025-memphis...,https://bsky.app/profile/did:plc:x6h3xckf64avvio6ndm6dimo/post/3m2rark2fm22h,2025-10-09T13:21:50.157000+00:00,Redbirds,291
bluesky_post,bluesky,maxkarl.bsky.social,go you redbirds baby love da redbirds,https://bsky.app/profile/did:plc:7eeuwsn6nlknq376akyee35v/post/3m2pckxcjy22c,2025-10-08T18:48:37.659000+00:00,Redbirds,37
bluesky_post,bluesky,kateduvall.bsky.social,New from Mary Gresko of SewNSewSister! Great gift for Grandma or Grandpa! #bib #bibforadults #feeding #clothingprotection #Eldercare #nursinghome #necknapkin #Cardinals #redbirds #giftsforseniors #grandmagift #grandpagift @SewNSewSister www.etsy.com/listing/4381236395,https://bsky.app/profile/did:plc:wbivs3lmazqcx6oxdvd3juqr/post/3m2nzwvbglc25,2025-10-08T06:41:32.257000+00:00,Redbirds,268
bluesky_post,bluesky,railenthusiart.bsky.social,"Latest work completed I title this piece ""Glimpse Of The Redbirds"" 2025 scenery featuring a train of Redbirds with the R36WF in focus paused at Woodlawn terminal in The Bronx based on this past weekend's fan trip. #subwaydrawings #digitalart",https://bsky.app/profile/did:plc:um6b4kur2r5nuowc5jc6hz4e/post/3m2nnbx5ckk2j,2025-10-08T02:55:09.763000+00:00,Redbirds,241
bluesky_post,bluesky,theeasterndoor.bsky.social,"The fourth annual McGill Legacy Game was the biggest yet this year, with many fans in the stands at Percival-Molson Stadium wearing orange to see the Redbirds and University of Ottawa Gee-Gees in action.",https://bsky.app/profile/did:plc:li5fjikrcztkvn3cbxzhtuzj/post/3m2msrznk4m2f,2025-10-07T19:00:55.356000+00:00,Redbirds,203
bluesky_post,bluesky,rawmlb.bsky.social,"Monroe loses 99-pt shootout; Redbirds, Knights stay unbeaten https://www.rawchili.com/mlb/365481/ McFARLAND — In a game that resembled video game numbers, the Monroe Cheesemakers fell to the McFarland Spartans…",https://bsky.app/profile/did:plc:lgxwokjfnegutejxknkdpqwj/post/3m2kejdlr5r27,2025-10-06T19:40:11.658000+00:00,Redbirds,210
bluesky_post,bluesky,ilepa.bsky.social,Hey Redbirds! We're heading to Illinois State University tomorrow! 🌎 Stop by the Bone Student Center to chat with us about your future career at Illinois EPA. Don't miss your chance to connect with us! 👉 bit.ly/3AT3bVq,https://bsky.app/profile/did:plc:ttbxmv2i4w4x5houptso6pcq/post/3m2k66y5y7s24,2025-10-06T17:47:05.663000+00:00,Redbirds,218
bluesky_post,bluesky,montagnardsmtl.bsky.social,"Voici les entrevues d'après match suite à la difficile victoire des Carabins contre les coriaces RedBirds de McGill. Au micro cette semaine, le porteur de ballon Rémi Lambert, le joueur de ligne défensive Gabriel Maisonneuve et le receveur Hassane Dosso. www.youtube.com/watch?v=e-FH...",https://bsky.app/profile/did:plc:zw3ajbnismk4eeml3lcsp4x4/post/3m2hij3cgy42e,2025-10-05T16:13:38.663000+00:00,Redbirds,286
bluesky_post,bluesky,optaanalystfcs.optajoe.com,"No. 1 North Dakota State (5-0, 2-0) 33, No. 6 Illinois State (3-2, 0-1) 16 NDSU +2 turnover margin in 14th straight win over Redbirds; QB Cole Payton: TD run, TD pass to Bryce Lance Photo: @RedbirdFB on X",https://bsky.app/profile/did:plc:tpjtykcme4coojakpy5dkjcc/post/3m2fyhnqops2t,2025-10-05T01:53:55.663000+00:00,Redbirds,204
bluesky_post,bluesky,cardinalchronicles.bsky.social,"Byron Browne (b. 1942 in St. Joseph, MO) Played part of 1969 with AAA Tulsa, hitting .340. Spent part of the season with Redbirds, hitting .226. Sent to Phil. in Curt Flood trade. #StlCards #StLouis #Cardinals #History #Phillies #Cubs #Astros #StJoseph #Missouri",https://bsky.app/profile/did:plc:oqwyl2kt4sw53ea2fanziihi/post/3m2fqtf7mtk2n,2025-10-04T23:38:17.062000+00:00,Redbirds,262
bluesky_post,bluesky,cufla.bsky.social,#CUFLA result Queen's Gaels 7 McGill Redbirds 6 gamesheetstats.com/seasons/1071...,https://bsky.app/profile/did:plc:aduswspxcnxtgoutbw37xzxt/post/3m2fqhvb5n22g,2025-10-04T23:30:49.161000+00:00,Redbirds,82
bluesky_post,bluesky,queencityjamz.bsky.social,"OTD 1999 Phish played 3,500 feet from my college apt in the arena where I would graduate from 7 months later. Go Redbirds! Read @robmitchum.bsphishcrit's essay on the Fall 99 show. phishcrit.substack.com/p/abnormally...",https://bsky.app/profile/did:plc:jbihejycv62qbgu3af7cwix7/post/3m2eyzvb2pc2w,2025-10-04T16:31:29.961000+00:00,Redbirds,219
bluesky_post,bluesky,geoffsykes8.bsky.social,About to drive from Lansing MI to Normal IL to watch the Redbirds host the Bison!,https://bsky.app/profile/did:plc:cmg27gz243uetn6xem6st5sr/post/3m2erkvmm3k2p,2025-10-04T14:17:44.059000+00:00,Redbirds,81
bluesky_post,bluesky,wmtv15news.com,Darlington High School was the backdrop of this week’s Game of the Week as the Redbirds celebrated Homecoming with a matchup against the Lodi Blue Devils on Friday night.,https://bsky.app/profile/did:plc:wjd5cbej3dzzswfrfzjkqexj/post/3m2eqcd7ruu2h,2025-10-04T13:55:03.058000+00:00,Redbirds,170
bluesky_post,bluesky,matou76.bsky.social,Jour de match! La victoire surprise des Redbirds contre les Carabins il y a 3 semaines laisse entrevoir tout un affrontement cet après-midi! #TousCarabins,https://bsky.app/profile/did:plc:i64ymdnmn62dr6zsjdogaq5d/post/3m2eknqzkik2i,2025-10-04T12:14:05.667000+00:00,Redbirds,154
bluesky_post,bluesky,treywarren.bsky.social,"Have the Memphis Redbirds entered into some sort of promotional agreement with Goose to use Red Bird yet? Get on that, Organization!",https://bsky.app/profile/did:plc:k5xw3pdf6tmaeud64ud7eldi/post/3m2axvkprr22y,2025-10-03T02:00:25.156000+00:00,Redbirds,132
bluesky_post,bluesky,cufla.bsky.social,"LACROSSE LEGACY GAME: Page scores five, Blodgett adds four as Redbirds extend win streak to five mcgillathletics.ca/news/2025/9/...",https://bsky.app/profile/did:plc:aduswspxcnxtgoutbw37xzxt/post/3m2atynbrrs27,2025-10-03T00:50:36.250000+00:00,Redbirds,131
bluesky_post,bluesky,opinion8ed.bsky.social,"Damn! I visited Memphis this summer. I stayed downtown and walked to Beale Street, Sun Studio, The Lorraine Motel and National Civil Rights Museum and attended a Memphis Redbirds game. I had no idea I was in danger as I enjoyed Memphis. 😅 #visitmemphis",https://bsky.app/profile/did:plc:7x2hn4imolkz2b4aabdkv6b7/post/3m2a2cibe3s2n,2025-10-02T17:10:46.453000+00:00,Redbirds,252
bluesky_post,bluesky,henisandoval.bsky.social,"Girl w/ Two Redbirds - a folk art style painting I did to symbolize the astrological sign Libra, the girl looks centered while she holds2 bowls with the male & female cardinals balanced on each side of her. #art #artist #painting #lLibra #astrology",https://bsky.app/profile/did:plc:cg5rkb4qfmsuylmmtzyfc2cv/post/3m27nvpoao22d,2025-10-02T13:28:55.055000+00:00,Redbirds,248
bluesky_post,bluesky,sassykatt702.bsky.social,Who else stress colors with alcohol markers? #ohuhu #adultcoloringbook #redbirds #stress #creativity #kattdoodles 👀,https://bsky.app/profile/did:plc:ji33tembedydfupjqn6dt756/post/3m25f54jtos2k,2025-10-01T15:46:44.559000+00:00,Redbirds,115
bluesky_post,bluesky,glauber-braga.bsky.social,"O encontro será para discutir sobre a aplicação de R$ 1 milhão em recurso federal, com tema livre, escolhida diretamente pela população. 📲 O encontro será pelo Zoom. 👉 Clique aqui para entrar: us06web.zoom.us/j/8332945850... ⚠️ Importante: a sala é limitada a mil pessoas.",https://bsky.app/profile/did:plc:hwwezmaazyvoltte3oiievvy/post/3m2zr7owy6c2g,2025-10-12T22:37:22.999000+00:00,MIL,272
bluesky_post,bluesky,blueallura.bsky.social,eu tenho um tem mais de 15 mil jogos mas eu só jogo pokemon 😆,https://bsky.app/profile/did:plc:oqfekp4jg4tofxayuutcbqwh/post/3m2zr64c6ws2k,2025-10-12T22:36:33.979000+00:00,MIL,61
bluesky_post,bluesky,mexicoseentere.bsky.social,"El dirigente estatal del Partido Verde, Renán Sánchez Tajonar, encabezó un evento en Chetumal donde destacó el crecimiento histórico del partido a más de 50 mil afiliados. Afirmó que ya son la segunda fuerza política en Quintana Roo. 🔗Detalles aquí👉 https://f.mtr.cool/cutvbxnclu",https://bsky.app/profile/did:plc:yiz7wxkbkkcgy6cd4cdixu73/post/3m2zquxmax422,2025-10-12T22:31:22.780000+00:00,MIL,279
bluesky_post,bluesky,randymiller.bsky.social,Made my wife Marcella Hazan’s bean soup recipe. Very delicious for only taking like 15 minutes.,https://bsky.app/profile/did:plc:cjlvnws2qsadqeogwz6cogs2/post/3m2zqop7otc2e,2025-10-12T22:27:56.782000+00:00,MIL,95
bluesky_post,bluesky,sassymohen.bsky.social,"011.1 | Cleopatra: Going from HBO’s #ROME straight to this makes #Cleopatra feel painfully miscast. Like Prof Higgins as Caesar ???? Also, 1963 or not, how did no one think ""Egypt = not all white people,"" but the same genius's greenlit a $31.1 mil budget so.... #FilmSky #MovieSky #ClassicFilms",https://bsky.app/profile/did:plc:dn4vguk3y3khq4zoocmdhik6/post/3m2zqoc7ans25,2025-10-12T22:27:40.380000+00:00,MIL,294
bluesky_post,bluesky,nimwen.bsky.social,Cês vão desculpar mas o pano que eu passo pra Nazinha da pra fazer mil mantos,https://bsky.app/profile/did:plc:7yjpe2lqyo6vcyxxiaugmqst/post/3m2zqnhxvbs2n,2025-10-12T22:27:35.580000+00:00,MIL,77
bluesky_post,bluesky,revistatierrabella.cl,"El Ejército de Chile ganó casi $10 mil millones vendiendo terrenos en Alto Hospicio, incluido parte de la toma Alto Molle. El diputado Matías Ramírez acusó que las FF.AA. “actúan como inmobiliarias” y pidió traspasar los terrenos al Minvu. #Chile #Actualidad",https://bsky.app/profile/did:plc:onfhdjcxv3h2b7zsesenyxju/post/3m2zqmgg3xc24,2025-10-12T22:26:39.483000+00:00,MIL,258
bluesky_post,bluesky,labrujula24.com,"Finde largo: viajaron 1,4 millones de turistas por el país y dejaron más de $260 mil millones",https://bsky.app/profile/did:plc:6bbwql7ihne5je7frd43fdjq/post/3m2zqjzhk322d,2025-10-12T22:25:15.485000+00:00,MIL,93
bluesky_post,bluesky,brncrvlh.bsky.social,"bateria do notebook estufou... orçamento para trocar: R$ 900 comprei uma nova no ML por R$ 290 e troquei usando tutorial do ifixit.com... já usei ifixit mil vezes, super recomendo! 😎👍",https://bsky.app/profile/did:plc:os3clnftbkhirgsbpgav6eef/post/3m2zqfzexvk2q,2025-10-12T22:23:05.980000+00:00,MIL,183
bluesky_post,bluesky,shiftee.bsky.social,QUATRO MIL ANOS E EU AINDA TENHO QUE LIDAR ACHO ENGRAÇADO QUANDO TENTAM ME PARAR,https://bsky.app/profile/did:plc:m72p36qt6w4cqwccoo6qcb7l/post/3m2zqf36rwk23,2025-10-12T22:22:35.479000+00:00,MIL,80
bluesky_post,bluesky,latinus-us.bsky.social,Alertan fallas en más de 33 mil autos Renault en México por defecto en el montaje. #Latinus #InformaciónParaTi latinus.us/economia/202...,https://bsky.app/profile/did:plc:cezoifmdms7jrhxib3kob544/post/3m2zqacl4lk2e,2025-10-12T22:19:52.282000+00:00,MIL,137
bluesky_post,bluesky,brosemitesam.bsky.social,"The thing about lasers is they can be pinpointed exactly back to you, and if they're a mil/police helicopter have imaging to see what you ate last sunday.",https://bsky.app/profile/did:plc:cv3igq6ca4ekii7om2ktbgxq/post/3m2zqa6enu22o,2025-10-12T22:19:45.382000+00:00,MIL,154
bluesky_post,bluesky,sonjajacobsen.bsky.social,"You know how people are saying “Cathy Engelbert is a great businesswoman”? I beg to differ. In 2022, she led the sale of a 16% stake in the W to a group of investors for $75 mil. This was based on a valuation of the entire league at $468 mil. Today, the Valkyries team alone is valued at $500 mil.",https://bsky.app/profile/did:plc:lturxxu4zqblwvky6edr5djy/post/3m2zpztlpek2z,2025-10-12T22:16:12.383000+00:00,MIL,297
bluesky_post,bluesky,claudiomc.bsky.social,Llora la tarde Bajo un cielo Gris plomo Frente a unos Ojos cielo Que suplicante Me miran En un adiós de Mil silencios Y en los mudos Labios Que no musitan Amor Buen@s tardes/noches,https://bsky.app/profile/did:plc:ql5z7jeiff5655crzadxbavu/post/3m2zpz6fl6c26,2025-10-12T22:15:54.986000+00:00,MIL,180
bluesky_post,bluesky,donnyward.bsky.social,"He was bad in Chicago, bad in Pittsburgh, and got $30 mil guaranteed to be bad for the Jets. What a business!",https://bsky.app/profile/did:plc:642sbtyiamrcvbwnqq7hirdn/post/3m2zpr2ixdk2w,2025-10-12T22:11:17.686000+00:00,MIL,109
bluesky_post,bluesky,invi04.bsky.social,"Sabéis que peli me he visto hoy?? Lesbianas Me parece tan graciosa, me la vería mil veces solo por el momento de ""milagros tu alguna vez has estado enamorada?"", que vivan las lesbianas intensas",https://bsky.app/profile/did:plc:hr6i6yolvhve4dq3evcgmyjw/post/3m2zpqg7m222r,2025-10-12T22:11:02.784000+00:00,MIL,193
bluesky_post,bluesky,cathalmcalam.bsky.social,Contra el fascismo solo hay una salida: combatirlo. Una vez más mil gracias a las gentes de Euskal Herria por marcarnos el camino.,https://bsky.app/profile/did:plc:3dk5nrsdfdoudravktdnumvk/post/3m2zpnisrhk2e,2025-10-12T22:09:32.480000+00:00,MIL,130
bluesky_post,bluesky,sexywifeart.bsky.social,"¡Eres un amor, Carmen! Mil gracias una vez más. ¡Un montón de besos para ti también! 💋💋❤️",https://bsky.app/profile/did:plc:bg5peqofaxy47rggypmjkas3/post/3m2zpdkmihc2l,2025-10-12T22:03:46.278000+00:00,MIL,89
bluesky_post,bluesky,truthbytwoheart.bsky.social,"This is also an urgent need as the city I’m in is under occupation by the mil and ICE, and they have been disappearing people for weeks, including people who are citizens, though they eventually release citizens after terrorizing them.",https://bsky.app/profile/did:plc:wk2gqedgrvbhjipqbes4tml2/post/3m2zpctr5522x,2025-10-12T22:03:20.785000+00:00,MIL,235
bluesky_post,bluesky,birrinchen.bsky.social,"En twitter tiré un ""cuánto gasté en esta compra"" y me están diciendo 10 mil pesos chicos hay 8 paltas ahi hace cuanto no van a la verdulería ???",https://bsky.app/profile/did:plc:ixoagmwjnj4zm5jfs54rjthf/post/3m2zp7nfook2a,2025-10-12T22:01:40.777000+00:00,MIL,144
bluesky_post,bluesky,munchomorro.bsky.social,Las mil y una polémicas del juez Peinado elpais.com/espana/madri...,https://bsky.app/profile/did:plc:hsostirungmpncciuo3ujnl6/post/3m2zp4cmabs2v,2025-10-12T21:59:45.681000+00:00,MIL,67
bluesky_post,bluesky,pamesuaminica.bsky.social,Os cara tem MIL IOGURTES mas não tem 1 miojo que issoooooooo que lugar desorganizadooooo,https://bsky.app/profile/did:plc:czsiszhazfyquqd3qxthz2po/post/3m2zovhld4s2m,2025-10-12T21:55:52.778000+00:00,MIL,88
bluesky_post,bluesky,cutipaste.bsky.social,en su lugar es un día de angustia depresiva con mil cosas que hacer. no estoy de acuerdo.,https://bsky.app/profile/did:plc:uw4huwsbyc4vqxfrbsm6m2z4/post/3m2zov3jek22v,2025-10-12T21:55:39.579000+00:00,MIL,89
bluesky_post,bluesky,bevymart.bsky.social,Wait until you see what #Qatar gives #trump for their #Idaho base and #USA security guarantee In addition to their $400 mil jet.,https://bsky.app/profile/did:plc:okxfaj7l7e5ar5zbygvfnyhb/post/3m2zorlowrk2p,2025-10-12T21:53:42.178000+00:00,MIL,128
bluesky_post,bluesky,qwiqwe.bsky.social,"A ver, que no hace falta irse a la Alemania de Weimar. Aquí en la misma época los abuelos de esos hijos de mil puteros de hoy hicieron lo mismo y les funcionó.",https://bsky.app/profile/did:plc:mmh745t3safzbmnw4v27zkdc/post/3m2zolhkf622x,2025-10-12T21:50:16.778000+00:00,MIL,159
bluesky_post,bluesky,mountsthelens1980.bsky.social,"June 1954: The Hoffstadt Creek Bridge is under construction on the then-State Secondary Highway 1R, also known as the Spirit Lake Highway. May 1980: Now a part of SR 504, said bridge was practically deconstructed by the lahars of May 18 down the North Fork Toutle. Sunrise, sunset.",https://bsky.app/profile/did:plc:g2pgiogj2d5g2csxnkckrxt4/post/3m2zrm7v3nk23,2025-10-12T22:44:35.577000+00:00,Crew,281
bluesky_post,bluesky,tanyathelion.bsky.social,Day 11 - Frontier A nice day and a nice adventure to new lands. A plus with pleasurable company. The fortune crew set off to new horizons. #Hrothtober #Hrothtober2025,https://bsky.app/profile/did:plc:kpnx3mntyzn6vqckknejy74y/post/3m2zriqzuvs2z,2025-10-12T22:42:32.982000+00:00,Crew,166
bluesky_post,bluesky,johnnyrk127.bsky.social,"Pam and Kristi Show the nation a video of ICE going after a crew of gang members..Oh excuse me.. It doesn't exist unlike Epstein Files ICE only goes after US senators/Congress representatives, priests, mothers, students,elderly men, gardeners, car wash/construction/farm/ workers to name a few",https://bsky.app/profile/did:plc:rx5vl6gnixv46jl5pbxel534/post/3m2zrikudmk2p,2025-10-12T22:42:20.778000+00:00,Crew,293
bluesky_post,bluesky,retroman.bsky.social,"Yeah the homebrew crew are definitely the heroes keeping our childhood systems alive, pushing them to limits that was thought impossible. They’re the ones who make me believe that magic is real.",https://bsky.app/profile/did:plc:7vdzowyy6kkoiht5jeht4f3g/post/3m2zrfeit7k24,2025-10-12T22:40:33.079000+00:00,Crew,194
bluesky_post,bluesky,herald-century22.bsky.social,"what they mean is the executive has too much power. there are no longer three co-equal branches, just all power now concentrated in the executive, lead by a demented lunatic wearing orange makeup, and his sycophant crony crew.",https://bsky.app/profile/did:plc:iyjnlqgde5ydeco75ismpq22/post/3m2zrepd3pk2p,2025-10-12T22:40:10.379000+00:00,Crew,226
bluesky_post,bluesky,hereticali.bsky.social,"What did Ronald the Raygun and his crew of fixers do to America? Gil scott-heron wrote a whole song and rap about that you know? ""B-Movie"" From the Black Wax concert/videodisc (remember them?) from 1983 www.youtube.com/watch?v=liFY...",https://bsky.app/profile/did:plc:2n46wng545cuwu7opzwsk3zp/post/3m2zrehx6v22w,2025-10-12T22:40:04.277000+00:00,Crew,234
bluesky_post,bluesky,stedeco.re,@ crew in portland i miss you and wish i was there i am beaming hugs at you all,https://bsky.app/profile/did:plc:hmtiew7cfi5sm6sikdpamaiu/post/3m2zre752ks2c,2025-10-12T22:39:54.380000+00:00,Crew,79
bluesky_post,bluesky,maggiyagi.bsky.social,Decided to finally start posting on here! Here's a vibe from #VRChat with the crew. 🖤 This page will basically be a mix of my virtual life. Hope you stick around! #VRChat #VRC #VirtualReality #VRChatPhotography #VRChatAvatar #Unity3D #SocialVR,https://bsky.app/profile/did:plc:ckrnnduoe7b6s3xsny7eyndc/post/3m2zrbquow22j,2025-10-12T22:38:35.879000+00:00,Crew,243
bluesky_post,bluesky,lukesgreensaber.bsky.social,An interesting window design on this ILM crew shirt 👀,https://bsky.app/profile/did:plc:cdc5ag6tqa5t6tss7f3fcs5o/post/3m2zraihsts2i,2025-10-12T22:37:51.277000+00:00,Crew,53
bluesky_post,bluesky,arc-projecthq.bsky.social,"We’re officially 43% funded! 💙 Huge thanks to everyone who’s backed, shared, and championed Terra Alpha. 🙏 If you haven’t yet: Join the crew or share the campaign! 🎧 kck.st/46RV6wt #TerraAlpha #AudioDrama #SciFi #IndiePodcasts #VoiceActing #Kickstarter #PodRev #IndieCreators #SupportIndie",https://bsky.app/profile/did:plc:hvjpbmmvcilzknxazqjzwr5o/post/3m2zqxlxsps2a,2025-10-12T22:32:54.880000+00:00,Crew,289
bluesky_post,bluesky,betternorfolk.bsky.social,Don't fuck with the bike crew in the 773.,https://bsky.app/profile/did:plc:6pnvhi3h2eebz2pviyalo76a/post/3m2zqrcajf22p,2025-10-12T22:29:19.485000+00:00,Crew,41
bluesky_post,bluesky,blackmarketvoices.bsky.social,"Stay tuned for future recordings! If you'd like to assist in upcoming acting or crew, or if you'd like your comic dubbed, contact Vmprsm or Flamia on Discord or Tumblr, or write us at blackmarketvoices@gmail.com if you'd like to support us, consider donating on our kofi! ko-fi.com/blackmarketv...",https://bsky.app/profile/did:plc:vjpkj3cwcky4oq6gseqiaj5h/post/3m2zqqzx2bc2o,2025-10-12T22:29:14.434000+00:00,Crew,297
bluesky_post,bluesky,candysprinkl.bsky.social,I GET ALL THE AWESOME GIFTS! @perky_grn_fairy is the best. You can get these too from her Etsy! The Candy Crew is LIVE! 🩷 www.twitch.tv/candysprinkl,https://bsky.app/profile/did:plc:qsew6xjtx6eesg26tpjoxcez/post/3m2zqpn7joc2w,2025-10-12T22:28:27.183000+00:00,Crew,148
bluesky_post,bluesky,peskysplinter.bsky.social,The made up Picard in my head is some kind of goblin creature that enjoys acting like a weirdo and making his crew uncomfortable.,https://bsky.app/profile/did:plc:nbwq6yasexdyyxctobuj52cl/post/3m2zqmmgo2s2w,2025-10-12T22:26:47.381000+00:00,Crew,129
bluesky_post,bluesky,britth.bsky.social,Shit you can’t even get a cotton button down for less than $30 at the Gap. I just paid like $80 for a cotton Oxford from J. Crew.,https://bsky.app/profile/did:plc:uu25ygvr3sadsviabbkpjwbk/post/3m2zqljmbvs2l,2025-10-12T22:26:06.096000+00:00,Crew,129
bluesky_post,bluesky,caroleeena.bsky.social,"Girls in The Windows-Ormond Gigli ""In 1960, while a construction crew dismantled a row of brownstones across from my own brownstone studio on East 58th St I was inspired to, somehow immortalize those buildings. I had a vision of 43 women in formal dress adorning the windows of the skeletal facade.""",https://bsky.app/profile/did:plc:6bg3zlpvm46kvfafayjowlhj/post/3m2zqjkig622e,2025-10-12T22:25:03.580000+00:00,Crew,299
bluesky_post,bluesky,timwilliamsart.bsky.social,"There are these two guys on the landscaping crew who do all of our yards who have become friends of mine. When they see me running, they come over and fist bump me. Every day. Every time. We say Good Morning to each other. I'm sure it means more to me than it does to them. 💜",https://bsky.app/profile/did:plc:24je276xut6snvtsl47xayy3/post/3m2zqguuyzs2w,2025-10-12T22:23:28.781000+00:00,Crew,275
bluesky_post,bluesky,rawmlb.bsky.social,"MLB announces umpires, crew chiefs for ALCS, NLCS https://www.rawchili.com/mlb/376671/ NEW YORK — Alfonso Márquez is working his seventh League Championship Series, serving as a crew chief along…",https://bsky.app/profile/did:plc:lgxwokjfnegutejxknkdpqwj/post/3m2zqdihaw52w,2025-10-12T22:21:35.979000+00:00,Crew,195
bluesky_post,bluesky,ghostplanet.bsky.social,"Basically, WB took over Cartoon Network between the show's first and second season and they wanted it to go in a different direction so they fired a good chunk of the show's crew including the creator (he was hired back before the show ended)",https://bsky.app/profile/did:plc:ctjcumvbexztn3vsflfywrkd/post/3m2zq6kfl4225,2025-10-12T22:18:51.278000+00:00,Crew,242
bluesky_post,bluesky,longtimeleftie.bsky.social,Grisly. Israel INVITED a TV crew in to a torture prison to film their brutality against Palestinian detainees. These people are outside any morality. Just sick and twisted sadists. substack.com/@robinaqures...,https://bsky.app/profile/did:plc:zjwv4ccfcto6dnmmrttzlpio/post/3m2zq5mexts2r,2025-10-12T22:18:22.186000+00:00,Crew,209
bluesky_post,bluesky,msc98.bsky.social,"Truth has consequences: its shows and proves tump and crew to be telling a bold faced lie... Americans want liberty 🗽 Americans love liberty 🗽 and are willing to express it and fight for it in mass, PEACEFULLY with the JOY of RESISTANCE. youtube.com/shorts/hu0le...",https://bsky.app/profile/did:plc:ut7arpr4bl42my3hhyx5itte/post/3m2zq33dmk22t,2025-10-12T22:16:55.688000+00:00,Crew,265
bluesky_post,bluesky,acarsdrama.bsky.social,"ACARS Message From: G-YMMO / BA223N Message: GOOD AFTERNOON. ETL 2330Z. THANKS FOR THE GATE CAN WE EXPECT A DELAY IN CREW TRANSPORT AS WE ARE EARLY. Track Aircraft: https://www.flightradar24.com/G-YMMO Area: Meaford, ON, Canada #acars #vdlm2 #GYMMO #BA223N",https://bsky.app/profile/did:plc:i6m5urtifwvjqv4bfytcwslt/post/3m2zpxyf2gg25,2025-10-12T22:15:09.980000+00:00,Crew,256
bluesky_post,bluesky,radiomisfits.com,"The crew chats with Matt McDermaid of Staysail Wines, a sailor-turned-winemaker crafting low-intervention Sonoma wines inspired by the wind, waves, and ever-changing vintages. Authentic, thoughtful, and rooted in family and craft. radiomisfits.com/twm387/",https://bsky.app/profile/did:plc:c3nx2xtoopr27at3rzv5fqsm/post/3m2zpuyqvdp2a,2025-10-12T22:13:29.982000+00:00,Crew,255
bluesky_post,bluesky,rosiegalaxy.bsky.social,"What a wild whirl of a weekend! I did three scenes and helped on crew with a fourth, and still had time to attend one hell of a DOA Pro wrestling show (seriously wild; they had to clear the venue at the end). Now to chill and hope this hoarse voice of mine is just from cheering too much at the show.",https://bsky.app/profile/did:plc:ulunqhgi5cne7234z3yieqvh/post/3m2zptzr7bs2j,2025-10-12T22:12:56.086000+00:00,Crew,300
bluesky_post,bluesky,dovetonsilslegend.bsky.social,"I'm pleased the Pats won, but that was one of the most bizarrely officiated games I've ever seen. Was that crew sponsored by FanDuel or something?",https://bsky.app/profile/did:plc:pcikoxgj7ti7xyytf3kb4cje/post/3m2zpt26w6k2j,2025-10-12T22:12:24.686000+00:00,Crew,146
bluesky_post,bluesky,jdopinkie.bsky.social,Brew Crew over here!!!!,https://bsky.app/profile/did:plc:vfoanf3bi3fqejmmgveebx2o/post/3m2znyc3shc2r,2025-10-12T21:39:33.279000+00:00,Brew Crew,23
bluesky_post,bluesky,jimmyfk.bsky.social,"I trashed my voice last night. Sound like a dying frog today. You're up next. Shred those vocal chords for the Brew Crew, brother.",https://bsky.app/profile/did:plc:vq47dnnhpwl2jir45t2vd76i/post/3m2zme2u5t22w,2025-10-12T21:10:20.482000+00:00,Brew Crew,130
bluesky_post,bluesky,rawmlb.bsky.social,"2025 LCS Open Thread | Brew Crew Ball https://www.rawchili.com/mlb/376587/ With the Brewers’ win over the Cubs last night, the matchups for both the NLCS and ALCS are…",https://bsky.app/profile/did:plc:lgxwokjfnegutejxknkdpqwj/post/3m2zls4h4l32w,2025-10-12T21:00:17.979000+00:00,Brew Crew,167
bluesky_post,bluesky,scottberndtauthor.bsky.social,I've been wishing for a Brewers vs Mariners World Series for years. Have the Baseball Gods heard me? Brew Crew in Six.,https://bsky.app/profile/did:plc:uyyxewqnlltrk5wlwvdads5v/post/3m2zk5amnsc2x,2025-10-12T20:30:46.380000+00:00,Brew Crew,118
bluesky_post,bluesky,ec-oz.bsky.social,While my company is named Emerald City Catering and Events we are located in Milwaukee and are cheering for the Brew Crew all the way. I would love to face the Mariners though. #ThisIsMyCrew,https://bsky.app/profile/did:plc:3y574jjrdf3ya5lzhlq67nof/post/3m2zhjsdyes2h,2025-10-12T19:44:04.479000+00:00,Brew Crew,190
bluesky_post,bluesky,renardliskey.bsky.social,"Since the Cubs' inevitable defeat at the hands of the Brew Crew, I'm a Mariner for the remainder of October. But absolutely boooooooo etc. to the Dodgers, and someone i don't like is a Jays fan so 🤷🏻‍♀️",https://bsky.app/profile/did:plc:ko74ooumrebsps27uysl2dsr/post/3m2zh425ygc24,2025-10-12T19:36:23.381000+00:00,Brew Crew,202
bluesky_post,bluesky,dansoxfan2024.bsky.social,Brew crew!,https://bsky.app/profile/did:plc:kfdx3o7fs6pszhe2fbepcfyj/post/3m2zex22yjs2d,2025-10-12T18:57:47.878000+00:00,Brew Crew,10
bluesky_post,bluesky,wondertwin97.bsky.social,Go Brew Crew!!!,https://bsky.app/profile/did:plc:ie5il37rnqt3snoms5n3m2bv/post/3m2zegoekys2e,2025-10-12T18:48:38.084000+00:00,Brew Crew,15
bluesky_post,bluesky,chrispygameplay.bsky.social,"Brew Crew Scareadays Continues! RE4 Remake playthrough heats up as we put some hours into it today and ""try"" to save Ashley 🙄 Yapping about Twitchcon and the Pokemon Bois rip and trade meetup as well! 🚨LIVE NOW🚨 twitch.tv/chrispygameplay",https://bsky.app/profile/did:plc:2jzrowdtfukkqu7wsdnxtuvw/post/3m2za2b3ezk2e,2025-10-12T17:30:08.287000+00:00,Brew Crew,237
bluesky_post,bluesky,dairylandjubilee.bsky.social,True Blue Brew Crew is going all the way baby!!!,https://bsky.app/profile/did:plc:um7myiurx6luiqzowcgpuwss/post/3m2z7ponu422y,2025-10-12T17:24:12.188000+00:00,Brew Crew,48
bluesky_post,bluesky,ford422.bsky.social,Keep up the great work Charlie! Go Brew Crew!,https://bsky.app/profile/did:plc:fyj3ku72czgta2aj3z7ovx6w/post/3m2z3dip3422n,2025-10-12T16:05:50.185000+00:00,Brew Crew,45
bluesky_post,bluesky,hizmom.bsky.social,Brew Crew advances!,https://bsky.app/profile/did:plc:5uqdyhvhuyoodfl2a6dxbftt/post/3m2yxy6ksek2z,2025-10-12T15:05:46.883000+00:00,Brew Crew,19
bluesky_post,bluesky,bluedavelee.bsky.social,I was just messin'. You've got to respect your own team. The Brew Crew have the best record in the MLB! Good luck. See you in Milwaukee.,https://bsky.app/profile/did:plc:icxq3tbgljwctonyjpxcymxw/post/3m2yxiudtx223,2025-10-12T14:57:14.381000+00:00,Brew Crew,136
bluesky_post,bluesky,audacityofdespair.bsky.social,Then they have a shot. Go Brew Crew.,https://bsky.app/profile/did:plc:tpcydhxibth3qbp2o3g4u37n/post/3m2yw3vayyk2m,2025-10-12T14:32:03.884000+00:00,Brew Crew,36
bluesky_post,bluesky,kennyclarkrocks.bsky.social,I am looking forward to a victory Monday and victory Tuesday as well. Go Pack Go💛💚💛💚 Go Brew crew💙💛💙💛,https://bsky.app/profile/did:plc:sxc5htxusngeosonvphkx7pp/post/3m2yvkjiw6c27,2025-10-12T14:22:21.284000+00:00,Brew Crew,101
bluesky_post,bluesky,toddman42.bsky.social,Go Brew Crew!,https://bsky.app/profile/did:plc:ovvjzlq4ipglcutnhhpw4kmy/post/3m2yp26dglc2m,2025-10-12T12:25:50.981000+00:00,Brew Crew,13
bluesky_post,bluesky,trbyrd64.bsky.social,Yes Brew Crew,https://bsky.app/profile/did:plc:ljrmfymrtlyky4guogtpmyai/post/3m2ynp5ab622t,2025-10-12T12:01:46.779000+00:00,Brew Crew,13
bluesky_post,bluesky,yourbudgirl62.bsky.social,let's go Brew Crew!!! 🍻,https://bsky.app/profile/did:plc:otzitg2d7tctpltalimmyez6/post/3m2ymrl5h7s2s,2025-10-12T11:45:14.883000+00:00,Brew Crew,23
bluesky_post,bluesky,alltimebrewers.bsky.social,Not a lot of days I wake up feeling a pep in the old step but opening my eyes and remembering that happened was a good start to the day. How we feeling Brewers fam? Brew Crew Eat the Rich LFG,https://bsky.app/profile/did:plc:zmaxo3cdvlfkvvyzjeu5pz4y/post/3m2ykythnfs2o,2025-10-12T11:13:29.978000+00:00,Brew Crew,191
bluesky_post,bluesky,davesnothereman1.bsky.social,Go Brew Crew!,https://bsky.app/profile/did:plc:nikt7a5foisgjv55poqv737l/post/3m2yim755ss2g,2025-10-12T10:30:39.080000+00:00,Brew Crew,13
bluesky_post,bluesky,ssnbubblehead.bsky.social,Congrats to your brew crew!!,https://bsky.app/profile/did:plc:xeppiimk66epgoymoiqaypph/post/3m2yif72exs2o,2025-10-12T10:26:43.483000+00:00,Brew Crew,28
bluesky_post,bluesky,djmisterzero.bsky.social,hell yeah! go brew crew. i just like seeing other teams go to the WS.,https://bsky.app/profile/did:plc:tdade3i4t37faedq73vegsq7/post/3m2y67zayqk2b,2025-10-12T07:24:52.479000+00:00,Brew Crew,69
bluesky_post,bluesky,juleshghn.bsky.social,"Let’s go Brew Crew! Should be a fun CS. Best of luck to both teams, mate.",https://bsky.app/profile/did:plc:bs4y23m66cyzhj2ngdslojy4/post/3m2y5qxoc622l,2025-10-12T07:16:29.080000+00:00,Brew Crew,73
bluesky_post,bluesky,gamercat365.bsky.social,"Both championships go 7 ,M,s vs brew crew",https://bsky.app/profile/did:plc:nuhanwpqqpfpx4wgjjfxzses/post/3m2xycv4h6s2c,2025-10-12T05:39:06.377000+00:00,Brew Crew,41
bluesky_post,bluesky,robyn.bsky.social,I live in LA area and agree with you (but I have personal connection to Brewers). Go brew crew!,https://bsky.app/profile/did:plc:vu46hbdp44f6tsfrysal7kam/post/3m2xxm6alr222,2025-10-12T05:26:24.577000+00:00,Brew Crew,95
bluesky_post,bluesky,drno07.bsky.social,When they repair it can they rig it so it explodes with...sparkly confetti or something? Like the guy who set traps for porch pirates?🤔,https://bsky.app/profile/did:plc:jy7m3t5mb4fz737nhip263wh/post/3m2zrmcttus2y,2025-10-12T22:44:26.386000+00:00,Pirates,135
bluesky_post,bluesky,150tx.bsky.social,"""Heroic Pirates"" 🏆️ 『に○んこ大○争』のパ○リ？みたいな🙄 #PlayStation #PlayStationTrophy #gamingsky",https://bsky.app/profile/did:plc:6wncxkocfu4eimwz3oaq3n33/post/3m2zrdo2idc2g,2025-10-12T22:39:41.784000+00:00,Pirates,82
bluesky_post,bluesky,dabinreece.bsky.social,"Introduce yourself using only one food you refuse to eat, one movie you'll never watch again, and one song you can't stand. Bell Peppers Pirates of the Caribbean: At Worlds End Run Around by Blues Traveler",https://bsky.app/profile/did:plc:zpvstcmv5dfkvyqzcrufoaqk/post/3m2zqnlejts2u,2025-10-12T22:27:16.949000+00:00,Pirates,205
bluesky_post,bluesky,athena4lynn.bsky.social,The water at my cousin’s house smells like the water on Pirates of the Caribbean. 😬,https://bsky.app/profile/did:plc:7pn2qqxan6cx4fnnhfakwhkf/post/3m2zqhxdkbs2p,2025-10-12T22:24:05.887000+00:00,Pirates,83
bluesky_post,bluesky,rawmlb.bsky.social,"Pirates to reinstate Roberto Clemente sign that had been replaced by ad, apologizes to family https://www.rawchili.com/mlb/376674/ PITTSBURGH — The Pittsburgh Pirates say they will reinstate a Roberto Clemente logo on the right field wall…",https://bsky.app/profile/did:plc:lgxwokjfnegutejxknkdpqwj/post/3m2zqd5upvv2w,2025-10-12T22:21:25.184000+00:00,Pirates,239
bluesky_post,bluesky,iliarakantira.bsky.social,We had a lot of fun! I also created Jack Sparrow as a character right before the first Pirates of the Caribbean movie came out XD,https://bsky.app/profile/did:plc:ibzqwvajfpn3cl2bwprp4yej/post/3m2zq4bqbwc2n,2025-10-12T22:17:35.979000+00:00,Pirates,129
bluesky_post,bluesky,strayney.bsky.social,Was the song “The MP3 Waltz” by my band Pirates R Us on the list?,https://bsky.app/profile/did:plc:wrwbdr6txs3z6hgrszxdrd2k/post/3m2zpyhryus2u,2025-10-12T22:15:26.184000+00:00,Pirates,65
bluesky_post,bluesky,cracktrobot.codevanessa.com,Acid Runner (1993) - Crack: Warriors Of Wasteland (WOW) - #Commodore64 Penthouse Hot Numbers Deluxe (1993) - Crack: Classic (CLS) - #Amiga Killer-Ring (1987) - Crack: German Software Pirates - #Commodore64 Ancient Battles (1990) - Crack: Classic (CLS) & Razor 1911 (RZR) - #Amiga,https://bsky.app/profile/did:plc:beaewopxap7g7xj3ckquzghx/post/3m2zpli32c32d,2025-10-12T22:08:10.483000+00:00,Pirates,279
bluesky_post,bluesky,signifynothings.bsky.social,#NowWatching (on Disney+),https://bsky.app/profile/did:plc:la4mewdrxrch6xmuclrliuna/post/3m2zotvh64k2y,2025-10-12T21:55:01.482000+00:00,Pirates,25
bluesky_post,bluesky,nonehitwonder.tenforward.social.ap.brid.gy,Here's me with my whole npc fleet. They do missions and stuff for me. I also have a squadron of 4 random npc aliens I've met over the years who show up to defend me if i get attacked by pirates or something. A couple of the frigates are pirates who I […] [Original post on tenforward.social],https://bsky.app/profile/did:plc:6wbu2bao3kcw45lqjureo42f/post/3m2zopyzpknt2,2025-10-12T21:54:55.378000+00:00,Pirates,291
bluesky_post,bluesky,tigerlily.northsky.social,"When I played Long John Silver I made his accent Irish because I wanted it to be different, and I don't think there was anything in the text saying where he's from. The cadence worked really well with how the dialogue was written, and there were Irish pirates, so it made sense to me",https://bsky.app/profile/did:plc:q5h56ep37bhpl55eafoegr26/post/3m2zomkmkds2r,2025-10-12T21:50:54.580000+00:00,Pirates,283
bluesky_post,bluesky,michifm.com,[17:49] Michi-FM - Now Playing: The Radio Pirates - Fix your Antenna - listen at michifm.com,https://bsky.app/profile/did:plc:xfts3in6dihlzop52m63d2ti/post/3m2zojb7u3y2c,2025-10-12T21:49:02.277000+00:00,Pirates,92
bluesky_post,bluesky,duckpoultry.bsky.social,I find it pretty funny when unrepentant pirates are mad about piracy and declare it morally evil,https://bsky.app/profile/did:plc:mmhhrxyd5dw45yc3lri47kv6/post/3m2zoaejajk2i,2025-10-12T21:44:00.882000+00:00,Pirates,96
bluesky_post,bluesky,jason.parkendium.com,And sharing this 2005 Kevin & Jody replica in case they may also be helpful.,https://bsky.app/profile/did:plc:eutzelzskczq7yz6qivoducj/post/3m2znxmv5ns2z,2025-10-12T21:39:15.881000+00:00,Pirates,76
bluesky_post,bluesky,jessbordiu.bsky.social,El Galeón Andalucía ha llegado a Liverpool. #galeon #spain #pirates #adventure #planet #discovery #ocean #sea,https://bsky.app/profile/did:plc:q77zgfezrbwccgp4gdmdnd4e/post/3m2znvjocj22v,2025-10-12T21:38:00.984000+00:00,Pirates,109
bluesky_post,bluesky,jason.parkendium.com,These are ca. 1990.,https://bsky.app/profile/did:plc:eutzelzskczq7yz6qivoducj/post/3m2znvfqk3s2z,2025-10-12T21:38:05.584000+00:00,Pirates,19
bluesky_post,bluesky,newtus.bsky.social,im watching a documentary on youtoob about Johnny Kid and the Pirates and its blowing my cotton socks off ! 🎸😍,https://bsky.app/profile/did:plc:6flcxurwunvdkwq64eheyw36/post/3m2znu2ecbc2b,2025-10-12T21:37:11.284000+00:00,Pirates,110
bluesky_post,bluesky,nmhighlander.bsky.social,"lol, I was a S. Cal girl from age 10 to 20, but developed a mad passion for Roberto Clemente as a preteen and loved the Pittsburg Pirates for years. Then lived in Boulder and became a Rockies fan(they had one good season anyone remember the Blake Street Bombers?) but they are utterly hopeless now.",https://bsky.app/profile/did:plc:kfrwhf3pvhhyk7xirxc2mx34/post/3m2zmwvyqxk2o,2025-10-12T21:20:53.081000+00:00,Pirates,298
bluesky_post,bluesky,ayrtonmsilva.bsky.social,"#PlotTober 12 Things stacked against MC: - The government. The problem she wants to solve was created by a key figure in her government, who is actively trying to stop the MC and mostly succeeding. - Third parties. Foreign agents (including pirates) want to take advantage of the situation. +++",https://bsky.app/profile/did:plc:i7xjj33i4ed55ijy36ofcxhh/post/3m2zmrlnw7c2r,2025-10-12T21:19:05.122000+00:00,Pirates,294
bluesky_post,bluesky,transgander.bsky.social,Been reading a new manga series recently called Si Land (since a Tumblr post recommended it) and I think the furries would really enjoy. Its a story that involves a pirates and conflict between dog and cat people. The first 2 chapters are even free to read online kmanga.kodansha.com/title/10652/...,https://bsky.app/profile/did:plc:er7kx5xcdeem2huceuu7hyez/post/3m2zmliuodk23,2025-10-12T21:14:30.885000+00:00,Pirates,299
bluesky_post,bluesky,missrori.bsky.social,"It seems every time Disney has tried to turn their one-offs, be they Tron, their animated features, Pirates of the Caribbean, etc. into franchises, they tend to overcomplicate things (reading about how complicated Tangled ended up when they gave it a Disney Channel sequel series...).",https://bsky.app/profile/did:plc:ltj7jmmeytvb3jntmwgxj3fm/post/3m2zm3ka6tc2k,2025-10-12T21:05:35.383000+00:00,Pirates,284
bluesky_post,bluesky,pasquinel.bsky.social,"#NowWatching: Blackbeard’s Ghost (1968) #100DaysOfHorror (82/100) Directed by Robert Stevenson Starring Peter Ustinov, Dean Jones, Suzanne Pleshette, Elsa Lancaster, Richard Deacon & Joby Baker #disney #movies #filmsky #ghost #supernatural #60s #horror #comedy #pirates #blackbeard #spooky",https://bsky.app/profile/did:plc:6qj4jtdcdlysmrbin6gz7zal/post/3m2zlum7agk2u,2025-10-12T21:01:44.485000+00:00,Pirates,289
bluesky_post,bluesky,celtuft-va-writer.bsky.social,Animatic idea came to me so be expecting something,https://bsky.app/profile/did:plc:wd6pv62d73nbbgarn76j5xa4/post/3m2zlpzvrs22q,2025-10-12T20:59:11.381000+00:00,Pirates,50
bluesky_post,bluesky,kels316.bsky.social,remember in the bible where christ was made of rubber and was obsessed with becoming the king of the pirates?,https://bsky.app/profile/did:plc:nnyatvyp7n2rnpofk2kxtsv5/post/3m2zlkhsks22h,2025-10-12T20:56:05.807000+00:00,Pirates,109
bluesky_post,bluesky,wielderofthekey.bsky.social,"What the hell, sure one pit pic",https://bsky.app/profile/did:plc:zjcipml77365turhgtijbduv/post/3m2zrlexhf22x,2025-10-12T22:43:56.486000+00:00,PIT,31
bluesky_post,bluesky,gaymer-moose.bsky.social,#Jocktober 12 Another brand with a sizeable pouch (Obviously 😏). Enjoying this rainy afternoon as I slowly get my day in gear.,https://bsky.app/profile/did:plc:m5erfulknc5iyjq2dkkh2pwo/post/3m2zrjdacm22d,2025-10-12T22:42:47.784000+00:00,PIT,126
bluesky_post,bluesky,periwinklerose.bsky.social,"Yep. Barbecues are fun, but we want to hear about what your intentions are toward deep cleaning that snake pit of corruption called the Texas Attorney General’s office!",https://bsky.app/profile/did:plc:fnylupnjo7xp4gkrmxdbznab/post/3m2zr6erqfc2k,2025-10-12T22:36:38.883000+00:00,PIT,168
bluesky_post,bluesky,rataxescaldera.bsky.social,Or l throw them into a pit of snakes,https://bsky.app/profile/did:plc:qnguwtphfgpjwgf3utruvtvk/post/3m2zr5uchds22,2025-10-12T22:36:20.978000+00:00,PIT,36
bluesky_post,bluesky,xdocontrole.bsky.social,"15 de outubro: Ball x Pit (PC, SWITCH, PS5, XSERIES) Desenvolvido pelo solo-dev Kenny Sun, este roguelite de sobrevivência mistura elementos de quebra de blocos e construção de base.",https://bsky.app/profile/did:plc:ghiq4ybttzjsissidtp2hxfo/post/3m2zqrijmwk2w,2025-10-12T22:30:39.421000+00:00,PIT,182
bluesky_post,bluesky,markd12.bsky.social,"And Hipkin's said when PM and some workers were about to strike ""we don't have a money tree"". Actually we do have a money tree and it grows in a bottomless pit.",https://bsky.app/profile/did:plc:6lgxzcjtvrn6i23ks6vwouao/post/3m2zqj5453k22,2025-10-12T22:24:46.283000+00:00,PIT,160
bluesky_post,bluesky,newgayden.bsky.social,19 had a slow pit stop but is fine. lost the lead. 12 lost a tire and is out of race,https://bsky.app/profile/did:plc:xbd26up6ezqx6ngt4f4l5r5u/post/3m2zqe5v52c2e,2025-10-12T22:21:58.581000+00:00,PIT,84
bluesky_post,bluesky,jiccleby26.bsky.social,"These are all good picks and Pit deserves to be in the spotlight again. But there’s one character who should absolutely, unequivocally make it on the roster without any debate.",https://bsky.app/profile/did:plc:t4vqltxe2jb7axinp2zgosg4/post/3m2zqctwrxs2u,2025-10-12T22:21:15.683000+00:00,PIT,176
bluesky_post,bluesky,sknascar.bsky.social,Denny Hamlin predicts why Las Vegas’ pit entry might pose a special challenge for NASCAR drivers,https://bsky.app/profile/did:plc:4we6kplwe5e2ia6sxymyxhh4/post/3m2zq7vmq6v2t,2025-10-12T22:19:36.282000+00:00,PIT,96
bluesky_post,bluesky,seebo429.bsky.social,Thanksgiving is about visiting friends and relations. Happy to see my cousin drop by this evening.,https://bsky.app/profile/did:plc:mnsqwdzrz4zdzvkb6yskhqd3/post/3m2zq5ai4ds2y,2025-10-12T22:18:08.283000+00:00,PIT,98
bluesky_post,bluesky,creamcityjw.bsky.social,MLF should be put on notice and he has two weeks to keep his job. Lose at AZ and/or at PIT and he should be gone.,https://bsky.app/profile/did:plc:brc6xpufk5nehbsy37elk7jb/post/3m2zq4gcklk2q,2025-10-12T22:17:38.984000+00:00,PIT,113
bluesky_post,bluesky,loveliveidolracers.bsky.social,"Everyone comes to pit road! Kaho is out first, followed by Kanon, Ruby, Setsuna, and Chika.",https://bsky.app/profile/did:plc:u6u7ut6fuagcmuvfwiazcevh/post/3m2zq4cql4s2b,2025-10-12T22:17:35.282000+00:00,PIT,91
bluesky_post,bluesky,stevesawyer12.bsky.social,"“Now, c’mon, Baxter. You know better than that. There is NO need to be pullin’ your dad with the leash…no, I don’t care that the squirrel was in the middle of the sidewalk. You’re a DOG and can’t climb trees, so there’s no sense goin’ after ‘em!!”",https://bsky.app/profile/did:plc:wwtgkxize4q2bvoh2xe6jm5m/post/3m2zpwmmzok2k,2025-10-12T22:14:33.112000+00:00,PIT,247
bluesky_post,bluesky,worstmovies.bsky.social,"Pit Fighter (2005) TMDB score 51% Jack Severino has no memory, all he knows is the brutal sport of Pit Fighting. When his past catches him up, he realizes he is not who he thought he was. For some men must fight for redemption. #movies #moviesky #badmovies",https://bsky.app/profile/did:plc:xnsctr5wazpalifkfto7qodr/post/3m2zpv6az6z2t,2025-10-12T22:13:35.987000+00:00,PIT,256
bluesky_post,bluesky,nberlat.bsky.social,"there's every reason to believe that trump is not particularly happy. he's a bottomless pit of need and has surrounded himself with the absolutely most wretched people on earth, all of whom he clearly despises and all of whom despise him. 1",https://bsky.app/profile/did:plc:htdsafwakqmzvuk2oivijzn6/post/3m2zppn4ook2p,2025-10-12T22:10:29.879000+00:00,PIT,240
bluesky_post,bluesky,search1wy.bsky.social,Be a toad And rip pit,https://bsky.app/profile/did:plc:f3gt4u54phrrm25aao3oaidp/post/3m2zpmxx7tk2h,2025-10-12T22:09:01.282000+00:00,PIT,21
bluesky_post,bluesky,donnameprega.bsky.social,"Thou also by the blood of thy testament hast sent forth thy prisoners out of the pit, wherein is no water. eph. 4:9",https://bsky.app/profile/did:plc:clooy7fht6j7lmyv3fmjpsrp/post/3m2zpgvu3y22h,2025-10-12T22:05:47.981000+00:00,PIT,115
bluesky_post,bluesky,zinnypluh.bsky.social,#mhwilds #monsterhunter 🐹welcome to the Hampter Mosh pit🐹,https://bsky.app/profile/did:plc:n2owgqp7fugrwsy5pscabgom/post/3m2zpbxzcy22k,2025-10-12T22:02:53.680000+00:00,PIT,57
bluesky_post,bluesky,kiwigolfer65.bsky.social,Am I looking forward to the #49ers podcasts tonight? No. Win or lose. Never fun watching people cry. The pit of despair after Fred's injury sucks.,https://bsky.app/profile/did:plc:qbwr6jgbep2huyw2ehhzmzha/post/3m2zp7p6ba22r,2025-10-12T22:01:36.481000+00:00,PIT,146
bluesky_post,bluesky,forcechange.bsky.social,"An emaciated pit bull was reportedly found dead in a basement after prolonged deprivation. Call for maximum penalties, mandatory counseling, and a lengthy animal-ownership ban upon conviction. forcechange.com/656353/emaci...",https://bsky.app/profile/did:plc:ezmb3svtg7sq37k26klk5z47/post/3m2zp7agwj62x,2025-10-12T22:01:20.279000+00:00,PIT,224
bluesky_post,bluesky,collectifission.greennuclear.online.ap.brid.gy,"""About 1.5 million cubic metres of soil will be excavated during the digging of a pit 13 metres deep for the RITM-200N small modular reactor being built in Uzbekistan."" #Nuclear #News https://www.world-nuclear-news.org/articles/excavation-works-begin-for-uzbek-small-modular-reactor",https://bsky.app/profile/did:plc:aeovtocjbjwn4y7uis4lcyvc/post/3m2zp6bovf3m2,2025-10-12T22:01:30.982000+00:00,PIT,282
bluesky_post,bluesky,hncompanion.com,"Security concerns pit Firefox's Gecko engine against Chromium, particularly for advanced users (e.g., GrapheneOS). However, ad-blocking through Firefox significantly boosts privacy by reducing tracking, a strong counter-argument. #PrivacyTech 4/6",https://bsky.app/profile/did:plc:mbvl7eofeyf5gyeatysd5d2r/post/3m2zp5g4c2g25,2025-10-12T22:00:18.380000+00:00,PIT,246
bluesky_post,bluesky,plasmaring.bsky.social,"Point-of-service fees are fair. You spend the money and you get what you paid for, and you don't need some tax-and-spend Democrat putting it in a big pit first so they can sneak it off to take prawns for a jog. Shrimple as. No I don't know why it's different for cop budgets but cops are cool, so.",https://bsky.app/profile/did:plc:qzsxymx4u5jlturmovemjgck/post/3m2zp4bq7sd22,2025-10-12T21:59:39.557000+00:00,PIT,297
bluesky_post,bluesky,plasmaring.bsky.social,"Gotta hand it to Republicans for figuring out how to get people to hate both taxes and social services by totally divorcing them from each other in the public's mind while cutting the latter's funding. Send money to the government and they just shovel it into a big pit labeled ""Shrimp Treadmills.""",https://bsky.app/profile/did:plc:qzsxymx4u5jlturmovemjgck/post/3m2zp4bfc6s22,2025-10-12T21:59:39.478000+00:00,PIT,298
bluesky_post,bluesky,loveliveidolracers.bsky.social,Hime (#71) gets penalized for driving over the pit road commitment box.,https://bsky.app/profile/did:plc:u6u7ut6fuagcmuvfwiazcevh/post/3m2zp3xlpz22b,2025-10-12T21:59:29.881000+00:00,PIT,71
bluesky_post,bluesky,idkmetcalf.lol,"Non-zero chance that the Seahawks see the Bucs again in the playoffs, which could be fun (or the diametric opposite of fun)",https://bsky.app/profile/did:plc:wvecrvpi2jm5iwfq73ba6wbt/post/3m2zrmytqc22b,2025-10-12T22:44:48.977000+00:00,Bucs,123
bluesky_post,bluesky,wokeaflunatic.bsky.social,The Bucs are kicking the shit out of the injury depleted Niners.,https://bsky.app/profile/did:plc:gojc5stht3vqromhuy4aux5d/post/3m2zrlbo77s2c,2025-10-12T22:43:51.082000+00:00,Bucs,64
bluesky_post,bluesky,footballej.bsky.social,Bucs need a huge play? Lavonte David:,https://bsky.app/profile/did:plc:o2p2qe7fgqxyksrhewb3weuh/post/3m2zrk5iajs23,2025-10-12T22:43:14.580000+00:00,Bucs,37
bluesky_post,bluesky,shiraz1776.bsky.social,"Lavonte David!! 😤 strip sack, Bucs ball! #NFL #RedZone",https://bsky.app/profile/did:plc:c3hfb76dglbncrzsxb262mrs/post/3m2zrjys2uk2p,2025-10-12T22:43:08.578000+00:00,Bucs,54
bluesky_post,bluesky,sf49ers.bsky.social,"Mac Jones sack and fumble, Bucs recover.",https://bsky.app/profile/did:plc:qzospbgltfznd4n7jppro7h4/post/3m2zribre3s2w,2025-10-12T22:42:09.882000+00:00,Bucs,40
bluesky_post,bluesky,nowbreezing.ntw.app,Bluesky's Top 10 Trending Words (past 10min): 💨x95 - mayfield 💨x1* - gaza 🔓 💨x47 - tez 💨x1* - democracy 🔓 💨x34 - baker 💨x1* - ukraine 🔓 💨x14 - bucs 💨x12 - iosivas 💨x12 - 10/13 💨x11 - thanksgiving *🔓 = Unlocked Emergency Words (see img) #йобанарусня 🇺🇦 (Something not right? Reply!),https://bsky.app/profile/did:plc:mcb6n67plnrlx4lg35natk2b/post/3m2zrffi6pd2r,2025-10-12T22:40:34.083000+00:00,Bucs,281
bluesky_post,bluesky,profootballtalk.bsky.social,Bucs rookie WR Emeka Egbuka doubtful to return with hamstring injury. www.nbcsports.com/nfl/profootb...,https://bsky.app/profile/did:plc:6yldqhxynki4isg36iszsvr3/post/3m2zr7xi7dk2l,2025-10-12T22:37:34.179000+00:00,Bucs,103
bluesky_post,bluesky,joshdubowap.bsky.social,Bucs are averaging 7.9 yards per play and have 3 TD drives since Fred Warner left game for #49ers,https://bsky.app/profile/did:plc:54qqwcx32wlvhkexkes55ewl/post/3m2zr5jfdhs22,2025-10-12T22:36:09.782000+00:00,Bucs,97
bluesky_post,bluesky,aaronschatz.com,Not commenting much about the 49ers-Bucs game because I'm sort of stunned there are still enough healthy players to actually field two teams.,https://bsky.app/profile/did:plc:w6oie6ddpzpv7vnnver3lu5f/post/3m2zr53s6o22k,2025-10-12T22:35:55.477000+00:00,Bucs,141
bluesky_post,bluesky,pinchhithero.bsky.social,(The Bucs are also 1st in the NFC South because the NFC South kinda sucks),https://bsky.app/profile/did:plc:47rlhvo4as2adxutelnf32oi/post/3m2zr3l7ml227,2025-10-12T22:35:08.081000+00:00,Bucs,74
bluesky_post,bluesky,matthunter14.bsky.social,Dang that 3rd down run by Baker Mayfield. #DAWG #NFL #Bucs,https://bsky.app/profile/did:plc:oqpbxouz7dwzfrpd73xh4nmy/post/3m2zr36rajk2t,2025-10-12T22:34:52.485000+00:00,Bucs,58
bluesky_post,bluesky,lafbnetwork.bsky.social,The #Bucs might be without rookie WR Emeka Egbuka after a hamstring injury — how will Tampa Bay adjust? Full story: www.lafbnetwork.com/nfl/buccanee...,https://bsky.app/profile/did:plc:pju43yjnfntxoe72jz7odhnp/post/3m2zr2b3mtc25,2025-10-12T22:34:21.878000+00:00,Bucs,151
bluesky_post,bluesky,msmeetoo.bsky.social,So many players where already out for the Bucs and Niners. Emeka and Fred Warner were injured and won’t return. This game is wild.,https://bsky.app/profile/did:plc:wslrjgomerqgcy55azcshjfm/post/3m2zqz4jfks2j,2025-10-12T22:33:41.882000+00:00,Bucs,130
bluesky_post,bluesky,mikeall.bsky.social,"Would feel less bad about last week if the Bucs win this. Would feel more bad about Week 1, though.",https://bsky.app/profile/did:plc:5tgrqgqzaudzjgdhgrsxcnyq/post/3m2zqyozcg22n,2025-10-12T22:33:27.777000+00:00,Bucs,99
bluesky_post,bluesky,nflfantasynews.bsky.social,@AdamSchefter tweeted Bucs WR Emeka Egbuka is doubtful to return to today's game due to a hamstring injury.,https://bsky.app/profile/did:plc:37lm46sbrzz622ij4vucrceo/post/3m2zqwv5jrb2g,2025-10-12T22:32:26.682000+00:00,Bucs,107
bluesky_post,bluesky,elledeeay.bsky.social,You think the Browns regret getting rid of Baker Mayfield for a rapist. Probably not but I’m sure the Bucs are loving it!,https://bsky.app/profile/did:plc:2nvhfjnwcswvvocjru7jrdhc/post/3m2zqwaas622e,2025-10-12T22:32:05.680000+00:00,Bucs,121
bluesky_post,bluesky,monat1190.blacksky.app,49ers/Bucs game is really GOOD!,https://bsky.app/profile/did:plc:7dy663bf3ay5iajqm7jwv6ld/post/3m2zqvf2doc27,2025-10-12T22:31:36.284000+00:00,Bucs,31
bluesky_post,bluesky,blaynos.bsky.social,Bucs should've gone for 2.,https://bsky.app/profile/did:plc:7q7yuqynx47iju4eiqnbs3rz/post/3m2zquk2j3s2s,2025-10-12T22:31:07.691000+00:00,Bucs,26
bluesky_post,bluesky,mattmaiocco.bsky.social,"And two plays later, Mayfield makes the 49ers pay dearly with a 45-yard TD pass to Tez Johnson. Great catch. And the Bucs lead 27-19 with 2:40 remaining in the third quarter.",https://bsky.app/profile/did:plc:q63yqr2zcd47x5swrern3vam/post/3m2zqud3dik24,2025-10-12T22:31:00.878000+00:00,Bucs,174
bluesky_post,bluesky,lukeknox.me,Bucs are officially fun as hell,https://bsky.app/profile/did:plc:tw77ipw5w2xwv3hzc6mrljsf/post/3m2zqtwkzwc2o,2025-10-12T22:30:47.878000+00:00,Bucs,31
bluesky_post,bluesky,nowbreezing.ntw.app,Bluesky's Top 10 Trending Words (past 10min): 💨x84 - mayfield 💨x1* - gaza 🔓 💨x47 - baker 💨x1* - ukraine 🔓 💨x28 - jacobs 💨x1* - democracy 🔓 💨x16 - egbuka 💨x12 - dilfer 💨x11 - tomahawks 💨x11 - emeka *🔓 = Unlocked Emergency Words (see img) #йобанарусня 🇺🇦 (Something not right? Reply!),https://bsky.app/profile/did:plc:mcb6n67plnrlx4lg35natk2b/post/3m2zqtiuzdp2f,2025-10-12T22:30:33.684000+00:00,Bucs,282
bluesky_post,bluesky,adamsilverstein.bsky.social,Cannot explain the last three plays in the Bucs - 49ers game. Astonishing.,https://bsky.app/profile/did:plc:rrl5kxks37n3c3vt2ao6vdvq/post/3m2zqtirf4c2w,2025-10-12T22:30:33.183000+00:00,Bucs,74
bluesky_post,bluesky,wildblogger.bsky.social,What bullshit did I just watch from the 49ers-Bucs game?,https://bsky.app/profile/did:plc:s3waofvhvw4n2mwzfgalsldg/post/3m2zqt7z2fs2p,2025-10-12T22:30:24.281000+00:00,Bucs,56
bluesky_post,bluesky,holliwinters57.bsky.social,Holy wtf...Bucs!,https://bsky.app/profile/did:plc:fmrw6kscjxyspt7lfrwxi634/post/3m2zqt3dszc2e,2025-10-12T22:30:19.078000+00:00,Bucs,16
bluesky_post,bluesky,jenniferleechan.bsky.social,The Bucs are down FOUR WRs but Mayfield finds Tez Johnson for the score and an M-V-P chant breaks out aIt Raymond James.,https://bsky.app/profile/did:plc:qn2lyw7k2dpaivkww5p32jzh/post/3m2zqsluu5k2k,2025-10-12T22:30:04.982000+00:00,Bucs,120
bluesky_post,bluesky,lambeauleapersbr.bsky.social,"TOUCHDOWN PACKERS!!! Após passe rápido de Jordan Love, Tucker Kraft pega a bola, move defensores na redzone e anota seu TD e assim os Packers aumentam o placar. CIN 10x24 GB #NFLnaESPN #NFLnoDazn",https://bsky.app/profile/did:plc:at2zihnodrbpbymt67amngfv/post/3m2zrm7mtbj2k,2025-10-12T22:44:22.581000+00:00,CIN,195
bluesky_post,bluesky,scorebot.bsky.social,"GB: Tucker Kraft 19 Yd pass from Jordan Love (Lucas Havrisik Kick) - CIN 10, GB 24 - Q4, 7:33",https://bsky.app/profile/did:plc:z4zyqzdcxwbnsucggwt26ish/post/3m2zrk2jfao2a,2025-10-12T22:43:09.877000+00:00,CIN,93
bluesky_post,bluesky,lambeauleapersbr.bsky.social,"Esse special team dos Packers é tão patético que nem se moverem para tentar bloquear o chute de field goal eles fazem. Defesa conseguiu parar os avanços dos Bengals, mas eles diminuem a vantagem do GB no placar. CIN 10@17 GB #NFLnaESPN #NFLnoDazn",https://bsky.app/profile/did:plc:at2zihnodrbpbymt67amngfv/post/3m2zr5bqgpz2t,2025-10-12T22:36:02.306000+00:00,CIN,246
bluesky_post,bluesky,nflscorigami.bsky.social,🏈 CIN 10 - 17 GB 10:43 4Q Scorigami is very unlikely (less than 0.05%) in this game.,https://bsky.app/profile/did:plc:whl6wj24qs57zfmolrpibnra/post/3m2zr3kwjdd2b,2025-10-12T22:35:05.585000+00:00,CIN,84
bluesky_post,bluesky,nfl4th.com,"---> CIN (7) @ GB (17) <--- CIN has 4th & 8 at the GB 27, Q4 10:43 Recommendation : 🤷 Toss-up (+0.1 WP) Actual play: 👟🏈 E.McPherson 45 yard field goal is GOOD, Center-W.Wagner, Holder-R.Rehkow.",https://bsky.app/profile/did:plc:wvwyaexejh63ldp67wqs7g6p/post/3m2zr2eoefe2q,2025-10-12T22:34:24.184000+00:00,CIN,193
bluesky_post,bluesky,scorebot.bsky.social,"GB: Josh Jacobs 14 Yd Rush (Lucas Havrisik Kick) - CIN 7, GB 17 - Q4, 14:56",https://bsky.app/profile/did:plc:z4zyqzdcxwbnsucggwt26ish/post/3m2zqm67qsv2e,2025-10-12T22:26:27.083000+00:00,CIN,75
bluesky_post,bluesky,scorebot.bsky.social,"CIN: Tanner Hudson 2 Yd pass from Joe Flacco (Evan McPherson Kick) - CIN 7, GB 10 - Q3, 4:46",https://bsky.app/profile/did:plc:z4zyqzdcxwbnsucggwt26ish/post/3m2zpvswtwg2d,2025-10-12T22:13:57.084000+00:00,CIN,92
bluesky_post,bluesky,lambeauleapersbr.bsky.social,"Sério que eu me desconecto alguns minutos do jogo e os Bengals estão na redzone? Coisas que só acontecem com os Packers. Para piorar, 4ª para o goal e TD dos Bengals. 10 minutos cansando a defesa dos Packers, duro é confiar nesse ataque. CIN 07@10 GB #NFLnoDazn #NFLnaESPN",https://bsky.app/profile/did:plc:at2zihnodrbpbymt67amngfv/post/3m2zpusomyg27,2025-10-12T22:13:23.387000+00:00,CIN,272
bluesky_post,bluesky,nfl4th.com,"---> CIN (0) @ GB (10) <--- CIN has 4th & 2 at the GB 2, Q3 04:46 Recommendation (STRONG): 👉 Go for it (+2.2 WP) Actual play: 👉 (Shotgun) J.Flacco pass short middle to T.Hudson for 2 yards, TOUCHDOWN. Penalty on GB-N.Hobbs, Defe",https://bsky.app/profile/did:plc:wvwyaexejh63ldp67wqs7g6p/post/3m2zpuqtq4x24,2025-10-12T22:13:22.187000+00:00,CIN,228
bluesky_post,bluesky,japete454.bsky.social,"Unfortunately we are stuck watching this awful CIN/GB game. Come on CBS, change the game",https://bsky.app/profile/did:plc:n4yyx3o2viipvlc4nmrgpg22/post/3m2zp27yhic2z,2025-10-12T21:58:31.682000+00:00,CIN,88
bluesky_post,bluesky,nfl4th.com,"---> CIN (0) @ GB (10) <--- CIN has 4th & 1 at the GB 49, Q2 00:01 Recommendation : 🤷 Toss-up (+0.3 WP) Actual play: E.McPherson 67 yard field goal is No Good, Center-W.Wagner, Holder-R.Rehkow. K.Nixon at GB -5 to GB",https://bsky.app/profile/did:plc:wvwyaexejh63ldp67wqs7g6p/post/3m2zo5pxirj2w,2025-10-12T21:42:35.477000+00:00,CIN,216
bluesky_post,bluesky,nfl4th.com,"---> CIN (0) @ GB (10) <--- GB has 4th & 5 at the CIN 42, Q2 01:13 Recommendation : 🤷 Toss-up (+0.2 WP) Actual play: 🏈🦵 D.Whelan punts 35 yards to CIN 7, Center-M.Orzech, fair catch by C.Jones.",https://bsky.app/profile/did:plc:wvwyaexejh63ldp67wqs7g6p/post/3m2znp7kmse24,2025-10-12T21:34:28.480000+00:00,CIN,193
bluesky_post,bluesky,surrender-index.tomkahe.com,"GB decided to punt to CIN from the CIN 42 on 4th & 5 with 1:13 remaining in the 2nd while winning 10 to 0. With a Surrender Index of 6.69, this punt ranks at the 90th percentile of cowardly punts of the 2025 season, and the 88th percentile of all punts since 1999.",https://bsky.app/profile/did:plc:wbfd4kwtj7l3qhbtz5uzjczw/post/3m2znp3fxiht2,2025-10-12T21:34:28.481000+00:00,CIN,264
bluesky_post,bluesky,surrender-index.tomkahe.com,"CIN decided to punt to GB from the CIN 38 on 4th & 12 with 2:59 remaining in the 2nd while losing 0 to 10. With a Surrender Index of 0.6, this punt ranks at the 19th percentile of cowardly punts of the 2025 season, and the 25th percentile of all punts since 1999.",https://bsky.app/profile/did:plc:wbfd4kwtj7l3qhbtz5uzjczw/post/3m2zn7sofsdy2,2025-10-12T21:26:07.083000+00:00,CIN,263
bluesky_post,bluesky,nfl4th.com,"---> CIN (0) @ GB (10) <--- CIN has 4th & 12 at the CIN 38, Q2 02:59 Recommendation : 🤷 Toss-up (+0.6 WP) Actual play: 🏈🦵 R.Rehkow punts 54 yards to GB 8, Center-W.Wagner. R.Doubs to GB 17 for 9 yards (T.Anderson, S.Perine",https://bsky.app/profile/did:plc:wvwyaexejh63ldp67wqs7g6p/post/3m2zn6z2yxc2a,2025-10-12T21:25:24.778000+00:00,CIN,222
bluesky_post,bluesky,indiana-stew.bsky.social,music.apple.com/us/album/cin...,https://bsky.app/profile/did:plc:53xfoymf47pfjbj5j5hj7rmg/post/3m2zn4tpklk2v,2025-10-12T21:24:13.081000+00:00,CIN,31
bluesky_post,bluesky,lambeauleapersbr.bsky.social,"TOUCHDOWN PACKERS!!! Enfim, uma campanha que tivemos GB movendo bem as correntes e finalizou com um touchdown corrido de Josh Jacobs CIN 00@10 GB #NFLnaESPN #NFLnoDazn",https://bsky.app/profile/did:plc:at2zihnodrbpbymt67amngfv/post/3m2zmz65tu32k,2025-10-12T21:22:08.685000+00:00,CIN,167
bluesky_post,bluesky,scorebot.bsky.social,"GB: Josh Jacobs 3 Yd Rush (Lucas Havrisik Kick) - CIN 0, GB 10 - Q2, 4:05",https://bsky.app/profile/did:plc:z4zyqzdcxwbnsucggwt26ish/post/3m2zmwwnxxc2e,2025-10-12T21:20:53.282000+00:00,CIN,73
bluesky_post,bluesky,nflscorigami.bsky.social,🏈 CIN 0 - 10 GB 4:05 2Q Scorigami is quite unlikely (less than 1%) in this game.,https://bsky.app/profile/did:plc:whl6wj24qs57zfmolrpibnra/post/3m2zmvhglvp2x,2025-10-12T21:20:05.900000+00:00,CIN,80
bluesky_post,bluesky,jpnadia.bsky.social,I am winning at bath time.,https://bsky.app/profile/did:plc:7ycbffxuxj7pdouaoletgfek/post/3m2zmsczurk2c,2025-10-12T21:18:21.387000+00:00,CIN,26
bluesky_post,bluesky,nfl4th.com,"---> CIN (0) @ GB (3) <--- CIN has 4th & 5 at the CIN 42, Q2 08:22 Recommendation (MEDIUM): 👉 Go for it (+1 WP) Actual play: 🏈🦵 R.Rehkow punts 58 yards to end zone, Center-W.Wagner, Touchback.",https://bsky.app/profile/did:plc:wvwyaexejh63ldp67wqs7g6p/post/3m2zme4emti2w,2025-10-12T21:10:22.280000+00:00,CIN,192
bluesky_post,bluesky,surrender-index.tomkahe.com,"CIN decided to punt to GB from the CIN 42 on 4th & 5 with 8:22 remaining in the 2nd while losing 0 to 3. With a Surrender Index of 2.9, this punt ranks at the 72nd percentile of cowardly punts of the 2025 season, and the 73rd percentile of all punts since 1999.",https://bsky.app/profile/did:plc:wbfd4kwtj7l3qhbtz5uzjczw/post/3m2zmduhwgd72,2025-10-12T21:10:41.079000+00:00,CIN,261
bluesky_post,bluesky,surrender-index.tomkahe.com,"GB decided to punt to CIN from the GB 20 on 4th & 6 with 10:28 remaining in the 2nd while winning 3 to 0. With a Surrender Index of 0.6, this punt ranks at the 16th percentile of cowardly punts of the 2025 season, and the 20th percentile of all punts since 1999.",https://bsky.app/profile/did:plc:wbfd4kwtj7l3qhbtz5uzjczw/post/3m2zm3xe6wyt2,2025-10-12T21:06:09.484000+00:00,CIN,262
bluesky_post,bluesky,nfl4th.com,"---> CIN (0) @ GB (3) <--- GB has 4th & 6 at the GB 20, Q2 10:28 Recommendation : 🤷 Toss-up (+0.4 WP) Actual play: 🏈🦵 D.Whelan punts 56 yards to CIN 24, Center-M.Orzech. C.Jones to CIN 37 for 13 yards (E.Williams).",https://bsky.app/profile/did:plc:wvwyaexejh63ldp67wqs7g6p/post/3m2zm37tb4j2h,2025-10-12T21:05:24.187000+00:00,CIN,214
bluesky_post,bluesky,lambeauleapersbr.bsky.social,"Na segunda campanha, Packers consegue mover a bola, mas mais uma vez, um sequenciamento de chamadas sem sentido de Matt LaFleur colocam os Packers em posição de anotar apenas um FG. CIN 00@03 GB #GoPackGo",https://bsky.app/profile/did:plc:at2zihnodrbpbymt67amngfv/post/3m2zlsdkzj322,2025-10-12T21:00:25.784000+00:00,CIN,204
bluesky_post,bluesky,rawmlb.bsky.social,Reds Top Prospect Impresses in Arizona Fall League Debut https://www.rawchili.com/mlb/376484/ Cincinnati Reds No. 2 ranked prospect Alfredo Duno had a fantastic season and that continued in the Arizona…,https://bsky.app/profile/did:plc:lgxwokjfnegutejxknkdpqwj/post/3m2zhdcb7gl2w,2025-10-12T19:40:26.177000+00:00,Cincinnati Reds,202
bluesky_post,bluesky,shaunkernahan.bsky.social,"Cincinnati Reds: Cam Collier, 3B/1B Cam Collier, a promising 3B/1B for the Cincinnati Reds, showcases strong power potential, impressive batting skills, and faces defensive challenges as he develops in professional baseball.",https://bsky.app/profile/did:plc:zivl4ubnl5uqu4dzym5powau/post/3m2yxowwlof22,2025-10-12T15:00:37.082000+00:00,Cincinnati Reds,224
bluesky_post,bluesky,rawmlb.bsky.social,Reds Top Prospect Alfredo Duno Impresses in Arizona Fall League Debut https://www.rawchili.com/mlb/376081/ Cincinnati Reds No. 2 ranked prospect Alfredo Duno had a fantastic season and that continued in the Arizona…,https://bsky.app/profile/did:plc:lgxwokjfnegutejxknkdpqwj/post/3m2yvhdxwmm26,2025-10-12T14:20:34.883000+00:00,Cincinnati Reds,215
bluesky_post,bluesky,rawmlb.bsky.social,"Eye-opening stat Reds can’t ignore suddenly makes a Hunter Greene trade possible https://www.rawchili.com/mlb/375969/ Will the Cincinnati Reds trade Hunter Greene this offseason? That seems like a long shot, but fans shouldn’t…",https://bsky.app/profile/did:plc:lgxwokjfnegutejxknkdpqwj/post/3m2yptp6png25,2025-10-12T12:40:06.380000+00:00,Cincinnati Reds,227
bluesky_post,bluesky,jasminstyle25.bsky.social,Cincinnati Reds October Baseball 2025 Shirt The Cincinnati Reds October Baseball 2025 Shirt captures the spirit of playoff dreams and fan pride. #RedsOctober --> https://jasminstyle.com/product/cincinnati-reds-october-baseball-2025-shirt/,https://bsky.app/profile/did:plc:p3tu4w46sldwgac3kaszlffr/post/3m2ylsc23jv2r,2025-10-12T11:27:44.879000+00:00,Cincinnati Reds,238
bluesky_post,bluesky,rawmlb.bsky.social,Reds Pitcher Shines in Arizona Fall League Debut https://www.rawchili.com/mlb/375782/ Cincinnati Reds starting pitcher Rhett Lowder made his Arizona Fall League debut on Friday and turned in a…,https://bsky.app/profile/did:plc:lgxwokjfnegutejxknkdpqwj/post/3m2yep2nrwq2k,2025-10-12T09:20:39.879000+00:00,Cincinnati Reds,193
bluesky_post,bluesky,reds.homegame.today,"Cincinnati Reds — No, the next game at Great American Ball Park is scheduled for Mar 26, 2026.",https://bsky.app/profile/did:plc:mr33il35rvwcwrtck6ubwm4u/post/3m2ydsdbbkn27,2025-10-12T09:04:36.281000+00:00,Cincinnati Reds,94
bluesky_post,bluesky,rawmlb.bsky.social,"Reds watch hope fade as season ends in Wild Card sweep | National Sports https://www.rawchili.com/mlb/375717/ LOS ANGELES (AP) — Chasing their first playoff victory since 2012, the Cincinnati Reds instead watched the season…",https://bsky.app/profile/did:plc:lgxwokjfnegutejxknkdpqwj/post/3m2ya7u4r2d23,2025-10-12T08:00:34.677000+00:00,Cincinnati Reds,224
bluesky_post,bluesky,litehousemedia.bsky.social,Barry Larkin Cincinnati Reds 1994 Gold Glove Bobblehead https://litehouse.media/product/barry-larkin-cincinnati-reds-1994-gold-glove-bobblehead/,https://bsky.app/profile/did:plc:ghmbwjd57rjqj5i2e2lhr27p/post/3m2ya7c2gwo2n,2025-10-12T08:00:15.976000+00:00,Cincinnati Reds,144
bluesky_post,bluesky,rawmlb.bsky.social,"Dodgers set to face off against Cincinnati Reds in best-of-three National League Wild Card Series https://www.rawchili.com/mlb/375650/ The Dodgers’ bid for back-to-back World Series championships continues on Tuesday, when they face off against the Cincinnati…",https://bsky.app/profile/did:plc:lgxwokjfnegutejxknkdpqwj/post/3m2y3q5p3zy2c,2025-10-12T06:40:13.782000+00:00,Cincinnati Reds,260
bluesky_post,bluesky,rawmlb.bsky.social,"Elly De La Cruz uses torpedo bat and hits 2 home runs vs Texas Rangers https://www.rawchili.com/mlb/375582/ Like it or not, the Cincinnati Reds‘ Elly De La Cruz just dumped a ton of fuel on…",https://bsky.app/profile/did:plc:lgxwokjfnegutejxknkdpqwj/post/3m2xyfoctz42k,2025-10-12T05:40:40.580000+00:00,Cincinnati Reds,190
bluesky_post,bluesky,rawmlb.bsky.social,"Dodgers wary of Cincinnati Reds’ youthful energy in postseason clash https://www.rawchili.com/mlb/375575/ LOS ANGELES (AP) — Cincinnati came crashing into the postseason on the final day of the regular season,…",https://bsky.app/profile/did:plc:lgxwokjfnegutejxknkdpqwj/post/3m2xxb7gghw25,2025-10-12T05:20:16.682000+00:00,Cincinnati Reds,210
bluesky_post,bluesky,rawmlb.bsky.social,"Cincinnati Reds could have worst win total since 1982 | Baseball https://www.rawchili.com/mlb/375533/ The Cincinnati Reds have a history of winning, but this year the team has not lived up to…",https://bsky.app/profile/did:plc:lgxwokjfnegutejxknkdpqwj/post/3m2xuzyqgmw2l,2025-10-12T04:40:27.480000+00:00,Cincinnati Reds,192
bluesky_post,bluesky,kaylor.bsky.social,genuine question: i’m a reds fan and i live in the northeast. do you think the only way i should see them play in person is to fly to cincinnati instead of taking a short trip to boston or new york?,https://bsky.app/profile/did:plc:7thvjps4khgptumjgr7wh2uv/post/3m2xuvpe6s22r,2025-10-12T04:38:05.985000+00:00,Cincinnati Reds,198
bluesky_post,bluesky,american-news.bsky.social,MLB playoff predictions: Expert picks for NLCS The Dodgers are headed back to the NLCS with their eyes on a repeat World Series title. The Brewers are eyeing their first ever National League pennant. Who can make it to the Fall Classic? Los Angeles got here by taking down the Cincinnati Reds in…,https://bsky.app/profile/did:plc:j3u5epxp7eery335fgzxcvzc/post/3m2xrx3jjei2p,2025-10-12T03:45:08.285000+00:00,Cincinnati Reds,296
bluesky_post,bluesky,mlbshitpostbot.bsky.social,"Absolutely disgraceful performance. In all my years as a fan of the Cincinnati Reds, I have never seen a group of players so lazy and pathetic. I'm taking my fanhood to Detroit where it looks like they know how to run a baseball team.",https://bsky.app/profile/did:plc:ikts7dckhy67m6pftqoeydcw/post/3m2xnqsba7g2f,2025-10-12T02:30:03.081000+00:00,Cincinnati Reds,234
bluesky_post,bluesky,rawmlb.bsky.social,Here are projected arbitration salaries for eligible Reds players https://www.rawchili.com/mlb/375258/ CINCINNATI (WKRC) – The Cincinnati Reds finished last season 83-79 and returned to the playoffs for the first…,https://bsky.app/profile/did:plc:lgxwokjfnegutejxknkdpqwj/post/3m2xhodt4vr2k,2025-10-12T00:41:16.980000+00:00,Cincinnati Reds,213
bluesky_post,bluesky,rawmlb.bsky.social,"Reds ace Hunter Greene rocked in postseason debut https://www.rawchili.com/mlb/375130/ CINCINNATI — Hunter Greene lived out a childhood dream Tuesday night, making his first postseason start for the Cincinnati…",https://bsky.app/profile/did:plc:lgxwokjfnegutejxknkdpqwj/post/3m2xaw3nnuu23,2025-10-11T22:40:21.785000+00:00,Cincinnati Reds,210
bluesky_post,bluesky,davidgrayless.bsky.social,"#OnThisDay in 2020, #JoeMorgan, American Baseball HOF infielder (10 × #MLB All-Star; World Series 1975, 76; NL MVP 1975, 76; Cincinnati Reds) and #broadcaster (ESPN), died at 77. #RIP 🪽🥀",https://bsky.app/profile/did:plc:y5r6wdl7bxvbypqukxlaw4kh/post/3m2xajqshll23,2025-10-11T22:33:27.379000+00:00,Cincinnati Reds,186
bluesky_post,bluesky,jasontcarter.bsky.social,"Random card from my colleciton: 1994 Kahn's Cincinnati Reds SGA #NNO - Kevin Mitchell - Cincinnati Reds The Reds used to collect former award winners like I collected baseball cards: Kevin Mitchell, Frank Viola, Vince Coleman, Jerome Walton, Terry Pendleton, Benito Santiago... #CardSky",https://bsky.app/profile/did:plc:xkudbf4f3gxzieh2qbzppq2u/post/3m2wxk7dj6c2p,2025-10-11T19:52:38.282000+00:00,Cincinnati Reds,286
bluesky_post,bluesky,rawmlb.bsky.social,"What to Make of the Reds’ Cockroach Season https://www.rawchili.com/mlb/367522/ They told us these Redlegs were unkillable, and for a feverish week or two it felt true. It…",https://bsky.app/profile/did:plc:lgxwokjfnegutejxknkdpqwj/post/3m2mydluncv2c,2025-10-07T20:40:13.257000+00:00,Redlegs,172
bluesky_post,bluesky,bernardwong.bsky.social,"This week, the Cincinnati Bengals and Reds were the Washington Generals. I dream one day they will be the Harlem Globetrotters. #Reds #Bengals #WhoDey #ATOBTTR #RedLegs @reds.com",https://bsky.app/profile/did:plc:arcmzrr75rlucqeahip3njyb/post/3m2cyjm4rt22i,2025-10-03T21:17:25.762000+00:00,Redlegs,178
bluesky_post,bluesky,jasontcarter.bsky.social,"The streak continues! After the pathetic showing by my Redlegs in LA the past couple of days, I thought my prospects were ominous... but behold! My starting9 Stats: Sep29 W-L: 9-0 HR:⚾⚾ AVG/SLG: .818/1.818 Career: 33-3 HR:8 .688/1.521 Play #starting9 here --> starting9.vercel.app",https://bsky.app/profile/did:plc:xkudbf4f3gxzieh2qbzppq2u/post/3m2a5ojpmvk2l,2025-10-02T18:11:12.058000+00:00,Redlegs,280
bluesky_post,bluesky,chuckstyle.bsky.social,"The playoff chase will be a fond memory for this year’s Redlegs squad. This series, however, was a demolition.",https://bsky.app/profile/did:plc:3o7h7dohjisr6p7wdwn3jfqe/post/3m26mjf6c2k2l,2025-10-02T03:31:26.449000+00:00,Redlegs,110
bluesky_post,bluesky,paulcuse.bsky.social,Redlegs and Dodgers #WildCard,https://bsky.app/profile/did:plc:4vqhbqaroh4fdvjvi6php6mn/post/3m26h2hmfo22l,2025-10-02T01:53:36.954000+00:00,Redlegs,29
bluesky_post,bluesky,devinchaloux.bsky.social,Let's go Redlegs!,https://bsky.app/profile/did:plc:sxcskjz3nwgpabs6fvktuo3u/post/3m26f5ibooc23,2025-10-02T01:19:30.353000+00:00,Redlegs,17
bluesky_post,bluesky,bigmemath.bsky.social,Redlegs 👀,https://bsky.app/profile/did:plc:csmhqhvhmyzt37pd3t65e63g/post/3m26f4ftdbs2a,2025-10-02T01:18:57.453000+00:00,Redlegs,9
bluesky_post,bluesky,nekap.bsky.social,What can I say? I’m rootin’ for the Redlegs.,https://bsky.app/profile/did:plc:int2wmmtg2f5ftfxs3w3krx7/post/3m26ezmvczc2g,2025-10-02T01:17:21.050000+00:00,Redlegs,44
bluesky_post,bluesky,brgjr88.bsky.social,Fill that belly up and take it easy. Hopefully the Reds will win tonight. I'm not ready for the season to be over with. Go Redlegs!!!,https://bsky.app/profile/did:plc:oq3ho5jhynema2uu3fcjwu3b/post/3m263qhpvek2r,2025-10-01T22:31:10.358000+00:00,Redlegs,133
bluesky_post,bluesky,pureland.bsky.social,"And on 6/14/1954, ""One Nation, Under God"" was added to the Pledge of Allegiance. And in April 1953, the Cincinnati Reds became the Redlegs. EGAD!!! And the renaming and relabeling is at it again!!",https://bsky.app/profile/did:plc:tbn7vdrnwdfwgh4lw7nk7b2b/post/3m25bm5jwu22r,2025-10-01T14:43:28.853000+00:00,Redlegs,196
bluesky_post,bluesky,marcquill.bsky.social,"Can't sleep, Mr. Redlegs will eat me.",https://bsky.app/profile/did:plc:nayqkg37xukdr4kdnysauoc5/post/3m254oecxgs27,2025-10-01T13:15:14.752000+00:00,Redlegs,37
bluesky_post,bluesky,intothejunction.bsky.social,"Return, Beefy Himbo Summers",https://bsky.app/profile/did:plc:rgk5gbb7yh3lom6f6g6zbftu/post/3m247qcgwl22k,2025-10-01T04:37:22.052000+00:00,Redlegs,27
bluesky_post,bluesky,bernardwong.bsky.social,Dodgers showing why they're a juggernaut. It's a 350 million dollar payroll versus 119 million payroll. Ohtani (2 HRs today) has a 700 million contract. Reds down 8-0. Looks like this will be over tomorrow. #MLBNeedsASalaryCap #Reds #RedLegs #TheHuntForRedsOctober,https://bsky.app/profile/did:plc:arcmzrr75rlucqeahip3njyb/post/3m242ifd6ck2n,2025-10-01T03:03:27.055000+00:00,Redlegs,264
bluesky_post,bluesky,akelacooper.bsky.social,Wait… is his name actually Mr. Redlegs?!?! That is a horror movie villain waiting to happen,https://bsky.app/profile/did:plc:56g2xmm4lqxztygzrvelvfnz/post/3m23zgej7wc2t,2025-10-01T02:44:24.553000+00:00,Redlegs,91
bluesky_post,bluesky,pfish.zone,uhhhh I just found out that Mr. Red and Mr. Redlegs are two separate people??????,https://bsky.app/profile/did:plc:ymtnvdv6xicjipdc4dqprusn/post/3m23yydby4c2u,2025-10-01T02:36:31.755000+00:00,Redlegs,81
bluesky_post,bluesky,robstaeger.bsky.social,"""I've abandoned my child! I've abandoned my BOYYY""",https://bsky.app/profile/did:plc:2kh4wizbrg4wvygxmp6wkupk/post/3m23ypaa4622f,2025-10-01T02:31:29.053000+00:00,Redlegs,50
bluesky_post,bluesky,kphipps3000.bsky.social,"To use the Jonathan Lethem foursome formulation, here’s how I see it: Genius Parent: Mr. Redlegs Responsible Parent: Rosie Reds Genius Child: Mr. Red Clown Child: Gapper",https://bsky.app/profile/did:plc:h6lpk2bztqzia2naegl6mugl/post/3m23yippqk22z,2025-10-01T02:27:49.356000+00:00,Redlegs,169
bluesky_post,bluesky,kphipps3000.bsky.social,"It’s honestly a little murky what the relationship is between Mr. Redlegs, Mr. Red, Rosie Reds, and Gapper. I respect their privacy.",https://bsky.app/profile/did:plc:h6lpk2bztqzia2naegl6mugl/post/3m23y6nehoc2z,2025-10-01T02:22:11.453000+00:00,Redlegs,132
bluesky_post,bluesky,mattsinger.bsky.social,You better watch your back. Mr. Redlegs does not look like the type to be cool with you taking pictures with his lady friend.,https://bsky.app/profile/did:plc:bnvflf4as6n55c4fetx6g7pu/post/3m23xz5pgms2t,2025-10-01T02:19:07.058000+00:00,Redlegs,125
bluesky_post,bluesky,mattsinger.bsky.social,Judge Doom wishes he was half as scary as Mr Redlegs.,https://bsky.app/profile/did:plc:bnvflf4as6n55c4fetx6g7pu/post/3m23xbbtil22t,2025-10-01T02:05:46.155000+00:00,Redlegs,53
bluesky_post,bluesky,ryanfromohio.bsky.social,Not looking good Redlegs. Hope we can still get a rally.,https://bsky.app/profile/did:plc:ofmbnckzwrgkukqptkcdwf2i/post/3m23xarcgv223,2025-10-01T02:05:28.251000+00:00,Redlegs,56
bluesky_post,bluesky,jasontcarter.bsky.social,"Why is Rob Lowe rooting for the Dodgers? HE GREW UP IN DAYTON OHIO! He should be rooting for the Redlegs! 😡 Also, why did I want to call him Chad Lowe? Did he play a character named Chad in one of his movies?",https://bsky.app/profile/did:plc:xkudbf4f3gxzieh2qbzppq2u/post/3m23x7qpbzk22,2025-10-01T02:04:52.153000+00:00,Redlegs,208
bluesky_post,bluesky,bernardwong.bsky.social,Small Blue Bicycle teeing off on Hunter Greene. Hanging sliders. Back to back HRs. Down by 5. #Reds #RedLegs #TheHuntForRedsOctober,https://bsky.app/profile/did:plc:arcmzrr75rlucqeahip3njyb/post/3m23x4p2ls224,2025-10-01T02:03:13.253000+00:00,Redlegs,131
bluesky_post,bluesky,mattsinger.bsky.social,"All right I have to get back to work. In closing, I just want to say Mr. Redlegs rules. I’m going to have nightmares about those eyes tonight.",https://bsky.app/profile/did:plc:bnvflf4as6n55c4fetx6g7pu/post/3m23wz4vje22t,2025-10-01T02:01:13.553000+00:00,Redlegs,142
bluesky_post,bluesky,samgavin.com,"Obviously I hope they lose but full transparency: the Reds mascot ""Mr. Redlegs"" is absolutely overflowing with swag",https://bsky.app/profile/did:plc:ec6tldu7pbeyu6pneo66raed/post/3m23wqr4gg22s,2025-10-01T01:56:33.560000+00:00,Redlegs,115
bluesky_post,bluesky,flere-imsaho.circumstances.run,"*shrug* do re-read the thread you've been responding to, it has all you need to know. now go reading, here's a good lad.",https://bsky.app/profile/did:plc:qxszziih5iztsagjhch6neqx/post/3m2zrjsnlr22n,2025-10-12T22:43:02.178000+00:00,LAD,120
bluesky_post,bluesky,cinemgc.bsky.social,Lady Gaga se une a 'El diablo viste de Prada 2' www.ecartelera.com/noticias/lad...,https://bsky.app/profile/did:plc:6prmq7nfi2myhwlcjthhsors/post/3m2zragn4w22p,2025-10-12T22:37:49.786000+00:00,LAD,82
bluesky_post,bluesky,plushwitch.bsky.social,"ui ui doesn't actually show up much tho he's just there for a teeny bit so of course, i fall in love with him. im fated to love the characters that only get the slightest of screentime. .. i loove that ouji princely design so much what a lil lad ykno",https://bsky.app/profile/did:plc:k3s2ejp4ojvuuyhsepwdcvxm/post/3m2zqqvcjdk2n,2025-10-12T22:29:05.984000+00:00,LAD,250
bluesky_post,bluesky,jethanded-wyvern.bsky.social,Honestly your alt text makes some of these pics not only make a lot more sense but make me drawn in to the art lmaooo Yeah get that seed lad,https://bsky.app/profile/did:plc:lh3fl4uxz6wwdywhl233ov27/post/3m2zqofimq22q,2025-10-12T22:27:39.783000+00:00,LAD,140
bluesky_post,bluesky,victorperfecto.bsky.social,"Shit, that WOULD be a better Elastic Lad than it is a Ralph D",https://bsky.app/profile/did:plc:lywgfzfo7lhvkidfhd5fijf6/post/3m2zp6do7dc2i,2025-10-12T22:00:50.485000+00:00,LAD,61
bluesky_post,bluesky,lba.mastodon.social.ap.brid.gy,"Laddie, you are as savvy as a monster from the gas. When you established contact with Johnny Rocket, my spies were there. We have followed you since. I knew that you wanted to go down to the under-gas. Thus I waited here to strike. But enough said. Now, lad, prepare yourself to die!! #LBA2",https://bsky.app/profile/did:plc:bvmm3n4n5b7dyix6q7ixxhtt/post/3m2zp53f56y72,2025-10-12T22:00:16.885000+00:00,LAD,290
bluesky_post,bluesky,mike10010100.com,"""It's Israel's fault that Nazis made an antisemitic meme"" Whew lad, with ""leftists"" like this...",https://bsky.app/profile/did:plc:mmtjkssv6jeneahkgfdxuy7p/post/3m2zp2kiyzc2b,2025-10-12T21:58:44.281000+00:00,LAD,96
bluesky_post,bluesky,batboyslim.bsky.social,My lad (right) winning yet another gold medal in archery today. Also parenthesis can be used for good or evil.,https://bsky.app/profile/did:plc:uqax4kn7fy5plqx4bi5xsnwf/post/3m2zowjr7z22q,2025-10-12T21:56:34.481000+00:00,LAD,110
bluesky_post,bluesky,doomsdaypecsart.bsky.social,"-|| Lovers that Like 'em LARGE Last part, large lad LIVIN' with them lovely results! I always enjoy this view of him when he's at such supreme softness, you can really get a feel for the undulating vastness just about to COOOVER you. ❤️‍🔥",https://bsky.app/profile/did:plc:qjvhzqy6omgiueqjume2mpgk/post/3m2zowiuca22e,2025-10-12T21:56:31.285000+00:00,LAD,238
bluesky_post,bluesky,liberallibrarian.bsky.social,*Hitches up pants* I was a wee lad of 7 when I started watching SNL. Can't beat it from back then! Kids these days don't know what REAL satire is!,https://bsky.app/profile/did:plc:nkajzwewv4unogker7zdtjt5/post/3m2zovf2pzk23,2025-10-12T21:55:49.179000+00:00,LAD,146
bluesky_post,bluesky,jockduncan.bsky.social,"And now a word from Ronan about my book. Good lad, and it only cost me an ice cream 🍦",https://bsky.app/profile/did:plc:orb6jfvhn2qy2mm7c3fnr7v2/post/3m2zotgruk22q,2025-10-12T21:54:44.284000+00:00,LAD,85
bluesky_post,bluesky,remembersomeguys.bsky.social,Doug Rau Pitcher Debut: 1972 - Retired: 1981 LAD - ANA,https://bsky.app/profile/did:plc:bpliuzjiw2r7q4gr4hnmtrnc/post/3m2zombinrk2s,2025-10-12T21:50:43.283000+00:00,LAD,54
bluesky_post,bluesky,cosycuddles.bsky.social,Is this source a lad at home in his house making stuff up?,https://bsky.app/profile/did:plc:2ydgqyixoynw7e4uqroffe2y/post/3m2zofojdjs25,2025-10-12T21:47:05.082000+00:00,LAD,58
bluesky_post,bluesky,daddygarbear.bsky.social,Thanks lad,https://bsky.app/profile/did:plc:ridq3ucnxa4n3r3bmevnvuai/post/3m2zockwb7c26,2025-10-12T21:45:17.679000+00:00,LAD,10
bluesky_post,bluesky,daddygarbear.bsky.social,Thanks lad,https://bsky.app/profile/did:plc:ridq3ucnxa4n3r3bmevnvuai/post/3m2zobqpnbc26,2025-10-12T21:44:50.377000+00:00,LAD,10
bluesky_post,bluesky,vespian.bsky.social,Yeah like you can be gracious and say that he didn't want to bring it up until he had solid evidence. But when Clive came back from Phoenix Gate going 'The second Dominant of Fire was a figment of my imagination the whole time :)' Cid could have been like uhhh hold on there just a minute lad,https://bsky.app/profile/did:plc:4h23jjibuh6uvjochtmqxdgy/post/3m2znt3jpxc2w,2025-10-12T21:36:38.782000+00:00,LAD,292
bluesky_post,bluesky,seaangel4444.bsky.social,"Happy Birthday, dear Toby! Bless you, dear lad!",https://bsky.app/profile/did:plc:vv47pmkqduurgctmn4x6ymkl/post/3m2znlbwg7c26,2025-10-12T21:32:17.979000+00:00,LAD,47
bluesky_post,bluesky,thejrluna.bsky.social,The absolute state of this lad. Bet you hes on the short list for the Turning Point halftime show 😆 #WTF,https://bsky.app/profile/did:plc:lkpzhcyzxy5k2kpd3walckhw/post/3m2znjxdc3k2f,2025-10-12T21:31:34.777000+00:00,LAD,104
bluesky_post,bluesky,t-rexit.bsky.social,Apologies….i was a passenger to my Dorsey based mucker…we’d just done Maiden Castle and the lad with his knob out..,https://bsky.app/profile/did:plc:4hid42klc5yo6oitkfportpi/post/3m2znajpcsk2x,2025-10-12T21:26:16.180000+00:00,LAD,115
bluesky_post,bluesky,politiken.dk,Lad os dyrke det bevidst besværlige,https://bsky.app/profile/did:plc:pvao7wm4e4b3c7rtco4vh766/post/3m2zn3z6d7s2y,2025-10-12T21:23:44.082000+00:00,LAD,35
bluesky_post,bluesky,bullfrog-1963.bsky.social,I was a young lad but my dad who worked for the PUD talked about it for years. Any large storm we were lucky to see him for a few R&R hours and then back out.,https://bsky.app/profile/did:plc:prxzsfamwz6z3f4wkfridbsv/post/3m2zmz53muc2o,2025-10-12T21:22:07.681000+00:00,LAD,158
bluesky_post,bluesky,meanderingunicorns.bsky.social,"I want to connect with a fandom but I am apparently incapable of being obsessed with any media at the same time as anyone else. It’s always something weird and obscure and usually at least a decade old. Anyway, back to working on some Arc the Lad II fan art",https://bsky.app/profile/did:plc:4ruxhbvrkxkagknmvfbdzdry/post/3m2zmgwn76c2w,2025-10-12T21:11:57.284000+00:00,LAD,257
bluesky_post,bluesky,markayling.bsky.social,Enjoyed revisiting all three hours of this tonight. Holds up remarkably well. Was a personal VHS fave when I was a young lad. Tim Curry is a delight.,https://bsky.app/profile/did:plc:piapddxabenw4aw2owpw4634/post/3m2zmfptevc22,2025-10-12T21:11:20.781000+00:00,LAD,149
bluesky_post,bluesky,jimdouglas.bsky.social,"Found out the other day that the judge who sentenced the A-Team to death was the same lad who adjudicated Tom Cruise and Jack Nic in A Few Good Men, tremendous stuff.",https://bsky.app/profile/did:plc:phuhii77r344et5r4z6vohpt/post/3m2zm6wolks22,2025-10-12T21:07:33.280000+00:00,LAD,166
bluesky_post,bluesky,dilfandmilf.bsky.social,Good lad 😘😘,https://bsky.app/profile/did:plc:mmrnfmycxbuzxxnkd6ew3rj4/post/3m2zluikac223,2025-10-12T21:01:37.985000+00:00,LAD,11
bluesky_post,bluesky,cybermindgrrl.bsky.social,"As a Canadian living in LA (within earshot of Dodgers Stadium, I might add) I might have a little bit of trouble figuring out who to root for!",https://bsky.app/profile/did:plc:yrzcdhiq6bsy5qozohjlrwga/post/3m2zn4wvick2w,2025-10-12T21:24:15.278000+00:00,LA Dodgers,142
bluesky_post,bluesky,spbaseball.bsky.social,"The Dodgers were just saving themselves for the playoffs????? Bad umpires? Full moons? Based on how hard it was to beat Detroit, this doesn't look good for LA.",https://bsky.app/profile/did:plc:klav7jbwagsecjvzghhjc7io/post/3m2zkuix57c2k,2025-10-12T20:43:44.581000+00:00,LA Dodgers,159
bluesky_post,bluesky,fangsbites.bsky.social,MLB has released the entire American League and National League Championship Series broadcast schedules. Fox and or FS1 has the ALCS between Seattle and Toronto. TBS/truTV and HBO Max carry the NLCS between Milwaukee and LA Dodgers.,https://bsky.app/profile/did:plc:5bpq2qyomzyrcl5fvlt7okpq/post/3m2zk3gvblk2q,2025-10-12T20:29:48.878000+00:00,LA Dodgers,232
bluesky_post,bluesky,pizzacook.bsky.social,LOL @ all of America rooting against LA. The Dodgers are officially the Dallas Cowboys of baseball.,https://bsky.app/profile/did:plc:3esdfov3c5bxulv4jhhkcb2k/post/3m2zgujoogc2v,2025-10-12T19:32:10.381000+00:00,LA Dodgers,99
bluesky_post,bluesky,dodgers-cards.bsky.social,"Happy 56th birthday to Jose Valentín. Valentín spent 16 years in the big leagues but just one with the Dodgers, playing a fairly unproductive 56 games with LA in 2005 before leaving in free agency. After retiring, Valentín went on to own a team in his native Puerto Rico.",https://bsky.app/profile/did:plc:c73swii4akrjp27lvmhs26r4/post/3m2zfinvnrc25,2025-10-12T19:07:39.979000+00:00,LA Dodgers,271
bluesky_post,bluesky,dodgers-cards.bsky.social,"Happy 113th birthday to the late Bob Mitchell. Mitchell enjoyed an 85-year career as an organist. He is one of 7 organists to work for the Dodgers throughout the team’s history and the 1st to play for the franchise in LA, entertaining fans at Dodger Stadium from 1962 to 1966.",https://bsky.app/profile/did:plc:c73swii4akrjp27lvmhs26r4/post/3m2zfczqghk25,2025-10-12T19:04:33.983000+00:00,LA Dodgers,276
bluesky_post,bluesky,daviddarmofal.bsky.social,My Cubs are out of it so I think I’m going to root for the Dodgers because of @douglasemhoff.bsky.social @skylikeajedi.bsky.social & because of what Trump did to LA.,https://bsky.app/profile/did:plc:zctue4vtjwztlygf2lu7ydtm/post/3m2zbntltgt2b,2025-10-12T17:58:56.979000+00:00,LA Dodgers,165
bluesky_post,bluesky,laprensademonagas.bsky.social,Milwaukee elimina a Cachorros y se enfrenta a Dodgers en la final,https://bsky.app/profile/did:plc:4m5ctrki2fl5km2a5akcy2d3/post/3m2z77l2oog2v,2025-10-12T17:15:11.178000+00:00,LA Dodgers,65
bluesky_post,bluesky,elamyfriend.bsky.social,"Dodgers to ICE: “You’re not welcome in our stadium.” Dodgers ownership to ICE contractors: “But our money is.” Public compassion, private profit. The kind of curveball only billionaires can throw. #Dodgers #ICE #Hypocrisy #GEOGroup #LA",https://bsky.app/profile/did:plc:hkrxwayel6y4q4vphmlptoqo/post/3m2z6erujt22j,2025-10-12T17:00:12.380000+00:00,LA Dodgers,235
bluesky_post,bluesky,la-news.bsky.social,"Dodgers playoffs: Blake Snell, Brewers, NLCS roster https://www.europesays.com/us/297622/ Among the news to expect over the next 27 hours or so is who will start for the…#la #LosAngeles #lanews #LosAngelesnews #us #news #usnews",https://bsky.app/profile/did:plc:tmwvko6uwcs2azo63owamzj4/post/3m2z4ar6azb2z,2025-10-12T16:22:10.079000+00:00,LA Dodgers,227
bluesky_post,bluesky,castolzenbach.bsky.social,"If the Blue Jays play the Dodgers in the World Series, is there a fog upon LA?",https://bsky.app/profile/did:plc:wcnfedses524ddljqtcrxcnp/post/3m2z3idon5s2k,2025-10-12T16:08:30.286000+00:00,LA Dodgers,78
bluesky_post,bluesky,theled.bsky.social,"💯 Full disclosure I’m a bitter, angry, lifelong Mets fan. Grew up in LA surrounded by Dodger fans. Grew up at that horrible stadium. ANYONE BUT THE DODGERS",https://bsky.app/profile/did:plc:5fwhhwgnqyu7r3wd34r4apws/post/3m2z325johs2w,2025-10-12T16:00:34.679000+00:00,LA Dodgers,155
bluesky_post,bluesky,kyleskey.bsky.social,Can the dodgers even host a world series? Haven't the dirty people of la burned their city to the ground yet?,https://bsky.app/profile/did:plc:hqoqviw5culcxz2kuyjchdcl/post/3m2yzrdceds2j,2025-10-12T15:37:44.382000+00:00,LA Dodgers,109
bluesky_post,bluesky,tmj4.com,"Good morning, Milwaukee. We can't get enough of this team. Check out the Bob Uecker tribute the Brewers created in the clubhouse after their NLDS Game 5 win last night. Next up, the LA Dodgers in the NLCS starting tomorrow. #ThisIsMyCrew #DoItForUeck",https://bsky.app/profile/did:plc:gmtucmxoqyobpabhluogsdfl/post/3m2yvzf7yso2r,2025-10-12T14:30:40.181000+00:00,LA Dodgers,250
bluesky_post,bluesky,pizzacook.bsky.social,LOL @ all of America rooting against LA. The Dodgers are officially the Dallas Cowboys of baseball.,https://bsky.app/profile/did:plc:3esdfov3c5bxulv4jhhkcb2k/post/3m2yvslfp222m,2025-10-12T14:26:51.579000+00:00,LA Dodgers,99
bluesky_post,bluesky,warnercrocker.mastodon.social.ap.brid.gy,"Crazy baseball statistic I heard last night. The Milwaukee Brewers total payroll is around $122 million. Their next opponent, the LA Dodgers are paying around a Luxury tax of $138 million on their $388 million payroll. Insane numbers all around, but what a disparity. #Baseball #Sports",https://bsky.app/profile/did:plc:xgiwmvykueububu2czbxrkvw/post/3m2yvlyqieyq2,2025-10-12T14:23:37.784000+00:00,LA Dodgers,285
bluesky_post,bluesky,warnercrocker.bsky.social,"Crazy baseball statistic I heard last night. The Milwaukee Brewers total payroll is around $122 million. Their next opponent, the LA Dodgers are paying around a Luxury tax of $138 million on their $388 million payroll. Insane numbers all around, but what a disparity. #Baseball #Sports",https://bsky.app/profile/did:plc:ngvaswf6ow4ox5yzirna2exa/post/3m2yvlgdn4u2e,2025-10-12T14:22:50.982000+00:00,LA Dodgers,285
bluesky_post,bluesky,anelson1818.bsky.social,Dodgers are the kings of the NL till proven otherwise. I got a Dodgers/Blue Jays WS. LA over Milwaukee in 6.,https://bsky.app/profile/did:plc:ikvgstwu4afzcterqeqbhpfk/post/3m2yts6quls2u,2025-10-12T13:50:51.684000+00:00,LA Dodgers,108
bluesky_post,bluesky,la-news.bsky.social,"Milwaukee Brewers vs. Los Angeles Dodgers NLCS schedule, start times https://www.europesays.com/us/297338/ By virtue of a thrilling Game 5 victory in the NLDS over their division rivals, the Chicago Cubs,…#la #LosAngeles #lanews #LosAngelesnews #us #news #usnews",https://bsky.app/profile/did:plc:tmwvko6uwcs2azo63owamzj4/post/3m2ys6rhxim2e,2025-10-12T13:22:05.779000+00:00,LA Dodgers,262
bluesky_post,bluesky,rawmlb.bsky.social,"Milwaukee Brewers knock out Cubs, earn NLCS matchup against LA Dodgers https://www.rawchili.com/mlb/376003/ Ending their recent run of playoff frustration earned the Milwaukee Brewers a new nickname from their manager. Pat…",https://bsky.app/profile/did:plc:lgxwokjfnegutejxknkdpqwj/post/3m2ys4bn26725,2025-10-12T13:20:42.577000+00:00,LA Dodgers,223
bluesky_post,bluesky,rawmlb.bsky.social,How to buy Milwaukee Brewers vs LA Dodgers NLCS tickets https://www.rawchili.com/mlb/376014/ The National League Division Series came down to a winner-take-all Game 5 between the Milwaukee Brewers vs. the…,https://bsky.app/profile/did:plc:lgxwokjfnegutejxknkdpqwj/post/3m2ys3mdvc725,2025-10-12T13:20:20.083000+00:00,LA Dodgers,205
bluesky_post,bluesky,andreakate.bsky.social,"Honestly my mom is a Dodgers fan, my grandma was a huge Dodgers fan and I typically root for them without actually watching their games but I kind of hope they miss the series this go round because like...give someone else a chance? And also my tender little heart can't deal with people hating on LA",https://bsky.app/profile/did:plc:a3omjqwr6atwnn2ngxawvxcc/post/3m2ypblmoxc2h,2025-10-12T12:29:59.077000+00:00,LA Dodgers,300
bluesky_post,bluesky,pghpubdef.bsky.social,"I have no particular reason to root for the LA Dodgers except for the fact that I once confidently told friends that Mookie Betts was going to be “Jeter-esque”, in terms of how good he was going to be. They gave me endless crap. He has more Golden Gloves. More Silver Sluggers. More HRs. Needs rings.",https://bsky.app/profile/did:plc:uacqum3t3h4k2hcsp3hogsjc/post/3m2yovmuuc22o,2025-10-12T12:23:17.382000+00:00,LA Dodgers,300
bluesky_post,bluesky,giemma321.bsky.social,HE HASN'T YET CRUSHED HIS CULT. HE CAN'T CRUSH THE BLUE CREW.,https://bsky.app/profile/did:plc:6pu57u4xc4vepzipiws6gaof/post/3m2zmuyp7gk2x,2025-10-12T21:19:48.485000+00:00,Blue Crew,61
bluesky_post,bluesky,cowboylikeally.swifties.social,Like???? So quick,https://bsky.app/profile/did:plc:2ouygqnlanwy2ofbzdwygstk/post/3m2zmpuqku22u,2025-10-12T21:16:59.585000+00:00,Blue Crew,17
bluesky_post,bluesky,jmantheitguy.us,"Here's your schedule for this week!! Will be trying out Blue Protocol: Star Resonance on Monday. More fun with @edxietyvt.bsky.social on Supermarket Together and WUWA Tuesday and Thursday! We have your normally scheduled BG3 with the crew on Friday, and then WUWA 2.7 story with Yndra on Sat!",https://bsky.app/profile/did:plc:ws2m2rgp7cdz75sv5w2oug2h/post/3m2zmlmxqoc2t,2025-10-12T21:14:35.084000+00:00,Blue Crew,292
bluesky_post,bluesky,leo-atreides.bsky.social,"Amy B!!!! Had to take a break. On my phone the monarch butterfly becomes blue. I mean so much better than a bluebird. All the Blue Sky with room for all the crislust freed minds. Blue. Crew butterflies, they work, polinating like bees. Better than sheeple... #TOLDwhatTOthink #Amen 🦋🦅⚛️✡️🌟🦁✝️☪️🕉🗽🧲",https://bsky.app/profile/did:plc:rkng7y623gvkvhh27pjlepsz/post/3m2zjb6qox22o,2025-10-12T20:15:03.983000+00:00,Blue Crew,297
bluesky_post,bluesky,kappakatch21.bsky.social,@bonnieblueblue.bsky.social Blue Heron Farm has some excellent ideas for your crew 🐄 🐐 🎃👻,https://bsky.app/profile/did:plc:uqubq7yw2f2l6e2lkzrag256/post/3m2zj7pj7r22s,2025-10-12T20:14:13.577000+00:00,Blue Crew,89
bluesky_post,bluesky,gors.bsky.social,#mew-crew updated character sheet with official colors. Click the ALT for more info.,https://bsky.app/profile/did:plc:nveriwcateviqiophvrdxyul/post/3m2ziofn4uc2o,2025-10-12T20:04:43.884000+00:00,Blue Crew,84
bluesky_post,bluesky,goinggraymama.bsky.social,"Thank you for all the new followers. Yay!! Go Blue! Unfortunately had to block a few since there isn’t an unfollow option. No maggots. No crypto. No trying to sell stuff. No self promoting art & music unless it’s clear you’re blue crew. No accounts with zero posts, comments, reposts, and profiles.",https://bsky.app/profile/did:plc:ymnncoe4nrfslvzts26jsvg2/post/3m2zfkn5od22e,2025-10-12T19:08:47.083000+00:00,Blue Crew,298
bluesky_post,bluesky,mlipsitt.bsky.social,Thank you to the Birthday Boy @oldmanhippy.com for including me in his glorious Blue Crew 💙💙 Pack! Followed & Sharing! 😘🎉🎂🥳🎈🎊 go.bsky.app/J7vttFF,https://bsky.app/profile/did:plc:pp66gvuh6w7tnshtvjxll72e/post/3m2zdc6eulu2u,2025-10-12T18:28:13.477000+00:00,Blue Crew,145
bluesky_post,bluesky,johnshea122.bsky.social,"@hopeful66.bsky.social Thank you so much for adding me to this great group of Blue Crew Resisters, Stronger Together as one. I am honored to follow all that are new to me.👏👍❤️💙🇺🇸🫵🌺🇵🇷🌈🍀🇨🇦📬🧩😊🌍☮️💟🇺🇦🌻🍁🎈💯🎯",https://bsky.app/profile/did:plc:635jjh5hpphnvqtlwjzftz4i/post/3m2z7xo7erd27,2025-10-12T17:28:39.879000+00:00,Blue Crew,200
bluesky_post,bluesky,harlequinr.bsky.social,Reds - £5+p&p Oranges - £5+p&p Magentas/Pinks - £5+p&p Greens - £20+p&p Details in Alt text,https://bsky.app/profile/did:plc:cgbtfkdwobfi5pf4xrf5xu2m/post/3m2z2f34dwk2c,2025-10-12T15:49:20.480000+00:00,Blue Crew,91
bluesky_post,bluesky,harlequinr.bsky.social,White/Greys/Black - £10+p&p Grey blues - £5+p&p Blues - £10+p&p Pinks - £5+p&p Details in Alt text,https://bsky.app/profile/did:plc:cgbtfkdwobfi5pf4xrf5xu2m/post/3m2yzmwahz22c,2025-10-12T15:35:52.289000+00:00,Blue Crew,98
bluesky_post,bluesky,toronto.ca,⚾️💥 #GoJaysGo! Join the excitement and watch our @BlueJays in the ALCS live on the big screen! ➡️ Bring your crew ➡️ Wear your blue ➡️ Make some noise! Info: https://www.toronto.ca/explore-enjoy/festivals-events/festivals-events-calendar/#search=Toronto%20Blue%20Jays%20Viewing%20Party #WANTITALL,https://bsky.app/profile/did:plc:rk25gdgk3cnnmtkvlae265nz/post/3m2yxx6ka4e2x,2025-10-12T15:05:13.485000+00:00,Blue Crew,296
bluesky_post,bluesky,iambountyfan.bsky.social,ionnalee and the BLUE IN CONCERT crew in London ready for tomorrow's show at HERE at Outernet 🇬🇧🫶 tickets: birdonthewire.gigantic.com/ionnalee-iamamiwhoami-tickets/london-here-at-outernet/2025-10-13-19-00,https://bsky.app/profile/did:plc:v4dmdow7n6uwzgznejhieduh/post/3m2yvzcw2n225,2025-10-12T14:30:46.186000+00:00,Blue Crew,204
bluesky_post,bluesky,bevy-b.bsky.social,Wow! What a spot for our get together. Happy Sunday to you and our blue crew!,https://bsky.app/profile/did:plc:3bmlmm5ow3lcvzlfx5amgoac/post/3m2yu57b6d22n,2025-10-12T13:57:00.981000+00:00,Blue Crew,77
bluesky_post,bluesky,maribeth36.bsky.social,"Blue Crew, after dark scary , Halloween night and we’re alone on the island…",https://bsky.app/profile/did:plc:lhsv42hc7kqdjebia6p4nbvb/post/3m2ys7zdbjc2j,2025-10-12T13:22:51.982000+00:00,Blue Crew,76
bluesky_post,bluesky,oldchuck2.bsky.social,Good morning Blue Crew. A foggy day but soon to turn blue and sunny. I think we will be okay as soon as we get some rain.,https://bsky.app/profile/did:plc:vxssx3mbrpzh6illfn35mmvm/post/3m2ys7ty5wk2l,2025-10-12T13:22:41.785000+00:00,Blue Crew,121
bluesky_post,bluesky,kimandmickysmith.bsky.social,Morning blue crew can y'all please repost this. Thank you.,https://bsky.app/profile/did:plc:pp5fvbw5qggyrdhkzwem2bdw/post/3m2yr4rwjhk2o,2025-10-12T13:03:05.879000+00:00,Blue Crew,58
bluesky_post,bluesky,bluebird4us.bsky.social,Good morning Bob and Blue Crew. Happy Sunday!,https://bsky.app/profile/did:plc:uqyv3jv3ivxd36uh2id64yso/post/3m2ynr22lfc2v,2025-10-12T12:02:51.280000+00:00,Blue Crew,45
bluesky_post,bluesky,pedroeh.bsky.social,#QP My edited prompt in ALT #aiart #blueskyart #digitalart #aicommunity #illustration #characterdesign #retro #oilpainting #headphones #walkman,https://bsky.app/profile/did:plc:ovqwsunojph2ic3etzlyczmj/post/3m2ymr5fmys23,2025-10-12T11:45:06.281000+00:00,Blue Crew,143
bluesky_post,bluesky,likethe309.bsky.social,I go to the field to take the picture and I forget that if Dani from the team is there she makes me be in the photo so I'm awkwardly on the side of the wall with the players and not the rest of Blue Crew 😂,https://bsky.app/profile/did:plc:5m6qafgvoc3xfyrfjh3cvf3u/post/3m2xrbxygqk2z,2025-10-12T03:33:18.483000+00:00,Blue Crew,205
bluesky_post,bluesky,kcbluecrew.com,Congrats to the TemVP herself for being the September Blue Crew Player of the Month!,https://bsky.app/profile/did:plc:3lt3iwnkri6a3lwonkiw4zxx/post/3m2xr7auppk2z,2025-10-12T03:31:50.686000+00:00,Blue Crew,84
bluesky_post,bluesky,blazlngblade.bsky.social,"Sorta planning my Huevember this year. Going to only do a 15 day one this time. It's a little more than last year's 10 days. I did the Bargello Family last year, so maybe I can try the Barrad Crew this year? Problem is, most of them associate to a blue, so it'd be more difficult to assign colours.",https://bsky.app/profile/did:plc:sdywv2i22usyqaenfvyz3kps/post/3m2xq3oyq4k2j,2025-10-12T03:11:51.184000+00:00,Blue Crew,298
bluesky_post,bluesky,df1.bsky.social,"I'm an accidental Blue Jays fan, but if not them then Brew Crew forever baybeeeeeeeee",https://bsky.app/profile/did:plc:izu5yl7smkitos4blergzr3p/post/3m2xpi4umts25,2025-10-12T03:01:00.582000+00:00,Blue Crew,85
bluesky_post,bluesky,rawnfl.bsky.social,"Brian Daboll watched Tua Tagovailoa set fire to Mike McDaniel’s seat and smiled https://www.rawchili.com/nfl/441531/ New York Giants head coach Brian Daboll is currently on an employment-by-week basis. One week, he looks every…",https://bsky.app/profile/did:plc:vjr7alppw4htiuieppbc5ow3/post/3m2zrhpe4242c,2025-10-12T22:41:51.879000+00:00,Giants,227
bluesky_post,bluesky,premonitions.bsky.social,Literally me with the Giants and we beat the Eagles in primetime so I literally cannot complain,https://bsky.app/profile/did:plc:6soqigjg2niwd4suys2t72e3/post/3m2zr37xyr225,2025-10-12T22:34:52.482000+00:00,Giants,95
bluesky_post,bluesky,tiffstwisted.bsky.social,Giants and Jets play in Jersey anyway. So yes.,https://bsky.app/profile/did:plc:bcnt77fpd4v3duwilunwm4rn/post/3m2zqlcylik2y,2025-10-12T22:25:58.783000+00:00,Giants,46
bluesky_post,bluesky,kitnkadoodle.bsky.social,"I said I was going to work on my comic this weekend, and I have been but I also needed to draw my new dnd Character, Marrowyn, the Fairy Barbarian. They were raised by giants. Their mantra? “Speak loudly and carry a big stick(pointy) stick” you gotta talk loud when you are 2 ft tall! #fairy #dndoc",https://bsky.app/profile/did:plc:74ovtd54qeddwvty7qf3muvt/post/3m2zql5uflk2q,2025-10-12T22:25:57.086000+00:00,Giants,298
bluesky_post,bluesky,wealthandlaw.bsky.social,Good U20 World Cup for the USMNT. They looked good technically throughout. Play like giants against Italy. They just got out fixed by a very dangerous Morocco team. There’s no shame in making the quarters. I’d still like to see more of these guys jump to Europe.,https://bsky.app/profile/did:plc:3amlvpem2wq2tw22l5gn6mci/post/3m2zqgky4fs2b,2025-10-12T22:23:19.882000+00:00,Giants,262
bluesky_post,bluesky,peeweebonbunzi.bsky.social,Cam Skattebo is a running back for the New York Giants. I need to start watching sports . GOOD PLOTS... 🤤,https://bsky.app/profile/did:plc:uyvvd3dhs2n5k7rt4audgm73/post/3m2zpy3twcs2i,2025-10-12T22:15:17.883000+00:00,Giants,105
bluesky_post,bluesky,irishstar.com,"New York Giants co-owner John Mara said that not even ""all the chemo and all the radiation in the world͏"" could have the same effect as watching his team beat the Philadelphia Eagles on Thursday.",https://bsky.app/profile/did:plc:vfnmgxg2yscfliemmcxzyfyh/post/3m2zptskgvz2t,2025-10-12T22:12:50.282000+00:00,Giants,195
bluesky_post,bluesky,tuxedohatcat.bsky.social,"I would not at all have guessed that after six games, the Giants would be moving in a better direction than the Ravens.",https://bsky.app/profile/did:plc:if3xsjlqdsvg7hblyu437mlp/post/3m2zpipo7422i,2025-10-12T22:06:37.678000+00:00,Giants,119
bluesky_post,bluesky,tech-insider.bsky.social,"DeepSeek's AI model is a game-changer! 🚀 Lower costs, high performance—this shakes up the market. Time for giants to innovate or get left in the dust! 💥 #AI #Disruption #TechRevolution",https://bsky.app/profile/did:plc:w66i2xfq435aqbr5znpkucmx/post/3m2zovjybom2e,2025-10-12T21:55:54.182000+00:00,Giants,184
bluesky_post,bluesky,phillywannabgm.bsky.social,"The Za'Darius Smith acquisition seems it may not pan out. Vs the Giants he moved almost like a DT out there. And in some of his best plays so far with us this season, he was largely a beneficiary of other players' strong play around him.",https://bsky.app/profile/did:plc:q3vieytpa7uej566mn3c2ohm/post/3m2zotjevrc23,2025-10-12T21:54:49.282000+00:00,Giants,237
bluesky_post,bluesky,tylercuddletail.bsky.social,Probably not because Newfoundland are pretty much gentle giants who are pretty chill and cuddly despite their size and Samoyed are hyper as Hell(RIP Madison!)!,https://bsky.app/profile/did:plc:3zut6eq3yrka3b2dhqdqkqdm/post/3m2zok5h7s22c,2025-10-12T21:49:33.186000+00:00,Giants,159
bluesky_post,bluesky,rawnfl.bsky.social,"Eagles legend rips ‘disgusting’ show as Giants rookies dictate Vic Fangio’s unit https://www.rawchili.com/nfl/441424/ The Philadelphia Eagles’ defense has always prided itself on a certain brand of football. It’s a blue-collar, punch-you-in-the-mouth…",https://bsky.app/profile/did:plc:vjr7alppw4htiuieppbc5ow3/post/3m2zo43svab2y,2025-10-12T21:41:40.978000+00:00,Giants,251
bluesky_post,bluesky,rawmlb.bsky.social,Rafael Devers Skips Giants 1B Workout as Concerns Mount: Report https://www.rawchili.com/mlb/376626/ The San Francisco Giants shocked the baseball world well before the trade deadline when they acquired superstar slugger…,https://bsky.app/profile/did:plc:lgxwokjfnegutejxknkdpqwj/post/3m2zo25e4df2p,2025-10-12T21:40:35.580000+00:00,Giants,221
bluesky_post,bluesky,abc-news.bsky.social,Live: Dogs and Giants prepare to shuffle picks as Pies contact Swans star: https://www.abc.net.au/news/2025-10-13/afl-trade-period-day-six-live-updates-merrett-curnow-petracca/105883736,https://bsky.app/profile/did:plc:apfdkzikljmptk6qiex35swy/post/3m2znzyvxv72t,2025-10-12T21:40:30.579000+00:00,Giants,185
bluesky_post,bluesky,aaronmasher.bsky.social,I was going more for “The Giants are the only NFC East team that won this week.” 😂,https://bsky.app/profile/did:plc:oseearo7ifol4ubs5kt23p4c/post/3m2znyuqrxs2t,2025-10-12T21:39:52.784000+00:00,Giants,82
bluesky_post,bluesky,theonlystowie.bsky.social,"Maybe we take sports away from New York. Seems like they don't deserve any of them. Leave the Giants and Jets, I guess, but Buffalo is clearly a Canadian team.",https://bsky.app/profile/did:plc:6xverrfvnuui3melznem72rx/post/3m2znumdjik2b,2025-10-12T21:37:28.480000+00:00,Giants,159
bluesky_post,bluesky,aaronmasher.bsky.social,Giants beat the Eagles. Cowboys lost to the Panthers. Bears have the chance to do the funniest thing tomorrow night. XD,https://bsky.app/profile/did:plc:oseearo7ifol4ubs5kt23p4c/post/3m2znrxkh522t,2025-10-12T21:36:00.486000+00:00,Giants,119
bluesky_post,bluesky,baseballobserver.bsky.social,The Ownership Control Of The San Francisco Giants,https://bsky.app/profile/did:plc:ffosahlappkc7nfhcip7kyrn/post/3m2znrkciku2z,2025-10-12T21:35:46.579000+00:00,Giants,49
bluesky_post,bluesky,boxscores.bsky.social,"May 12, 2009 Giants rookie Pablo Sandoval hits his first career walk-off home run.",https://bsky.app/profile/did:plc:mniotwrpthg2abnakgzeq4z7/post/3m2znf5u4uc2f,2025-10-12T21:28:53.282000+00:00,Giants,82
bluesky_post,bluesky,drnereide.bsky.social,"Close! Gas giants form by accreting gas and dust, but Cha 1107-7626 is a rogue planet with no star, undergoing an extreme burst of 6 billion tonnes per second, driven by gravity and magnetic fields. It may have formed more like a star, according to the research paper!",https://bsky.app/profile/did:plc:5odp2okktic3ychbdqiw3kxi/post/3m2zn4mgmic2x,2025-10-12T21:24:05.078000+00:00,Giants,268
bluesky_post,bluesky,spacemonkeygleek.bsky.social,"Trump’s raids drive profits for private prison giants like GEO/CoreCivic—funded by BlackRock & big real estate investors. Mass detentions mean big money, tying policy to Wall Street’s prison pipeline. Sources in thread. bsky.app/profile/spac...",https://bsky.app/profile/did:plc:7viwbtamjdkigvjvfn3f4yo5/post/3m2zmwxxlpc2f,2025-10-12T21:20:55.278000+00:00,Giants,244
bluesky_post,bluesky,thatericalper.com,Alter Bridge return with their self-titled eighth album on Jan 9 via Napalm Records. The rock giants hit Europe for the What Lies Within Tour with Daughtry and Sevendust. zurl.co/rDNTh,https://bsky.app/profile/did:plc:vax23oilyd4ui2kmqkzupio5/post/3m2zmvfkoz327,2025-10-12T21:20:02.478000+00:00,Giants,184
bluesky_post,bluesky,takeoutoracle.bsky.social,Giants tremble at your approach. A wise hand knows when to fold.,https://bsky.app/profile/did:plc:z7lyiaxap3hf4yfpilukphj4/post/3m2zmuxpmsn2q,2025-10-12T21:19:47.384000+00:00,Giants,64
bluesky_post,bluesky,courtrum.bsky.social,Social media giants to meet with Communications Minister Anika Wells www.abc.net.au/news/2025-10...,https://bsky.app/profile/did:plc:vig4tosd27qn7pns6qlgc5vr/post/3m2zmgtz5ps2v,2025-10-12T21:11:49.178000+00:00,Giants,99
bluesky_post,bluesky,sixfootgallery.bsky.social,"📸 : BNA by Amy Kelly | gel prints + paper on canvas, 95cmx200cm £NFS Read more about Amy's work and practice on our blog, link in bio, and see her work as part of our annual autumn open call, Future/Past, running Sept 30th to Oct 14th at Six Foot Gallery. #sfg #sfgglasgow #FuturePast #scotland",https://bsky.app/profile/did:plc:wzr23jf7jhemx5fqv5vuhdaw/post/3m2ynpfvhvk2f,2025-10-12T12:01:55.581000+00:00,SFG,294
bluesky_post,bluesky,remembersomeguys.bsky.social,Marquis Grissom CF Debut: 1989 - Retired: 2005 LAD - MIL - CLE - SFG - ATL - MON,https://bsky.app/profile/did:plc:bpliuzjiw2r7q4gr4hnmtrnc/post/3m2xsb3g5262z,2025-10-12T03:50:43.084000+00:00,SFG,80
bluesky_post,bluesky,milesgrant.bsky.social,Had to look up Hartenstein’s age here - 35 - and look at that **7 year** gap between stints in the show! www.baseball-reference.com/register/pla...,https://bsky.app/profile/did:plc:vaojn6dh7vd76ggnd2zlzu5o/post/3m2wgw5hlz22l,2025-10-11T14:55:07.785000+00:00,SFG,147
bluesky_post,bluesky,remembersomeguys.bsky.social,Scooter Gennett 2B Debut: 2013 - Retired: 2019 CIN - SFG - MIL,https://bsky.app/profile/did:plc:bpliuzjiw2r7q4gr4hnmtrnc/post/3m2wdczwqj32e,2025-10-11T13:50:42.783000+00:00,SFG,62
bluesky_post,bluesky,sixfootgallery.bsky.social,"📸 : Illusion by Noru Innes | mixed media, 26cm x 100cm £590 Read more about Noru's work and practice on our blog, link in bio, and see her work as part of our annual autumn open call, Future/Past, running Sept 30th to Oct 14th at Six Foot Gallery. #sfg #sfgglasgow #FuturePast #scotland #glasgow",https://bsky.app/profile/did:plc:wzr23jf7jhemx5fqv5vuhdaw/post/3m2w5g7vscl2h,2025-10-11T12:05:07.682000+00:00,SFG,295
bluesky_post,bluesky,tracy-dogmom.bsky.social,"Rooting for the Dodgers?!? Lou seal, turn in your SFG Union card!!",https://bsky.app/profile/did:plc:ccsdnectreyqyfcioo5zbx7z/post/3m2vget4nv22x,2025-10-11T05:12:44.582000+00:00,SFG,66
bluesky_post,bluesky,jewelsnbinoculars.bsky.social,"It's from this Feinsand article. Giants mentioned as one of the five teams that checked in last offseason, and in one sentence, he theorizes a Devers/Alonso 1B/DH share for '26. Reads like a casual aside from an East Coast writer who doesn't follow SFG prospects, IMO. But it'll be gospel to some.",https://bsky.app/profile/did:plc:mqj64se2243vn7e5264inok2/post/3m2ubiswyyc2d,2025-10-10T18:12:52.677000+00:00,SFG,297
bluesky_post,bluesky,glennclarkradio.bsky.social,"Gregg Olson on Bob Melvin/Orioles manager opening: ""I think he'd be a good fit. He's very good at what he does. I was shocked he got fired, [SFG] sold at the deadline, and he had them in the playoff hunt.""",https://bsky.app/profile/did:plc:cfw6kx7edsipq6izhxv33xap/post/3m2tzrqoj3x2z,2025-10-10T15:54:39.481000+00:00,SFG,205
bluesky_post,bluesky,sixfootgallery.bsky.social,"📸 : From Bones to Ash by Sara Oussaiden | fired stoneware, black sand, 150cm x 150cm x 70cm £860 We have beautiful print packs of From Bones to Ash priced at £12 available at the gallery office. Stop in and pick one up, or drop us an email if you'd like us to reserve one for you. #sfg #FuturePast",https://bsky.app/profile/did:plc:wzr23jf7jhemx5fqv5vuhdaw/post/3m2tmxbevd622,2025-10-10T12:05:07.078000+00:00,SFG,297
bluesky_post,bluesky,ph03n1x24.bsky.social,Scott Bessent REVEALS major news about state of US deficit www.youtube.com/watch?v=sFG-...,https://bsky.app/profile/did:plc:rygk4qnkcst6ylnz3nxuwt3c/post/3m2srj5emdc2j,2025-10-10T03:54:04.383000+00:00,SFG,90
bluesky_post,bluesky,jewelsnbinoculars.bsky.social,The winner automatically wins the World Series? (Houston 2022; SFG 2014),https://bsky.app/profile/did:plc:mqj64se2243vn7e5264inok2/post/3m2sikqlabs2b,2025-10-10T01:13:51.396000+00:00,SFG,72
bluesky_post,bluesky,joqatana.bsky.social,It’s a TRAGED// I mean travesty. Mill Value NEEDS 2 Whole Foods and a full sized clone within 2 miles of each other. At least the 2 Safeways are on opposite sides of the freeway.,https://bsky.app/profile/did:plc:klvxqltti65uhegpc2wshar3/post/3m2sg7k6nsc23,2025-10-10T00:31:50.298000+00:00,SFG,178
bluesky_post,bluesky,keelan562.bsky.social,This veiny MF'er...The original Ultimate Weapon/”Oh shit!” moment inspiration itself! Another badass sculpt by SFG. I just hope my paint job did the character justice #REBHFun,https://bsky.app/profile/did:plc:6mq5y24idudxzwlbc4y65ehk/post/3m2s3rooudk2h,2025-10-09T21:25:41.294000+00:00,SFG,175
bluesky_post,bluesky,sixfootgallery.bsky.social,"📸 : The Frame Within | oil on canvas, 130x210 £1870 0cm £90 Read more about Bianca Patania's work and practice on our blog, link in bio, and see her work as part of our annual autumn open call, Future/Past, running Sept 30th to Oct 14th at Six Foot Gallery. #sfg #FuturePast #glasgow #art",https://bsky.app/profile/did:plc:wzr23jf7jhemx5fqv5vuhdaw/post/3m2r4ii4iws22,2025-10-09T12:05:11.159000+00:00,SFG,288
bluesky_post,bluesky,dgsoziologie.mastodon.social.ap.brid.gy,Stellenmarkt: Referent*in (w/m/d) für den Bereich Männlichkeitsperspektiven in Kirche und Theologie https://bewerbung.ekd.de/jobposting/4cedbd26bdc4daab73cf52d3292e481d9f7044210 Studienzentrum der EKD für Genderfragen in Kirche und Theologie (SfG) als unselbständige Einrichtung der evangelischen […],https://bsky.app/profile/did:plc:imw2n6nnw6x3yse26b5zbwfv/post/3m2qtbffxzxc2,2025-10-09T09:20:17.758000+00:00,SFG,300
bluesky_post,bluesky,remembersomeguys.bsky.social,Derek Holland Pitcher Debut: 2009 - Retired: 2021 DET - TEX - CHC - SFG - PIT - CHW,https://bsky.app/profile/did:plc:bpliuzjiw2r7q4gr4hnmtrnc/post/3m2qhkvzm6n2m,2025-10-09T05:50:43.756000+00:00,SFG,83
bluesky_post,bluesky,remembersomeguys.bsky.social,Scooter Gennett 2B Debut: 2013 - Retired: 2019 MIL - CIN - SFG,https://bsky.app/profile/did:plc:bpliuzjiw2r7q4gr4hnmtrnc/post/3m2pth6g6rx2s,2025-10-08T23:50:43.360000+00:00,SFG,62
bluesky_post,bluesky,keelan562.bsky.social,This is one of my favorite G-Type forms of William Birkin. SFG did an AMAZING job capturing the details that make it so menacing on such a tiny scale #REBHFun,https://bsky.app/profile/did:plc:6mq5y24idudxzwlbc4y65ehk/post/3m2psjqsmvk2x,2025-10-08T23:34:27.054000+00:00,SFG,158
bluesky_post,bluesky,remembersomeguys.bsky.social,Frank Duffy SS Debut: 1970 - Retired: 1979 CIN - BOS - SFG - CLE,https://bsky.app/profile/did:plc:bpliuzjiw2r7q4gr4hnmtrnc/post/3m2pmqmgrhe2v,2025-10-08T21:50:43.958000+00:00,SFG,64
bluesky_post,bluesky,santafegroup.bsky.social,"Welcome to SFG Spotlight! Leaders in our community share what they’re seeing, learning, and changing in oral health. 🎧 Listen to Dr. Gina Thornton-Evans’ message (5 min): youtu.be/nzhYWSxGCUw 💡 Who should we feature next? #oralhealth #equity #leadership",https://bsky.app/profile/did:plc:7mpmeetbnza6ygsalbnsljtp/post/3m2pit6pucs2f,2025-10-08T20:40:39.965000+00:00,SFG,253
bluesky_post,bluesky,biof-great.bsky.social,"☀️ Your Brain Needs a Tan, Too! 🧠 Are you coming to San Diego for the SFG Annual Meeting (Nov 9–12), so why not make the most of it? Jump straight into the focused, high-impact Workshops! Sign up today to take advantage of all the #glycotime goodness www.glycobiology.org/annual-meeting",https://bsky.app/profile/did:plc:uzd476xss4ec7tdv3b4mh6sy/post/3m2p52tbpws2l,2025-10-08T17:10:07.259000+00:00,SFG,286
bluesky_post,bluesky,sfglycobiology.bsky.social,"🚨 Don't Miss These Dynamic Workshops at the SFG 2025 Annual Meeting! 🚨 Workshops and satellite sessions start on Sunday, November 9 and continue over lunch on Monday, November 10. For all details and registration check out the programme at a glance ⬇️ sfg.memberclicks.net/2025-annual-...",https://bsky.app/profile/did:plc:7vgzrpt5mq7ichj64b3w5yad/post/3m2p2og33ec2l,2025-10-08T16:28:03.022000+00:00,SFG,288
bluesky_post,bluesky,il-nb.bsky.social,Experimental entanglement swapping through single-photon χ(2) nonlinearity https://www.newsbeep.com/il/61555/ The SFG-BSA configuration Figure 1a shows a schematic of the SFG-BSA setup. A type-0 PPLN/W is incorporated in a…,https://bsky.app/profile/did:plc:csavaxh22gpbxsn65pd6a66l/post/3m2p2ckelu42e,2025-10-08T16:20:45.662000+00:00,SFG,223
bluesky_post,bluesky,rawmlb.bsky.social,"Grading the SF Giants back-end starters in 2025 https://www.rawchili.com/mlb/376575/ Outside of the SF Giants four starters who spent the majority of the year in the rotation, San…",https://bsky.app/profile/did:plc:lgxwokjfnegutejxknkdpqwj/post/3m2zlspnzvk27,2025-10-12T21:00:38.483000+00:00,SF Giants,180
bluesky_post,bluesky,rawmlb.bsky.social,Could fixing SF Giants bullpen be as simple as bringing back a pair of twins? https://www.rawchili.com/mlb/376527/ The SF Giants need to rebuild their bullpen this offseason. There are a number of avenues they could…,https://bsky.app/profile/did:plc:lgxwokjfnegutejxknkdpqwj/post/3m2zjlre5kq2l,2025-10-12T20:20:57.482000+00:00,SF Giants,216
bluesky_post,bluesky,nightstirrings.bsky.social,"My team (SF Giants) got eliminated before the playoffs. As a Giants fan, we root for anyone but LA. Longstanding rivalry between LA and Giants. These few weeks are bittersweet to me, as the season comes to a close. On the other hand, playoff baseball is the best!",https://bsky.app/profile/did:plc:zycxggmlwehcqrghwt3kyc2j/post/3m2zjh26in22p,2025-10-12T20:18:17.976000+00:00,SF Giants,263
bluesky_post,bluesky,rawmlb.bsky.social,"Grading the SF Giants starting rotation pitchers in 2025 https://www.rawchili.com/mlb/376372/ The 2025 season is under wraps, and it’s time to grade every SF Giants player from 2025. Without…",https://bsky.app/profile/did:plc:lgxwokjfnegutejxknkdpqwj/post/3m2zcup2bvk26,2025-10-12T18:20:41.283000+00:00,SF Giants,191
bluesky_post,bluesky,rawmlb.bsky.social,"Young SF Giants hurler might have pitched well enough to retain bulk innings role in 2026 https://www.rawchili.com/mlb/376270/ The SF Giants will need to rebuild the bullpen this offseason. However, one role is likely fine as…",https://bsky.app/profile/did:plc:lgxwokjfnegutejxknkdpqwj/post/3m2z6g2b6co26,2025-10-12T17:00:54.584000+00:00,SF Giants,226
bluesky_post,bluesky,chessercat.bsky.social,"The first time the Giants made it to the World Series, I was on a cross-country flight. When I changed planes, a ton of people were going to SF last minute and must’ve been buying scalped tickets, maybe online, probably by the park, so with a ton of cash, and it was like how I imagine the 1940s",https://bsky.app/profile/did:plc:cgfmul7redcnsd2hyavl6xv3/post/3m2y5jrtqhk2l,2025-10-12T07:12:26.406000+00:00,SF Giants,295
bluesky_post,bluesky,mikepbeatty.bsky.social,I still call where the SF Giants play Pac Bell Park. It’s been years. 😀,https://bsky.app/profile/did:plc:awqyu4c2yfwysvlewgacvtp5/post/3m2xqiqdins2q,2025-10-12T03:19:12.981000+00:00,SF Giants,71
bluesky_post,bluesky,rawmlb.bsky.social,"Potential SF Giants target reportedly expected to opt out of contract https://www.rawchili.com/mlb/375250/ Free agency could get a little more interesting for the SF Giants. According to Jorge Castillo of ESPN,…",https://bsky.app/profile/did:plc:lgxwokjfnegutejxknkdpqwj/post/3m2xhorx2pw2c,2025-10-12T00:41:32.280000+00:00,SF Giants,211
bluesky_post,bluesky,rawmlb.bsky.social,Cubs leaning heavily on two forgotten former SF Giants pitchers in playoffs https://www.rawchili.com/mlb/375121/ The Chicago Cubs will take on the Milwaukee Brewers in a pivotal Game 5 tonight. They will be…,https://bsky.app/profile/did:plc:lgxwokjfnegutejxknkdpqwj/post/3m2xawnjpon2k,2025-10-11T22:40:39.486000+00:00,SF Giants,207
bluesky_post,bluesky,rawmlb.bsky.social,"Grading every SF Giants outfielder from the 2025 season https://www.rawchili.com/mlb/374976/ With the 2025 season now in the rearview mirror, let’s look back and grade every SF Giant’s outfielder…",https://bsky.app/profile/did:plc:lgxwokjfnegutejxknkdpqwj/post/3m2x27y5gsu2o,2025-10-11T20:40:36.385000+00:00,SF Giants,196
bluesky_post,bluesky,cardinallove.bsky.social,"My team (SF Giants) didn't make it so I choose to cheer the Mariners for the whole series. It was an awesome game yesterday! It's nice to cheer for a West Coast team. If anyone says then why don't you cheer for the Dodgers? Never, ever, ever.....Ever will I cheer for the dirty dodgers.",https://bsky.app/profile/did:plc:5hysdprrxu4spiqvp7rse7y3/post/3m2wzpp3lak2q,2025-10-11T20:31:30.586000+00:00,SF Giants,286
bluesky_post,bluesky,sfnews.bsky.social,“San Francisco Giants Signing Cody Bellinger In MLB Free Agency” — TWSN Sports #SFNews #SF #Giants,https://bsky.app/profile/did:plc:66gmtooinhi4jxzimsquamqs/post/3m2wtmcxdv72i,2025-10-11T18:42:14.682000+00:00,SF Giants,98
bluesky_post,bluesky,rawmlb.bsky.social,Extra-inning playoff thriller recalls SF Giants 18-inning epic https://www.rawchili.com/mlb/374774/ Friday night saw a MLB playoff classic as the Seattle Mariners and Detroit Tigers went 15 innings in…,https://bsky.app/profile/did:plc:lgxwokjfnegutejxknkdpqwj/post/3m2wrcjg5l223,2025-10-11T18:00:58.285000+00:00,SF Giants,201
bluesky_post,bluesky,rawmlb.bsky.social,SF Giants reportedly expected to be the mix for soon-to-be-posted NPB slugger https://www.rawchili.com/mlb/374613/ Could the SF Giants make a big splash this winter by adding a slugger from the Nippon Professional…,https://bsky.app/profile/did:plc:lgxwokjfnegutejxknkdpqwj/post/3m2wjh7bmzm27,2025-10-11T15:40:25.585000+00:00,SF Giants,214
bluesky_post,bluesky,austinlawhead.bsky.social,"the mariners are going to the WS because every time I move to a new region or city- within a year one of their teams win unexpectedly. SF-giants begin their streak. Oakland- warriors begin their winning streak. Seattle- Seahawks make it to the SB. DC- Nats win WS. Now, back in the PNW- it’s destiny",https://bsky.app/profile/did:plc:g6sewprngqj6g342drluhdes/post/3m2wgvuoivc2r,2025-10-11T14:54:56.580000+00:00,SF Giants,299
bluesky_post,bluesky,rawmlb.bsky.social,"One low-hanging fruit to upgrade the SF Giants offense in 2026 https://www.rawchili.com/mlb/374470/ Earlier this week, we looked at three roster areas the SF Giants need to upgrade this offseason. On…",https://bsky.app/profile/did:plc:lgxwokjfnegutejxknkdpqwj/post/3m2wbmd57t326,2025-10-11T13:20:06.984000+00:00,SF Giants,200
bluesky_post,bluesky,a2koc.bsky.social,"SF Giants fan here. This team has 2010 vibes and I don’t know whether to fear or admire it, so I choose to decide it’s f*cking fun and root accordingly.",https://bsky.app/profile/did:plc:de32ocziktmiscmrcleuluzf/post/3m2vmaezh722z,2025-10-11T06:57:38.078000+00:00,SF Giants,152
bluesky_post,bluesky,normaforukrain.bsky.social,We are in So CA in our family room watching tv. We cannot believe it each team needs only One friggin run. We want Mariners but either one now. We are SF Giants fans.⚾️⚾️⚾️⚾️,https://bsky.app/profile/did:plc:4hhxfexig2densmqetl2qhb7/post/3m2vfiiv7hk2y,2025-10-11T04:56:54.480000+00:00,SF Giants,174
bluesky_post,bluesky,rpicado.bsky.social,"Once we were watching a SF Giants game and our TV went out. No problem, we went to the sports bar to watch. Stayed til the 12th inning, then decided to go buy a new TV. We bought one, got home, and set it up. Game was in the 16th. Watched until Brandon Belt hit a homer in the 18th to win. Crazy!",https://bsky.app/profile/did:plc:wrffkejzcdeq6aal4nr34pmt/post/3m2vf4b2twc26,2025-10-11T04:50:05.180000+00:00,SF Giants,296
bluesky_post,bluesky,vjmfilms.bsky.social,"Apropos nothing in particular, at the NYFF the Nationals and Giants were playing in the NLDS. In Game 2, the Nats had a 1-0 lead as I watched the 8th and knew I had time to see game end in the 9th, but SF tied it and I had to go in to INHERENT VICE. When I came out, the game was still going on.",https://bsky.app/profile/did:plc:yz3wdmixxtyg4h7m5wxmxmvp/post/3m2vdnbggdk2f,2025-10-11T04:23:46.879000+00:00,SF Giants,295
bluesky_post,bluesky,robertcruickshank.com,"To explain it to my fellow SF Giants fans: It's like Torture from 2010, but about ten thousand times worse.",https://bsky.app/profile/did:plc:h4ugqjnmsporhkobvqbcbo2p/post/3m2v6ph7ekk2a,2025-10-11T02:55:31.178000+00:00,SF Giants,107
bluesky_post,bluesky,uncle6.org,"Ms Kimes, true story, you have to stop before you hit wrist signed, SF giants fan in 2010",https://bsky.app/profile/did:plc:abdfjzceo2n4h2gjzpe735gy/post/3m2v5bedc5c2o,2025-10-11T02:29:44.578000+00:00,SF Giants,89
bluesky_post,bluesky,rawmlb.bsky.social,Remembering likely new SF Giants manager’s infamous dust-up with Yasiel Puig https://www.rawchili.com/mlb/373649/ The reported frontrunner to be the next manager of the SF Giants is former backup catcher Nick Hundley.…,https://bsky.app/profile/did:plc:lgxwokjfnegutejxknkdpqwj/post/3m2uycesxje2y,2025-10-11T01:00:50.480000+00:00,SF Giants,218
bluesky_post,bluesky,rawmlb.bsky.social,How Buster Posey can give SF Giants pitching staff a facelift in offseason https://www.rawchili.com/mlb/373407/ SF Giants president of baseball operations Buster Posey has made it very clear that a key offseason goal…,https://bsky.app/profile/did:plc:lgxwokjfnegutejxknkdpqwj/post/3m2uobda3nd2l,2025-10-10T22:01:17.183000+00:00,SF Giants,217
bluesky_post,bluesky,oneofthesurvivors.bsky.social,Uker and Cary knew how to do it. It's been meek since. Maybe the SF Giants crew in the early 2000s could cut it,https://bsky.app/profile/did:plc:rolh4dr34i2bvkgeowxuyc2e/post/3m2ufw7z3y22c,2025-10-10T19:31:55.879000+00:00,SF Giants,111
bluesky_post,bluesky,yogahainen.bsky.social,"Tai SDP ja Vihreät terävöittivät strategiaansa hallituksen ja velkajarrun kampittamiseksi. Muttei voi kertoa sitä avoimesti. Valitse todennäköisempi, s’il vous-plaît",https://bsky.app/profile/did:plc:5l25y7jniv42rsexddhch7ki/post/3m2zm3kseuc2j,2025-10-12T21:05:35.387000+00:00,SDP,165
bluesky_post,bluesky,yogahainen.bsky.social,"Kukin voi miettiä seuraavien väitteiden todennäköisyyksiä: SDP ja Vihreät käänsivät äkisti pulkkansa hallituksen linjalle 1,5 vuotta ennen vaaleja, tavoitteenaan ”sosiaali-demokraattinen fasismi”. Mutta edes kaikki ko. puolueissa eivät osaa sanoa miksi.",https://bsky.app/profile/did:plc:5l25y7jniv42rsexddhch7ki/post/3m2zm2xxa3c2j,2025-10-12T21:05:16.382000+00:00,SDP,253
bluesky_post,bluesky,yogahainen.bsky.social,"Kaikkien yhteinen tavoite on tai ainakin pitäisi olla fasismin torjuminen. Seuraavissa vaaleissa se onnistuu vain siten, että sdp saa rökälevoiton jolla voi koota hallituksen, joka pystyy torjumaan fasismin nousun. Kaikki muu hysteerinen ulina vain vahvistaa hallituspuolueiden kannatusta. 🧶",https://bsky.app/profile/did:plc:5l25y7jniv42rsexddhch7ki/post/3m2zlo6wtxc2j,2025-10-12T20:58:06.580000+00:00,SDP,291
bluesky_post,bluesky,paulalaerto.bsky.social,"Joo, jos tässä on jokun salainen, looginen motiivi, niin on se niin omituinen etten sanotuksi saa. Mikä hiton lehmänkauppa siellä on? Kok+SDP-hallitus, demari pämi?",https://bsky.app/profile/did:plc:oydgtkuancw5kbn4f3hzplkr/post/3m2zc7fdgq22q,2025-10-12T18:08:46.779000+00:00,SDP,164
bluesky_post,bluesky,casstone.bsky.social,Koska tämä kuulostaa sellaiselta idealta että SDP sanoo että pitää leikata kun ovat vallassa ja Kokoomus pistää säännöt uusiksi antaakseen enemmän yritystukia heti kun joku hiukan korjannut niiden mokia.,https://bsky.app/profile/did:plc:ehuhj3ypnqkmu5rx73t3h2zc/post/3m2zbiebhqs2b,2025-10-12T17:55:53.186000+00:00,SDP,203
bluesky_post,bluesky,marth.bsky.social,"Danke CDU, SDP und FDP 👍",https://bsky.app/profile/did:plc:vuk5bcmportjfcsrnbmljwli/post/3m2z2tr2klk2y,2025-10-12T15:57:01.085000+00:00,SDP,24
bluesky_post,bluesky,jarmotus.bsky.social,Koska SDP on pikkuporvaripuolue.,https://bsky.app/profile/did:plc:pgdv6zqep3dfrhqdcfuivx42/post/3m2yzzv362c2f,2025-10-12T15:42:33.380000+00:00,SDP,32
bluesky_post,bluesky,elbierzodigital.bsky.social,🏀 El Clínica Ponferrada SDP vuelve de vacío de Córdoba (75-63),https://bsky.app/profile/did:plc:vv6voejjvqxxmz5evnzc6rdl/post/3m2yz3jikn22g,2025-10-12T15:25:35.085000+00:00,SDP,62
bluesky_post,bluesky,cordopolis.es,FOTOGALERÍA | Las imágenes del Coto Córdoba CB - Clínica Ponferrada SDP dozz.es/t6hc24,https://bsky.app/profile/did:plc:b4rmzrjzhzbs6wu2znpnbnmp/post/3m2ysvw6b372q,2025-10-12T13:35:03.081000+00:00,SDP,86
bluesky_post,bluesky,kaidemuu.bsky.social,"Sdp pohjustaa sinipunaa + valmistautuu velkavaaleihin, joissa vaaditaan ""vastuunkantoa"" ja muusta ei puhutakaan.",https://bsky.app/profile/did:plc:rzhl5vo55i3lreknx54gibc6/post/3m2yqjcs5o22a,2025-10-12T12:52:11.582000+00:00,SDP,112
bluesky_post,bluesky,tempobh.com.br,"Observações ontem: Belvedere 17,9ºC 27,5°C 49% mm; Func. 22ºC 31ºC 39% 5,3mm; São Bento 20,9ºC 26,2°C 60% 0,3mm; Cidade Jardim 20,7°C 28,8°C 51% 0,6mm; SDP 17,6ºC 30,6°C 53% mm; Ipatinga 25,3ºC 31,5°C 45%; Ouro Preto 18ºC 28ºC.",https://bsky.app/profile/did:plc:7a5jz255gf56u6xq2guowjmo/post/3m2ymj2mkuc2m,2025-10-12T11:40:28.078000+00:00,SDP,227
bluesky_post,bluesky,tempobh.com.br,"Hj, momentos de sol e nublado, chance chuva 18%, UV extremo, noite parcialmente nublado, chance chuva 6%. Temperaturas próximas às de ontem. Agora cedo 17,7°C, estação Cercardinho; estações Netatmo: SDP 18,7ºC, Ipatinga 26,3ºC; espera-se 29°C na tarde, 22°C, 20H.",https://bsky.app/profile/did:plc:7a5jz255gf56u6xq2guowjmo/post/3m2ymhjmsvc2m,2025-10-12T11:39:36.781000+00:00,SDP,263
bluesky_post,bluesky,lauspalo.com,"Niinpä, se mitä tiedämme julkisuudessa ei kyllä anna tähän mitään vastauksia. Lähetin asiasta laajasti sähköpostia, ja sain vastauksia vihr+sdp: 1) Vastustamme velkajarrua 2) Parempi osallistua ja lieventää, sillä muuten se tulisi voimakkaampana ilman meitä 2 tuntuu järjettömältä strategisesti.",https://bsky.app/profile/did:plc:l5ykcgaeg5noxtdbqiu77boo/post/3m2ymatn4w22b,2025-10-12T11:35:53.480000+00:00,SDP,295
bluesky_post,bluesky,lauspalo.com,"Koko homman ydinhän on että oikeisto haluaa sitoutumista tiukempaan talouskuriin, mutta jos SDP ja Vihreät sitä vastustavat, miksi sitoutua siihen määrämättömän pitkäksi ajaksi? Eihän neuvottelu voi toimia että oikeisto haluaa jotain, ja vasemmisto suostuu siihen 50% teholla saamatta itse mitään.",https://bsky.app/profile/did:plc:l5ykcgaeg5noxtdbqiu77boo/post/3m2ylyphe4c2b,2025-10-12T11:31:20.681000+00:00,SDP,297
bluesky_post,bluesky,lauspalo.com,"Minun on vaikea ymmärtää tätä että SDP ja Vihreät (Vas?) olisivat sitoutumassa velkajarruun eli EU:n sääntöjä kireämpään talouskuriin tuleviksi vuosikymmeniksi. Miksi ne sitoutuisivat, mikä on se asia joita he itse haluavat ja ajavat jonka he saavat sitoutumalla tähän parlamentaarisesti?",https://bsky.app/profile/did:plc:l5ykcgaeg5noxtdbqiu77boo/post/3m2ylwiy63s2b,2025-10-12T11:30:06.477000+00:00,SDP,288
bluesky_post,bluesky,dorianlynskey.bsky.social,"Even if you look at previous elections, Labour would probably have won had it gone to the polls in 1978 and 2007, the SDP would have trounced the Tories in a 1981 election, Labour lost in 1970 (expecting to win) and won in 1974 (expecting to lose), Tories feared losing in 1987, etc etc",https://bsky.app/profile/did:plc:lvbkxx4ohlaq25junuixqvkl/post/3m2yhcr26uk26,2025-10-12T10:07:29.178000+00:00,SDP,286
bluesky_post,bluesky,simolahti.bsky.social,"Se pitäisi kaikkien kuntien vaan aloittaa tulojen mukainen eläminen, palkkaaminen, jakaminen tai tukeminen! Eli Eläkää vain tulojen mukaan! Ja Politikkojen on puolitettava lakimääräykset, jolloin virkaihmisten ei tarvi jakaa kaikkea kaikille! #kunta #valtio #eduskunta #hallitus #kokoomus #sdp #kd",https://bsky.app/profile/did:plc:tsh7z3pxc56rka4o3au753tb/post/3m2ydx7jcts2z,2025-10-12T09:07:26.982000+00:00,SDP,297
bluesky_post,bluesky,groovekonna.bsky.social,"Ilmeisesti olen tuo ""aateheppu"". Mitähän aatetta mahdan edustaa? Usein kun puhutaan hallituksen talouspolitiikan vaihtoehdoista, ne määritellään vasemmistolaisiksi. Kuitenkaan SDP ei huoli niistä. Myös ihmisoikeuksien puolustaminen on nykyään vasemmistolaisuutta, samoin anti-fasismi. Merkillistä!",https://bsky.app/profile/did:plc:auhtkfijodvc3emmp7h42s7f/post/3m2yc6braac2l,2025-10-12T08:35:30.080000+00:00,SDP,297
bluesky_post,bluesky,dasgoat.bsky.social,"I don't like the SDP but they did have their own militia called the Iron Front that fought nazis in the streets. And communists, anarchists, monarchists. Dems could never",https://bsky.app/profile/did:plc:qds75r5ortzz4o4zmk5t44vn/post/3m2xcypox2s2s,2025-10-11T23:17:37.885000+00:00,SDP,170
bluesky_post,bluesky,wellroundednut.bsky.social,the leftwing SDP were singing kumbaya,https://bsky.app/profile/did:plc:ifcrq6sxnlp43muhbkxxu3n7/post/3m2xcwatabk2j,2025-10-11T23:16:13.785000+00:00,SDP,37
bluesky_post,bluesky,meganox.myatproto.social,I love that German antifa's criticism of the leftist SDP is basically the same as US antifa's criticism of the leftist Democrats i.e. hey guys you need to be a bit more leftist and a lot more antifa,https://bsky.app/profile/did:plc:2ksyekjzm6vw5izbacdzyovb/post/3m2xbvr44ik23,2025-10-11T22:58:03.685000+00:00,SDP,198
bluesky_post,bluesky,hannahgais.bsky.social,"Hey, what was happening in Germany in the 1930s? I forget.",https://bsky.app/profile/did:plc:rpe6pcxtult5zx2ossmkqxp3/post/3m2x7vbbgbs2j,2025-10-11T22:22:00.585000+00:00,SDP,58
bluesky_post,bluesky,davidmacdougall.bsky.social,"Ah. This again. Marin never made this 'proposal' when she was PM. It was never a government policy. It was never even her party's policy. She made the comments at a private Demarit event months before becoming PM. It never went anywhere, even within SDP. Thanks, New Yorker soft-ball feature. *sigh*",https://bsky.app/profile/did:plc:6xmz5uujbwjrvtrl4pgg4baw/post/3m2wxhrc74c2o,2025-10-11T19:51:19.583000+00:00,SDP,299
bluesky_post,bluesky,rawnhl.bsky.social,"Bo Martina Scored Two Goals In Friars’ 3-1 Victory Over Sacred Heart https://www.rawchili.com/nhl/240165/ PROVIDENCE, R.I. – The Providence College field hockey team defeated Sacred Heart, 3-1, on Sunday, Oct. 12 at Lennon…",https://bsky.app/profile/did:plc:nlu4psqeoqzp2a37vkg4btxw/post/3m2zcxvzqbg2x,2025-10-12T18:22:30.179000+00:00,Friars,223
bluesky_post,bluesky,fra-angelico.bsky.social,Madonna of Mercy with Kneeling Friars https://www.wikiart.org/en/fra-angelico/madonna-of-mercy-with-kneeling-friars,https://bsky.app/profile/did:plc:3hckrzfp32ivmyn656myvhcs/post/3m2z7iau2oo2x,2025-10-12T17:20:03.479000+00:00,Friars,115
bluesky_post,bluesky,anica.com.br,pessoal fazendo fila pra tirar foto de túmulo no greyfriars pq o nome na lápide serviu de inspiração para nome de personagem de HP 🤦‍♀️,https://bsky.app/profile/did:plc:upyapptxfoj2z3jipbxlehzk/post/3m2z6mj2fzs2d,2025-10-12T17:04:36.685000+00:00,Friars,135
bluesky_post,bluesky,gregfdn.bsky.social,Today's ONE WORD from Friars Jack and Greg...,https://bsky.app/profile/did:plc:qjwxjz6ayvjyvphqx5hln4rs/post/3m2z3xweki22w,2025-10-12T16:17:16.087000+00:00,Friars,45
bluesky_post,bluesky,phaseblowly.bsky.social,"Damn, I was heretofore unaware of my RSM homies role at Broadview. I’m not surprised, tho.",https://bsky.app/profile/did:plc:h2enf5trzwhz6nzbedqokjy6/post/3m2yqwljkhs2g,2025-10-12T12:59:38.179000+00:00,Friars,90
bluesky_post,bluesky,wycombegigs.co.uk,"#OTD Thursday 12th October 1978 Tom Robinson Band + Stiff Little Fingers Friars, Aylesbury 'Out of the Darkness' tour featuring the very raw SLF support in place of Third World 🔥 Full list of tour dates from the famous TRB newsletters sent out free via snail mail 📮✊️ @tomrobinson.com",https://bsky.app/profile/did:plc:ytowf5uz6wozuxpqlxwa5poq/post/3m2yl4bmywk2n,2025-10-12T11:15:27.384000+00:00,Friars,284
bluesky_post,bluesky,paultype5.bsky.social,"It's Canada geese here, returning to the pond at The Friars after a day out.",https://bsky.app/profile/did:plc:p2f2ycoe5cmy4fg2cll7dsln/post/3m2y63navhk2z,2025-10-12T07:22:27.581000+00:00,Friars,76
bluesky_post,bluesky,anonymouseagle.bsky.social,"Not only am I being subjected to the Brewers leading, but I have to watch Providence Friars propaganda by way of Amica ads during the commercial breaks? Not cool, universe",https://bsky.app/profile/did:plc:fiyewcgadozczveyast4qzgd/post/3m2xnqmsdlc2w,2025-10-12T02:29:56.085000+00:00,Friars,171
bluesky_post,bluesky,hooverstreetrag.org,"And it's a 3-1 final, so Michigan sweeps the pair from the Friars. They're back home Thursday and Friday for a pair with the resurrected Bobby Mo (Robert Morris (PA)).",https://bsky.app/profile/did:plc:y3caxnlaf3dzjx6u7e7a7y67/post/3m2xk6vgti22q,2025-10-12T01:26:21.183000+00:00,Friars,167
bluesky_post,bluesky,hooverstreetrag.org,"Under 4 minutes left in the Ocean State, and Michigan holds a 3-1 lead. Friars will need to pull the goalie soon, see if they can Tuck one in to get back into it.",https://bsky.app/profile/did:plc:y3caxnlaf3dzjx6u7e7a7y67/post/3m2xjrbrdkc2q,2025-10-12T01:18:43.085000+00:00,Friars,162
bluesky_post,bluesky,rawmlb.bsky.social,"MLB Punishes 2 Friars, Infielder Gets Suspension, Jarren Duran Trade? https://www.rawchili.com/mlb/375027/ Following Game 3 of the National League Wild Card series, San Diego Padres players Xander Bogaerts and Jose…",https://bsky.app/profile/did:plc:lgxwokjfnegutejxknkdpqwj/post/3m2x4i73a3b2y,2025-10-11T21:21:00.381000+00:00,Friars,215
bluesky_post,bluesky,fridaynightdrive.bsky.social,"Fenwick brothers Tommy and Jake Thies combined for four rushing touchdowns, while quarterback Jamen Williams threw for 210 yards and kicker Noah Sur made two field goals as the Friars beat Benet 48-7 to reach 6-1 and secure an automatic playoff berth",https://bsky.app/profile/did:plc:c34m2kgcfgbrigtvym6mwd3r/post/3m2wol4toc32f,2025-10-11T17:12:05.895000+00:00,Friars,250
bluesky_post,bluesky,wildlifewizard.bsky.social,"Cappuccino was also named as a reference to the friars’ brown robes and distinctively long and pointed hoods. The Italian word for hood is “cappuccio”. Capuchins (friars and monkeys) still exist today, but the latter are in decline, mainly due to deforestation and forest fragmentation.",https://bsky.app/profile/did:plc:rf3tikcwa77qnnyg2krbn3fe/post/3m2w7zkqn2k2b,2025-10-11T12:51:44.020000+00:00,Friars,286
bluesky_post,bluesky,wildlifewizard.bsky.social,"Capuchins (subfamily Cebinae) are small, social, intelligent new world monkeys with semi-prehensile tails. Early explorers thought the contrast of the monkeys’ dark brown bodies and cream colored necks looked like they were hooded, which reminded them of the friars’ robes and hoods. 🧵",https://bsky.app/profile/did:plc:rf3tikcwa77qnnyg2krbn3fe/post/3m2w7zkqm3c2b,2025-10-11T12:51:44+00:00,Friars,285
bluesky_post,bluesky,wildlifewizard.bsky.social,"Cappuccino… the preferred coffee of capuchins! Actually, the monkeys and the coffee beverage were both named for the Capuchin friars, a sect of the Franciscan order originating in the 16th century. 🧵 #funfact #animalfact #monkeys #coffee #conservation",https://bsky.app/profile/did:plc:rf3tikcwa77qnnyg2krbn3fe/post/3m2w7zkq4hc2b,2025-10-11T12:51:43.984000+00:00,Friars,251
bluesky_post,bluesky,gregfdn.bsky.social,Today's ONE WORD from Friars Jack and Greg...,https://bsky.app/profile/did:plc:qjwxjz6ayvjyvphqx5hln4rs/post/3m2w5fipxys2s,2025-10-11T12:04:45.184000+00:00,Friars,45
bluesky_post,bluesky,wycombegigs.co.uk,"#OTD Saturday 11th October 1980 4️⃣5️⃣ years ago Pauline Murray John Cooper-Clarke + The Invisible Girls + [The Famous] Disco Students Friars, Aylesbury An eclectic evening of #PostPunk entertainment that included John Maher on drums & Martin Hannett on synth for The Invisible Girls",https://bsky.app/profile/did:plc:ytowf5uz6wozuxpqlxwa5poq/post/3m2vrka6pls2x,2025-10-11T08:32:42.082000+00:00,Friars,283
bluesky_post,bluesky,dance-bands-bot.bsky.social,The Jackson Sisters and their Friars Inn Dance Makers,https://bsky.app/profile/did:plc:qpgboocix2rrkzdkrmwucoug/post/3m2vdd27la52m,2025-10-11T04:18:03.481000+00:00,Friars,53
bluesky_post,bluesky,dance-bands-bot.bsky.social,The King's Jesters and their Friars Inn Polka Wranglers,https://bsky.app/profile/did:plc:qpgboocix2rrkzdkrmwucoug/post/3m2v7xqz2lk2v,2025-10-11T03:18:03.582000+00:00,Friars,55
bluesky_post,bluesky,sims-mss.bsky.social,For #FragmentFriday here's a parchment leaf from a lectionary used as pastedown and front flyleaf in the binding of a late 15th century collection of papal letters regarding the order of the Eremite Friars of St. Augustine of Rouen (UPenn Ms. Codex 736) #medievalsky 🔗: https://bit.ly/3Wq9uaq,https://bsky.app/profile/did:plc:3zk6bj2juah6gmu7s6t5vkqr/post/3m2ulkcmdio2k,2025-10-10T21:12:38.381000+00:00,Friars,292
bluesky_post,bluesky,shiftingmound.bsky.social,"any princess born after 1593 cant rule. all they know is friars fat boy, execute their enemies, twerk, be bisexual, eat hot bird and lie",https://bsky.app/profile/did:plc:5rarlyxjtyvdebekunzjeyni/post/3m2u4rkmyjc2l,2025-10-10T16:48:14.487000+00:00,Friars,136
bluesky_post,bluesky,gregfdn.bsky.social,Today's ONE WORD from Friars Jack and Greg...,https://bsky.app/profile/did:plc:qjwxjz6ayvjyvphqx5hln4rs/post/3m2twov3bzc2j,2025-10-10T14:59:23.385000+00:00,Friars,45
bluesky_post,bluesky,jrye.bsky.social,"Did you know that medieval King's Lynn was home to multiple friaries - Dominicans, Franciscans, Carmelites, Austin Friars and even the obscure Friars of the Sack? These houses shaped the spiritual, social, and urban life of the town for centuries. circato.co.uk/the-lost-fri...",https://bsky.app/profile/did:plc:bgyewh62rsunk6vlc3hevr6m/post/3m2t7shrsys24,2025-10-10T08:09:50.085000+00:00,Friars,277
bluesky_post,bluesky,frcharles.bsky.social,Friars are making fun of me because I said it was more geometrically challenging to set a certain number of places on a round table than on a rectangular one. This is clearly the case so I don't get why the ridicule.,https://bsky.app/profile/did:plc:xypqxxy6ck2akbz3byzgmh4m/post/3m2saoufudn2x,2025-10-09T22:52:59.397000+00:00,Friars,216
bluesky_post,bluesky,jenniferirvinghart.bsky.social,Participating in 31DaysOfGraves has led me to fix up burial location for an Edinburgh ancestor with the help of another participant who kindly looked at the parish record & explained the header which indicates Grey Friars not Canongate & also steered me in the direction of other interesting websites,https://bsky.app/profile/did:plc:mbiludzb776iycxinaoe6evy/post/3m2rzz26rfs2k,2025-10-09T20:53:26.093000+00:00,Friars,300
bluesky_post,bluesky,thorzul.bsky.social,Kilt Lifter! Mrs. Thorzul and I got a nice buzz going from that stuff in Phoenix before going to a Diamondbacks game in 2007. Haven’t seen it since.,https://bsky.app/profile/did:plc:l54fk7wfa64k4k2kmkghxjwu/post/3m2zpqdxnck2z,2025-10-12T22:10:53.781000+00:00,Diamondbacks,148
bluesky_post,bluesky,rawmlb.bsky.social,How D-backs’ Rotation Was Surprisingly Stable in 2025 https://www.rawchili.com/mlb/376477/ There is no debating that the Arizona Diamondbacks were heavily impacted by injuries in 2025. The vast majority…,https://bsky.app/profile/did:plc:lgxwokjfnegutejxknkdpqwj/post/3m2zhdpzssk2y,2025-10-12T19:40:40.678000+00:00,Diamondbacks,203
bluesky_post,bluesky,rawmlb.bsky.social,"How D-backs Began to Turn 2025 Around https://www.rawchili.com/mlb/376178/ The Arizona Diamondbacks’ 2025 season was growing old, and things looked bleak as they entered the month of…",https://bsky.app/profile/did:plc:lgxwokjfnegutejxknkdpqwj/post/3m2yzxb3wis27,2025-10-12T15:41:03.584000+00:00,Diamondbacks,183
bluesky_post,bluesky,diamondbacks.homegame.today,"Arizona Diamondbacks — No, the next game at Chase Field is scheduled for Mar 30, 2026.",https://bsky.app/profile/did:plc:a7gef6ki6dudyn2unmmtz47y/post/3m2ydrxkyxh25,2025-10-12T09:04:23.281000+00:00,Diamondbacks,86
bluesky_post,bluesky,rawmlb.bsky.social,"Diamondbacks pitchers Zac Gallen, Merrill Kelly accuse Reds of cheating https://www.rawchili.com/mlb/375750/ Baseball is never far away from a season-defining scandal. In the opening week of July, it may have…",https://bsky.app/profile/did:plc:lgxwokjfnegutejxknkdpqwj/post/3m2ychh3yz623,2025-10-12T08:40:36.981000+00:00,Diamondbacks,209
bluesky_post,bluesky,redmage08.bsky.social,Diamondbacks-ass loss,https://bsky.app/profile/did:plc:mmogskbwxniqx5iqus26k6ug/post/3m2xxifdtxc2m,2025-10-12T05:24:17.385000+00:00,Diamondbacks,21
bluesky_post,bluesky,rawmlb.bsky.social,"3 Major Questions Surrounding D-backs’ Rotation https://www.rawchili.com/mlb/375571/ The Arizona Diamondbacks’ starting rotation is in a state of transition. After trading away Merrill Kelly, losing Corbin…",https://bsky.app/profile/did:plc:lgxwokjfnegutejxknkdpqwj/post/3m2xxbgh7v22y,2025-10-12T05:20:23.885000+00:00,Diamondbacks,206
bluesky_post,bluesky,canuckscapmess.bsky.social,When do the diamondbacks play?,https://bsky.app/profile/did:plc:bieuuz6f7mm7aiolfct4dvdp/post/3m2xv4pjycs2f,2025-10-12T04:41:57.982000+00:00,Diamondbacks,30
bluesky_post,bluesky,rawmlb.bsky.social,Ex-D-backs Pitcher’s Success Highlights 2023 Trade Flaws https://www.rawchili.com/mlb/375448/ Chad Patrick’s transition from the Arizona Diamondbacks to significant success with the Milwaukee Brewers exemplifies the flaws in…,https://bsky.app/profile/did:plc:lgxwokjfnegutejxknkdpqwj/post/3m2xqkr6qw42y,2025-10-12T03:20:20.983000+00:00,Diamondbacks,225
bluesky_post,bluesky,packmanwiscy.bsky.social,"This is the first time the Milwaukee Brewers have ever won a playoff series against a team that wasn't in the West Division They beat the Rockies in the 2018 NLDS, they beat the Diamondbacks in the 2011 NLDS, and they beat the Angels in the 1982 ALCS. They lost every other series Until today baby!",https://bsky.app/profile/did:plc:rkblzccqhemxp7t5s56qlbnk/post/3m2xq3sg6322e,2025-10-12T03:11:58.082000+00:00,Diamondbacks,298
bluesky_post,bluesky,bryanpurdy.bsky.social,"Good year, Cubs. Maybe next year is the year that taking in revenue like the Red Sox and operating like you're the Diamondbacks works out.",https://bsky.app/profile/did:plc:ygnvi4pdgoybon5uiv2ieh74/post/3m2xou4p3qc2x,2025-10-12T02:49:47.088000+00:00,Diamondbacks,138
bluesky_post,bluesky,rawmlb.bsky.social,"Fernando Tatís Jr.’s grand slam sends Padres past Diamondbacks 7-4, eliminating Arizona https://www.rawchili.com/mlb/375299/ By GREG BEACHAM SAN DIEGO (AP) — Fernando Tatís Jr. hit a grand slam in the fourth inning,…",https://bsky.app/profile/did:plc:lgxwokjfnegutejxknkdpqwj/post/3m2xjucamn62p,2025-10-12T01:20:24.482000+00:00,Diamondbacks,216
bluesky_post,bluesky,canzosisin.bsky.social,This is 100% going to become the Diamondbacks series. I’m calling it now - a late game walk off,https://bsky.app/profile/did:plc:vc6rtgdmhvdz6ksz7sjkd5h5/post/3m2xjdlrqjk2e,2025-10-12T01:11:03.783000+00:00,Diamondbacks,95
bluesky_post,bluesky,rawmlb.bsky.social,"3 Major Questions Surrounding D-backs’ Rotation https://www.rawchili.com/mlb/375254/ The Arizona Diamondbacks’ starting rotation is in a state of transition. After trading away Merrill Kelly, losing Corbin…",https://bsky.app/profile/did:plc:lgxwokjfnegutejxknkdpqwj/post/3m2xhokdtsv2l,2025-10-12T00:41:25.082000+00:00,Diamondbacks,206
bluesky_post,bluesky,mlbshitpostbot.bsky.social,Do people actually spend 3 hours of their day watching the Arizona Diamondbacks?,https://bsky.app/profile/did:plc:ikts7dckhy67m6pftqoeydcw/post/3m2xfelom2n2h,2025-10-12T00:00:02.480000+00:00,Diamondbacks,80
bluesky_post,bluesky,rawmlb.bsky.social,"The rise of Geraldo Perdomo: From glue guy to MVP candidate https://www.rawchili.com/mlb/375125/ PHOENIX – While the MLB has big-name superstars who get their spotlight no matter what, Arizona Diamondbacks star…",https://bsky.app/profile/did:plc:lgxwokjfnegutejxknkdpqwj/post/3m2xawg3dml2y,2025-10-11T22:40:32.079000+00:00,Diamondbacks,211
bluesky_post,bluesky,rawmlb.bsky.social,"Revisiting D-backs’ Busy Trade Deadline https://www.rawchili.com/mlb/375079/ As the Arizona Diamondbacks continued their journey through the brutal 2025 season, the Trade Deadline stands out as…",https://bsky.app/profile/did:plc:lgxwokjfnegutejxknkdpqwj/post/3m2x6p2ze5d23,2025-10-11T22:00:38.178000+00:00,Diamondbacks,194
bluesky_post,bluesky,lloydian.com,You have my attention. And two of my favorite Diamondbacks.,https://bsky.app/profile/did:plc:l2hdnev3aslrcwwgemwvwupg/post/3m2x5keoums22,2025-10-11T21:40:07.079000+00:00,Diamondbacks,59
bluesky_post,bluesky,rawmlb.bsky.social,How D-backs’ July Was a Tale of Triumph And Heartbreak https://www.rawchili.com/mlb/375031/ The Arizona Diamondbacks’ 2025 season was one of many highs and lows. The look back through this unconventional…,https://bsky.app/profile/did:plc:lgxwokjfnegutejxknkdpqwj/post/3m2x4hxrnmt2p,2025-10-11T21:20:52.284000+00:00,Diamondbacks,204
bluesky_post,bluesky,rawmlb.bsky.social,Name the 2025 Arizona Diamondbacks https://www.rawchili.com/mlb/374981/ It’s time for one of our traditional early off-season activities: the Sporcle where you have to try and…,https://bsky.app/profile/did:plc:lgxwokjfnegutejxknkdpqwj/post/3m2x27mgqmu26,2025-10-11T20:40:24.689000+00:00,Diamondbacks,176
bluesky_post,bluesky,rawmlb.bsky.social,"Jordan Lawlar News: Heading to winter ball https://www.rawchili.com/mlb/374680/ Lawlar will play winter ball in the Dominican Republic, Steve Gilbert of MLB.com reports. The Diamondbacks need to…",https://bsky.app/profile/did:plc:lgxwokjfnegutejxknkdpqwj/post/3m2wmtcmfny26,2025-10-11T16:40:52.584000+00:00,Diamondbacks,195
bluesky_post,bluesky,rawmlb.bsky.social,How D-backs’ July Was a Tale of Triumph And Heartbreak https://www.rawchili.com/mlb/374628/ The Arizona Diamondbacks’ 2025 season was one of many highs and lows. The look back through this unconventional…,https://bsky.app/profile/did:plc:lgxwokjfnegutejxknkdpqwj/post/3m2wkltvbda2y,2025-10-11T16:00:55.083000+00:00,Diamondbacks,204
bluesky_post,bluesky,diamondbacks.homegame.today,"Arizona Diamondbacks — No, the next game at Chase Field is scheduled for Mar 30, 2026.",https://bsky.app/profile/did:plc:a7gef6ki6dudyn2unmmtz47y/post/3m2vtd3d3pb22,2025-10-11T09:04:24.881000+00:00,Diamondbacks,86
bluesky_post,bluesky,jetzzfan.bsky.social,"My in-person record is 19 innings (twice!). 2014 Red Sox at Angels, Albert Pujols walk off homer, 6 hours 32 minutes. 2019 Cardinals at Diamondbacks, Ildemaro Vargas walk off single, 6 hours 53 minutes.",https://bsky.app/profile/did:plc:rlqzjyag2kdnkx6sdhrc5jiy/post/3m2vdguhfo22n,2025-10-11T04:20:11.279000+00:00,Diamondbacks,202
bluesky_post,bluesky,steveuniverse.bsky.social,Saints D line has no hope of getting to Maye this game. Defensive backs getting torched. But d line not helping at all,https://bsky.app/profile/did:plc:xbznlqnxfwu7wagoe36tdhp5/post/3m2zgy7fij22d,2025-10-12T19:34:13.777000+00:00,D-backs,118
bluesky_post,bluesky,thetnholler.bsky.social,"🧑‍🌾 WATCH: Republican nominee in the TN-7 special election Matt Van Epps backs Trump’s trade war — even as it crushes Tennessee farmers 🤔 (Rep. Aftyn Behn (D) is his opponent, and opposes the tariffs)",https://bsky.app/profile/did:plc:5o6k7jvowuyaquloafzn3cfw/post/3m2z5zsrn7s2y,2025-10-12T16:54:04.588000+00:00,D-backs,200
bluesky_post,bluesky,serraleta.bsky.social,"So I rewatched the first Vampire Hunter D movie, & remembered nothing about it. After seeing a whip being used I looked it up & yes, Castlevania was absolutely confirmed to be inspired by the series. Backs up the talk earlier on how many works get heavily inspired by others. It's a creative circle😊",https://bsky.app/profile/did:plc:a5xnkhkorfktxu4macslbkep/post/3m2xd7bjo5s2h,2025-10-11T23:21:17.180000+00:00,D-backs,299
bluesky_post,bluesky,leftwardswing.bsky.social,"Money. It's all about money. Very wealthy people who don't want to spend the cash & believe they can build from within. Sorry but you aren't the Rays, D-backs, or Orioles lol 😂",https://bsky.app/profile/did:plc:n3lnles3nqhtniyefyytgcsh/post/3m2w2pdutck2n,2025-10-11T11:16:32.578000+00:00,D-backs,176
bluesky_post,bluesky,anjaciske.bsky.social,"Morning, D. 😘 Apart from the little chap in front, they've all turned their backs to you. Looks like they're staging a protest over your extended absence! 😂",https://bsky.app/profile/did:plc:567lhexgs4olo7b55wgtfpyq/post/3m2vrubvsxc2a,2025-10-11T08:38:17.280000+00:00,D-backs,156
bluesky_post,bluesky,longtalljodie.com,"Y'all know I love the D-Backs. Los Serpientes for life. But the Mariners, man. They were my dudes before AZ had a team. I was their bat boy once at Spring Training. So what I'm saying is, let's do it, boys.",https://bsky.app/profile/did:plc:674fpt46qehe4g27x7vvt5w2/post/3m2vi27p2ws2b,2025-10-11T05:42:38.377000+00:00,D-backs,206
bluesky_post,bluesky,rawmlb.bsky.social,"D-backs’ Reliever Shelled in Ugly Fall League Blowout https://www.rawchili.com/mlb/373965/ The Arizona Fall League continued on Friday, and it was not a pretty outing for one of the…",https://bsky.app/profile/did:plc:lgxwokjfnegutejxknkdpqwj/post/3m2vhw6fsec2o,2025-10-11T05:40:21.384000+00:00,D-backs,182
bluesky_post,bluesky,batsdingersatk.bsky.social,"nope on Rangers/Angels, Royals/Brewers, Nats/Padres or D-Backs/Rays",https://bsky.app/profile/did:plc:3iqtdaryqr6zmtr24dsh7rga/post/3m2vgwir6ok2l,2025-10-11T05:22:36.883000+00:00,D-backs,67
bluesky_post,bluesky,lordbenne.bsky.social,In hindsight the D-Backs sold at the perfect time,https://bsky.app/profile/did:plc:jhps3w25f5c45jwg3lkxjhqw/post/3m2vbbinhq222,2025-10-11T03:41:24.682000+00:00,D-backs,49
bluesky_post,bluesky,rawmlb.bsky.social,"D-backs’ Reliever Shelled in Ugly Fall League Blowout https://www.rawchili.com/mlb/373655/ The Arizona Fall League continued on Friday, and it was not a pretty outing for one of the…",https://bsky.app/profile/did:plc:lgxwokjfnegutejxknkdpqwj/post/3m2uybzl36e2o,2025-10-11T01:00:38.581000+00:00,D-backs,182
bluesky_post,bluesky,mousterpiece.bsky.social,Is he less grouchy-looking now? He had the biggest perpetual scowl on the D-backs roster.,https://bsky.app/profile/did:plc:e5vfgbb264yruca5ztvtgnqc/post/3m2ux3ew3as24,2025-10-11T00:39:05.786000+00:00,D-backs,89
bluesky_post,bluesky,rawmlb.bsky.social,These 3 D-backs Desperately Need Bounce-Back Seasons https://www.rawchili.com/mlb/373477/ Much of the talk surrounding the Arizona Diamondbacks this offseason will revolve around making additions to a roster…,https://bsky.app/profile/did:plc:lgxwokjfnegutejxknkdpqwj/post/3m2urmfc2on26,2025-10-10T23:01:10.287000+00:00,D-backs,208
bluesky_post,bluesky,jrradcliffe.bsky.social,"Felt it all day in pit of my stomach. The Brewers hadn't won a playoff series in my adult life, and I was SURE they were going to completely blow it. Justin Upton homered early to give the D-Backs the lead. I was convinced (of course) that it was over. I was relieved not to be there. Until the end.",https://bsky.app/profile/did:plc:q74egnvjpqzobtoqhn6lkwjj/post/3m2unfpjfl222,2025-10-10T21:45:50.481000+00:00,D-backs,299
bluesky_post,bluesky,rawmlb.bsky.social,"D-backs recoup Lovullo, reflect on 2025 highs and lows | Sports https://www.rawchili.com/mlb/373351/ Arizona Diamondbacks manager Torey Lovullo sat down for Tuesday morning’s press conference alongside general manager Mike Hazen with…",https://bsky.app/profile/did:plc:lgxwokjfnegutejxknkdpqwj/post/3m2un4cigo42y,2025-10-10T21:40:35.688000+00:00,D-backs,234
bluesky_post,bluesky,shyduck.bsky.social,I feel like this isn't even as bad as the past 2 years where they lost to inferior teams because they went cold at the wrong time. Fuck that D-Backs series. At least they lost to a legit opponent and didn't quite look as bad,https://bsky.app/profile/did:plc:5aafj6d2ns2v4o6auoo5cyjz/post/3m2u6jxvgec2x,2025-10-10T17:19:48.487000+00:00,D-backs,224
bluesky_post,bluesky,baseballamerica.com,The David Hagaman ascension 📈 He got 11 misses on 24 swings yesterday in the AFL. Looks like a great deadline pickup by the D-backs. buff.ly/HGx4Fv2,https://bsky.app/profile/did:plc:pymkfyihddixm74ocxw3rt6y/post/3m2tsqpgvmu2r,2025-10-10T13:48:50.078000+00:00,D-backs,148
bluesky_post,bluesky,ansibot.bsky.social,"READHELP.ANS, 1995-05-01 from Piper's Pit BBS/FTP: ibm 0420 - 0429 (other)",https://bsky.app/profile/did:plc:t5narda655nd5uiada6vt7k7/post/3m2tf55fogn26,2025-10-10T09:45:13.882000+00:00,D-backs,74
bluesky_post,bluesky,newwarriorstalk.bsky.social,Latest from my to-read list: The Chromatic Fantasy By: H.A. (writer/artist/colorist/letterer) with Carina Taylor (production designer) and Ari Yarwood (managing editor). Published by Silver Sprocket.,https://bsky.app/profile/did:plc:kzqji2whntacz5wbtgr3cpjk/post/3m2zqfrdbsk2j,2025-10-12T22:23:57.985000+00:00,ARI,199
bluesky_post,bluesky,verkkotunnukset.bsky.social,Verkkotunnus: matkailutilalehtomaki.fi Rekisteröity: 2025-10-12 15:08 Käyttäjä: Tmi Ari Syrjaelae Maa: Suomi Välittäjä: Zoner Oy,https://bsky.app/profile/did:plc:dowandg6tgrc7eg63epi3bwc/post/3m2zppqrfr52f,2025-10-12T22:10:33.486000+00:00,ARI,128
bluesky_post,bluesky,gay-adultvideo.bsky.social,"SOUTHERNSTROKES Tattooed Ari Nucci Raw Breeds Grayson Lange Sweet Hole ➡️ Remembering how he used to choke while sucking Ari, and the deliciously wicked way in which Ari bareback fucked his sweet hole. #️⃣ #gaybareback #gayblowjob #gayfetish #gayhd #gaymasturbation #gaytwink",https://bsky.app/profile/did:plc:eckcfmmmdghh72y35m6ijcba/post/3m2zpd7iovi2n,2025-10-12T22:03:33.484000+00:00,ARI,275
bluesky_post,bluesky,rain.starts.quest,Of course Ari is there!! Ari is bestie!!!,https://bsky.app/profile/did:plc:y7m44u5yn22k2ao74hobrdwz/post/3m2zoxmu5m22e,2025-10-12T21:55:55.677000+00:00,ARI,41
bluesky_post,bluesky,mmmarionette.bsky.social,ty ari 🫂🫂🫂🫂,https://bsky.app/profile/did:plc:waa3qdz3il3xccif7mdtdd6d/post/3m2zo2kg24k2c,2025-10-12T21:40:48.682000+00:00,ARI,11
bluesky_post,bluesky,ringsidecinema.bsky.social,How the #WWE ruined John Cena's Farewell Tour....and robbed fans of the John Cena we currently got all because Ari Emanuel freaked out over low ticket sales for Elimination Chamber. #WWECrownJewel #JohnCena #WWERaw #WWEonNetflix youtu.be/cjy6ivgHL9c,https://bsky.app/profile/did:plc:b2cbyqmmyenguxzawppoyflr/post/3m2znfikgxk2m,2025-10-12T21:29:07.382000+00:00,ARI,249
bluesky_post,bluesky,mrlime99.bsky.social,Artist interpretation.,https://bsky.app/profile/did:plc:3l64snhddwkz5kr3z2pl2zus/post/3m2znbyhawc27,2025-10-12T21:27:05.881000+00:00,ARI,22
bluesky_post,bluesky,raantuva.blacksky.app,further clarification: the sounds were lost from Chinese and therefore unneeded in scholarly affairs anymore. ... Ari shut up,https://bsky.app/profile/did:plc:64kdoplv62s6veonqincpgod/post/3m2zmyacicc2c,2025-10-12T21:21:37.383000+00:00,ARI,125
bluesky_post,bluesky,sharkiebytesexe.bsky.social,Goodmorni ari!!!!,https://bsky.app/profile/did:plc:xonuel5n4ohg4vesol5qwwwy/post/3m2zmws3g7s2b,2025-10-12T21:20:49.882000+00:00,ARI,17
bluesky_post,bluesky,readsomemorebooks.bsky.social,"Ari Baran does that really well in some of their newsletters, and it's my absolute favorite. Research? Special interests? Historical precedent? All the things you read about that never even made it onto the page or got cut from the first draft? Hell yeah!!",https://bsky.app/profile/did:plc:byopsp2gntzvqi4y3pqa4do7/post/3m2zmwrqbrk2h,2025-10-12T21:20:47.683000+00:00,ARI,256
bluesky_post,bluesky,katelynburns.com,Yeah i don't even really disagree a ton with Ari here because we're saying different things here i think,https://bsky.app/profile/did:plc:3gxyh4elwykcdnpci7gmqrvh/post/3m2zmrnehd22f,2025-10-12T21:17:56.081000+00:00,ARI,104
bluesky_post,bluesky,derpydeino.bsky.social,"Even months after learning it was merely an act of fleeing a now war-torn country, the King continued his mandate against Dragon-type Pokémon, which Noah opposed. His strong opposition of the King's orders lead to treason and eventual arrest, which ironically is how Ari and Noah first met.",https://bsky.app/profile/did:plc:vgmr2ztg5wsbkwtaopxqqmk4/post/3m2zmnunnx22u,2025-10-12T21:15:49.525000+00:00,ARI,290
bluesky_post,bluesky,lmomentum.bsky.social,"Took some outdoor shots with the gorgeous Ari today, #mobilephotography #s25ultra #withgalaxy #smartphonephotography #boudoir",https://bsky.app/profile/did:plc:4tjmlzzm6zyznlyfieg7d6kv/post/3m2zlzwaqec2e,2025-10-12T21:04:45.187000+00:00,ARI,125
bluesky_post,bluesky,tekahinotora.bsky.social,●栃木県の急性呼吸器感染症患者報告数（定点当たり）の推移（2025年第15週～第40週） 急性呼吸器感染症（ARI定点47か所、第40週47か所）77.98 ■左目盛（積み上げ棒グラフ）第40週合計14.41 インフルエンザ（ARI定点、第40週47か所）0.64 新型コロナウイルス感染症（ARI定点、同）4.91 RSウイルス感染症（小児科定点27か所、第40週27か所）1.37 咽頭結膜熱（小児科定点、同）0.15 続く⬇️,https://bsky.app/profile/did:plc:4r2misqhp4m7vpts3gxurzms/post/3m2zltaj2ak2k,2025-10-12T21:01:03.380000+00:00,ARI,216
bluesky_post,bluesky,slinjkje.toot.lv.ap.brid.gy,Bija arī smuka varavīksne :D,https://bsky.app/profile/did:plc:gmyjpyjzdjyslsgefzlvthtl/post/3m2zl2agmh5t2,2025-10-12T20:47:12.383000+00:00,ARI,28
bluesky_post,bluesky,aria.has.fish,:0 ari is there...,https://bsky.app/profile/did:plc:6d6tuk2a4aavlfrlc7fcci6t/post/3m2zkoct3ek2g,2025-10-12T20:40:20.277000+00:00,ARI,18
bluesky_post,bluesky,maremare5.bsky.social,Finally watched Beau is Afraid and I’m really curious how Ari Aster’s mother took that,https://bsky.app/profile/did:plc:r4bbwav7xffwou6t6y3me2cf/post/3m2zk7m4jg22f,2025-10-12T20:32:04.079000+00:00,ARI,86
bluesky_post,bluesky,mm-gazzetta-sport.bsky.social,"Milano, capolavoro Chingalan. La prima volta di Paula e Ari Premier Padel: gran rimonta di Chingotto-Galan su Coello-Tapia (2-6, 6-3, 6-... https://www.gazzetta.it/padel/12-10-2025/milano-premier-padel-vincono-chingotto-galan-e-josemaria-sanchez.shtml",https://bsky.app/profile/did:plc:f4q4dz4a57oqqlpjr7n7ehxj/post/3m2zjkxsdjq2p,2025-10-12T20:20:31.088000+00:00,ARI,251
bluesky_post,bluesky,crabapplejones.bsky.social,Same from Ari Emmanuel in @mattbelloni.bsky.social’s excellent interview on The Town. Very much “my views are the truth and everyone should believe that truth.” (Belloni in yellow),https://bsky.app/profile/did:plc:3o3hryylobgmvjs6y222k4ms/post/3m2zjbjbfec2x,2025-10-12T20:15:16.981000+00:00,ARI,180
bluesky_post,bluesky,nflscorigami.bsky.social,"🏈 ARI 27 - 31 IND FINAL ❌ No Scorigami. That score has happened 56 times before. Last time: Sep 14, 2025 Cincinnati Bengals defeated Jacksonville Jaguars",https://bsky.app/profile/did:plc:whl6wj24qs57zfmolrpibnra/post/3m2ziyc2aea24,2025-10-12T20:10:05.929000+00:00,ARI,153
bluesky_post,bluesky,earth-media.bsky.social,"Nice try, Ari . And you too, Vive . Both extremes trying hysterically to coax us into massive war . Sure would be ironic if it turns out both far-right & far-left propagandists are being fed by the same source .",https://bsky.app/profile/did:plc:64u76rhrk3mpwdo7thh2vonh/post/3m2zitiluwk2v,2025-10-12T20:07:25.578000+00:00,ARI,211
bluesky_post,bluesky,nfl-scorigami.bsky.social,"ARI 27 - IND 31 Final No Scorigami. That score has happened 55 times before, most recently on September 14, 2025.",https://bsky.app/profile/did:plc:sbi3vewpvlpjivqhkogix5sz/post/3m2ziz2mhvd2y,2025-10-12T20:10:29.790000+00:00,ARI,113
bluesky_post,bluesky,nfl4th.com,"---> ARI (27) @ IND (31) <--- ARI has 4th & 7 at the IND 9, Q4 00:58 Recommendation (VERY STRONG): 👉 Go for it (+8.5 WP) Actual play: 👉 (Shotgun) J.Brissett pass incomplete short left to T.McBride [L.Latu].",https://bsky.app/profile/did:plc:wvwyaexejh63ldp67wqs7g6p/post/3m2zikszj5d2h,2025-10-12T20:02:32.479000+00:00,ARI,206
bluesky_post,bluesky,scorebot.bsky.social,"IND: Jonathan Taylor 1 Yd Rush (Michael Badgley Kick) - ARI 27, IND 31 - Q4, 4:32",https://bsky.app/profile/did:plc:z4zyqzdcxwbnsucggwt26ish/post/3m2zi2ncj4r2g,2025-10-12T19:53:28.980000+00:00,ARI,81
bluesky_post,bluesky,betaoxydation.bsky.social,Arī mums vajag savu Department Of Government Efficiency (DOGE) :D,https://bsky.app/profile/did:plc:3vyx727bz3cuvdjaay4rhjiz/post/3m2zhceif3k2w,2025-10-12T19:39:56.077000+00:00,ARI,65
bluesky_post,bluesky,hitmusic70s.bsky.social,"#NowPlaying on Hit Music 70s, Spiders and Snakes by Jim Stafford, listen in at https://hitmusic70s.radioplayer.live",https://bsky.app/profile/did:plc:vdm7oymshuik23obadakdycb/post/3m2zrepeioa2v,2025-10-12T22:40:10.780000+00:00,Snakes,115
bluesky_post,bluesky,zombimanos.bsky.social,"The most actual bad ""cringe"" thing you can do is be vulnerable & confessional on fb in full view amongst a sea of snakes & weasels.",https://bsky.app/profile/did:plc:6n55wozc4b4kkfhcjgvst5li/post/3m2zrefvajs2x,2025-10-12T22:39:59.580000+00:00,Snakes,131
bluesky_post,bluesky,pitaxed.bsky.social,"Very funny to see this, as I just saw the beginning of Metal Gear Twin Snakes and had the thought, that someone oughta reenact some of those cutscenes.",https://bsky.app/profile/did:plc:pahigplt44nnod4p6ijl7bsy/post/3m2zr4gen622r,2025-10-12T22:35:34.883000+00:00,Snakes,151
bluesky_post,bluesky,taracomics.bsky.social,Snakes and horse,https://bsky.app/profile/did:plc:tplgzvzpxdkti3qx4nrpsjsl/post/3m2zqht4g2s2j,2025-10-12T22:24:05.889000+00:00,Snakes,16
bluesky_post,bluesky,indigoiis.bsky.social,"We had a nice rain today. Got waterfront property for a bit. Our wee wash where coyote, quail, rabbits, snakes, lizards, squirrels and mice live and play became a creek. #WhyILoveWhereILive",https://bsky.app/profile/did:plc:ynf7q3aojpwz2wd2ib3bbcjk/post/3m2zqfohq4k2s,2025-10-12T22:23:03.584000+00:00,Snakes,189
bluesky_post,bluesky,screach-owl70.bsky.social,Sorry you’re finding out like us there is many poisonous snakes in the political climate here!,https://bsky.app/profile/did:plc:pknnd76jpcjaimezsyq3kq4e/post/3m2zqb7oefc2l,2025-10-12T22:20:19.986000+00:00,Snakes,94
bluesky_post,bluesky,revengergt.bsky.social,ahhhh you know it’s full of spiders and snakes and shit,https://bsky.app/profile/did:plc:u337lkfyvx557u6k3sqlaue4/post/3m2zo333kf22f,2025-10-12T21:41:09.481000+00:00,Snakes,55
bluesky_post,bluesky,shantybot.bsky.social,🎶 I see centipedes and snakes and I’m full of pains and aches 🎶,https://bsky.app/profile/did:plc:ihy46sljndcilyuqhr32fc7m/post/3m2znh7ltyk25,2025-10-12T21:29:59.582000+00:00,Snakes,63
bluesky_post,bluesky,the-real-yukio.bsky.social,"I should count my grandchildren, attend their recitals, and teach them not to be afraid of bees, and learn to love spiders and snakes. But I am reminded of a cat I cared for once, who gave birth to a litter of kittens, weaned them, then disappeared. I found her skeleton in the leaves years later.",https://bsky.app/profile/did:plc:hwufkcxjxrfzn3xzfd4sjtmu/post/3m2znaj7f222w,2025-10-12T21:26:15.777000+00:00,Snakes,297
bluesky_post,bluesky,89kg-raw.bsky.social,Stephen A’s a bitch-ass through and through. Anyone that loves him can — in the meanest way — fuck all the way off.,https://bsky.app/profile/did:plc:ycgv62ywdgthubaw2bdvitsz/post/3m2zmoltzsk2w,2025-10-12T21:16:15.681000+00:00,Snakes,115
bluesky_post,bluesky,allbydesign.bsky.social,"I. TERMS & CONDITIONS Do you accept the terms, Conditions for this world? Bad contracts — it’s universal. Snakes born from the soil.",https://bsky.app/profile/did:plc:ijdeqhuguizuznbi4fl7c7dy/post/3m2zm3nlzys2b,2025-10-12T21:05:37.785000+00:00,Snakes,132
bluesky_post,bluesky,snopes.com,"The 1998 movie ""Snakes Eyes"" starring Nicolas Cage featured a character named Charles Kirkland who was shot in the neck. But that's basically where the similarities between the film and Charlie Kirk's killing end. www.snopes.com/news/2025/10...",https://bsky.app/profile/did:plc:2ns6vcwxutr7zqwnuloode7e/post/3m2zlttuuus2r,2025-10-12T21:01:16.787000+00:00,Snakes,244
bluesky_post,bluesky,arcray20.bsky.social,"i was wondering what this was about then i remembered the new Tekken character had a trailer today. the staff looks to be just a stance with 4 move to it, but the rest is a bit much indeed. she should have just had Ogre moves mixed in to a new moveset. even True Orge barley used the snakes.",https://bsky.app/profile/did:plc:lhqrq262v5uenmvgnz6643mc/post/3m2zku4siok2e,2025-10-12T20:43:33.378000+00:00,Snakes,291
bluesky_post,bluesky,artificialangel13.bsky.social,Think snakes don't.have the brains to tan their own hides either,https://bsky.app/profile/did:plc:mtsjoafnnkyy7rfrrchlmnii/post/3m2zk4ivyhc2j,2025-10-12T20:30:19.581000+00:00,Snakes,64
bluesky_post,bluesky,brianterrill.bsky.social,"Pink Floyd, Dark Side of the Moon. Or RUSH Snakes and Arrows.",https://bsky.app/profile/did:plc:dc427uqyxrdvxeb2mus545mt/post/3m2zjxyff5k26,2025-10-12T20:27:48.277000+00:00,Snakes,61
bluesky_post,bluesky,purpleshieldcat.bsky.social,Didn't need to worry about irrigation or fucking lawnmowers at either of those places and also the bushland lawn just had a bunch of adorable rat snakes that lived in it Also Did you know that cacti have small nearly invisible mini spines all over them between the big obvious ones? Cause I didn't,https://bsky.app/profile/did:plc:hzouvzwqp7f2wq6s5rldspsd/post/3m2zjgjrewc2f,2025-10-12T20:18:06.778000+00:00,Snakes,297
bluesky_post,bluesky,retiredguyinwoods.bsky.social,4 Blue Racers sunning themselves this afternoon,https://bsky.app/profile/did:plc:xslhk7fdbvxi6jg6qkq6d275/post/3m2zi4b44yk2l,2025-10-12T19:54:27.884000+00:00,Snakes,47
bluesky_post,bluesky,11xgrandpa.bsky.social,"Same snakes, new skin.",https://bsky.app/profile/did:plc:vizsnytxp4dtpr7b26l3dlva/post/3m2zhsbwg4s2r,2025-10-12T19:48:48.477000+00:00,Snakes,22
bluesky_post,bluesky,railroadofsin.bsky.social,Now... Time to go play with snakes.,https://bsky.app/profile/did:plc:vt34o5gtmwwtmjcbmpjpxru2/post/3m2zhhqd24k2g,2025-10-12T19:42:56.878000+00:00,Snakes,35
bluesky_post,bluesky,jonnymorris.bsky.social,"""And then a door creaks open. It is full of SKELETONS. Covered in cobwebs. And snakes. We hear a distant SCREAM. A ghost appears. It's the ghost of a SKELETON. Covered in cobwebs. And snakes...""",https://bsky.app/profile/did:plc:y6aqetaddexldwjyxdz33xd5/post/3m2zhgfxtvs2t,2025-10-12T19:42:10.278000+00:00,Snakes,194
bluesky_post,bluesky,samindy4.bsky.social,I do have lots of snakes that still need a home!,https://bsky.app/profile/did:plc:cej4ft7e7htvld7vvgmzytbw/post/3m2zgu5bt7c2p,2025-10-12T19:31:57.677000+00:00,Snakes,48
bluesky_post,bluesky,lotuslizard.bsky.social,python without scales spotted at the #gr #reptile expo – what a rare find! 🐍💎✨,https://bsky.app/profile/did:plc:5kgveow4muttf6tkq6yqkktv/post/3m2zgc62ss223,2025-10-12T19:22:04.383000+00:00,Snakes,78
bluesky_post,bluesky,catssurname.bsky.social,"I did that my first week as a bike messenger. Do you have any snakes in your shop right now? I have great footage of a foster playing with it, but I can save it for when you list more.",https://bsky.app/profile/did:plc:mrwkjmtznwnslmxcljidsn7n/post/3m2zfxw6iv22p,2025-10-12T19:16:10.478000+00:00,Snakes,184
bluesky_post,bluesky,whatstsmglory.bsky.social,"The reason this is difficult for Taylor Swift is because HER ENVIRONMENT TREATS HER IN A VERY, VERY EXTREEEEEEEEEEME WAY. That is why all of this is difficult for her. And she probably just tries to: youtu.be/nfWlot6h_JM?... She is getting changed in the process. Shake off snakes next. Lose sleep.",https://bsky.app/profile/did:plc:tgaknekmiytfwomk2ag7m2eo/post/3m2zffocqys2c,2025-10-12T19:06:00.578000+00:00,Snakes,298
bluesky_post,bluesky,north52.bsky.social,"The Alberta oil & gas industry could be a key pillar of a long term sustainable future but, greed = short term thinking. Alberta needs another export pipeline like it needs to poison the water supply on the eastern slopes of the Rockies all UCP goals. Losing value added production and jobs.",https://bsky.app/profile/did:plc:5qczebb5mfrfmstkeiy7cghl/post/3m2zqx5yzts2d,2025-10-12T22:32:36.784000+00:00,Rockies,291
bluesky_post,bluesky,purescience.news,A camping trip in the Rockies came with an unexpected message: you've won a Nobel Prize #Science #ScienceHistory #NobelPrize #ScienceAchievement #CampingAdventure,https://bsky.app/profile/did:plc:2wwz64hkfrhljlat3zcoubp7/post/3m2zqnadfex2b,2025-10-12T22:27:03.081000+00:00,Rockies,162
bluesky_post,bluesky,eunoiareview.bsky.social,"Five Paces Ahead Midnight in the Rockies, cathedral-deep, torchlight gutters on my snowshoe scar, threading toward a cabin's amber pulse where voices carved warmth from mountain air. The meal behind, I start descent alone— torch snuffed, the path swallowed by pine's throat. Spruce presses close—no…",https://bsky.app/profile/did:plc:22egkulkwucaqc5bwkbldmcn/post/3m2zp7f4m3d2q,2025-10-12T22:01:24.481000+00:00,Rockies,299
bluesky_post,bluesky,bird-nerdco.bsky.social,"Meet with local organizations, including: Colorado Department of Labor and Employment (CDLE) Jefferson Center for Mental Health Food Bank of the Rockies Hunger Free Golden Colorado Legal Services Foothills Credit Union Jefferson County Workforce Center Community Table Benefits in Action",https://bsky.app/profile/did:plc:6ktgtzozuh26grqn4hwcgza5/post/3m2znwaq2vs2o,2025-10-12T21:38:24.877000+00:00,Rockies,287
bluesky_post,bluesky,colsportsguy.bsky.social,He had one of the most memorable moments in recent Rockies history shit talking Reese McGuire. That was when my Jays and Rockies feeds merged and it was glorious,https://bsky.app/profile/did:plc:lew6cdgu5gt7gujeji2yarnu/post/3m2zluxqewk2h,2025-10-12T21:01:53.888000+00:00,Rockies,161
bluesky_post,bluesky,racstp.bsky.social,In 2001 The New Jersey Devils (formerly Colorado Rockies) played the Colorado Avalanche in the Stanley Cup Finals .,https://bsky.app/profile/did:plc:d37q7nlrkqxxfid7f7ub5p5z/post/3m2zkwvs6ns25,2025-10-12T20:45:05.292000+00:00,Rockies,115
bluesky_post,bluesky,rawmlb.bsky.social,Rockies’ Dugan Darnell To Undergo Hip Surgery https://www.rawchili.com/mlb/376531/ The Rockies placed Dugan Darnell on the 15-day injured list on August 22 and then moved him to…,https://bsky.app/profile/did:plc:lgxwokjfnegutejxknkdpqwj/post/3m2zjljbza627,2025-10-12T20:20:49.482000+00:00,Rockies,178
bluesky_post,bluesky,evelynchartres.bsky.social,"How about a #DarkFantasy #FreeBook about a Roaring Twenties luxury hotel nestled in the Rockies? The Grand, where a party's success is measured by the body count! After all, even things that go bump in the night need a place to unwind. #IndieReads bit.ly/2DzPqgE",https://bsky.app/profile/did:plc:e6siqsbpq5npyx3olfpoxrlf/post/3m2zjdng35d2c,2025-10-12T20:16:25.387000+00:00,Rockies,262
bluesky_post,bluesky,amazinggetaways.bsky.social,"Canadian Rockies - Canmore, AB 🇨🇦 #landscapephotography #travel #canadianrockies",https://bsky.app/profile/did:plc:nr4ekojixhpzl43tv4ph72cb/post/3m2zil3bdxk2u,2025-10-12T20:02:56.280000+00:00,Rockies,80
bluesky_post,bluesky,rawmlb.bsky.social,"Rockies Face Several Intriguing, Low-Cost Arbitration Decisions for 2026 https://www.rawchili.com/mlb/376475/ The Colorado Rockies haven’t tipped their hand when it comes to their search for a new general manager.…",https://bsky.app/profile/did:plc:lgxwokjfnegutejxknkdpqwj/post/3m2zhdtbrwq23,2025-10-12T19:40:43.980000+00:00,Rockies,214
bluesky_post,bluesky,footiusmaximus.bsky.social,We have the Colorado Rockies. I understand 🤣,https://bsky.app/profile/did:plc:qwbxeclg7puwms7hjpn4enmd/post/3m2zggjzebc23,2025-10-12T19:24:21.083000+00:00,Rockies,44
bluesky_post,bluesky,meliasmouth.bsky.social,"Went to the mountains to air out my brain. Photo: by me, iPhone16Pro Subject: by Mother Nature, Canadian Rockies",https://bsky.app/profile/did:plc:ltr6gdhc42lr6qp6tfiyzm3z/post/3m2zfzb3y2k2h,2025-10-12T19:16:57.777000+00:00,Rockies,112
bluesky_post,bluesky,wpc.weather.im,"#WBC issues Heavy Snow Discussion (QPF) at Oct 12, 3:13 PM EDT ...Northern Rockies & Pacific Northwest... Link",https://bsky.app/profile/did:plc:o7qwuwkne5pecoeowl2cwmbg/post/3m2zfuehtkc2a,2025-10-12T19:14:10.978000+00:00,Rockies,110
bluesky_post,bluesky,wsrpics.bsky.social,First Dusting #snow #firstsnow #dusting #anowfall #seasons #seasonschange #changingseasons #seasonscollide #vail #colorado #rockymountains #rockies #altitude,https://bsky.app/profile/did:plc:h6p2tysklkikvp5scdkcbi7b/post/3m2zfrigx2k2z,2025-10-12T19:12:41.979000+00:00,Rockies,157
bluesky_post,bluesky,wsrpics.bsky.social,First Dusting #snow #firstsnow #dusting #anowfall #seasons #seasonschange #changingseasons #seasonscollide #vail #colorado #rockymountains #rockies #altitude,https://bsky.app/profile/did:plc:h6p2tysklkikvp5scdkcbi7b/post/3m2zfqvu2wc2z,2025-10-12T19:12:22.377000+00:00,Rockies,157
bluesky_post,bluesky,wsrpics.bsky.social,First Dusting #snow #firstsnow #dusting #anowfall #seasons #seasonschange #changingseasons #seasonscollide #vail #colorado #rockymountains #rockies #altitude,https://bsky.app/profile/did:plc:h6p2tysklkikvp5scdkcbi7b/post/3m2zfq7i5qk2z,2025-10-12T19:11:57.282000+00:00,Rockies,157
bluesky_post,bluesky,wsrpics.bsky.social,First Dusting #snow #firstsnow #dusting #anowfall #seasons #seasonschange #changingseasons #seasonscollide #vail #colorado #rockymountains #rockies #altitude,https://bsky.app/profile/did:plc:h6p2tysklkikvp5scdkcbi7b/post/3m2zfpba7522z,2025-10-12T19:11:23.986000+00:00,Rockies,157
bluesky_post,bluesky,dodgersmac.bsky.social,They need a rebuild tbh. They are the Rockies of posting.,https://bsky.app/profile/did:plc:zr3aazi3bjduiyzvwoznc2vi/post/3m2zfkbuxe22v,2025-10-12T19:08:32.984000+00:00,Rockies,57
bluesky_post,bluesky,noagendamedia.bsky.social,"Winter Storm Warnings are active for the Northern Rockies! Parts of Montana & Idaho could see 1-2 FEET of snow and 50+ mph wind gusts, leading to dangerous travel and power outages. Join us LIVE as we track the first major winter storms of the season. #MTwx #IDwx #snow - https://x.com/OfficialYal...",https://bsky.app/profile/did:plc:3nmysccrsm6tca27soiqi4uj/post/3m2zecpbcle2a,2025-10-12T18:46:24.584000+00:00,Rockies,300
bluesky_post,bluesky,chrisyyc.bsky.social,Happy Snowsgiving. It’s a bleak Turkey day on the edge of the Rockies,https://bsky.app/profile/did:plc:mpc263pppvxtwj6jqroclvub/post/3m2zbmsba5c2e,2025-10-12T17:58:27.285000+00:00,Rockies,69
bluesky_post,bluesky,epzik8.bsky.social,The Rockies got it done against the Yankees today,https://bsky.app/profile/did:plc:xyj6cgpfgci5ru5cag7vkpcb/post/3m2z5jbuqk22c,2025-10-12T16:44:50.885000+00:00,Rockies,49
bluesky_post,bluesky,moriahjaybird.bsky.social,The Rockies have trained us for this level of love hatred,https://bsky.app/profile/did:plc:inv7bg7s7jcwcq5ivxvbp4ji/post/3m2z5il67jc2x,2025-10-12T16:44:25.483000+00:00,Rockies,57
bluesky_post,bluesky,spc-storms.nws-bot.us,"SPC Oct 12, 2025 1630 UTC Day 1 Convective Outlook ⛈️THERE IS A MARGINAL RISK OF SEVERE THUNDERSTORMS ACROSS SOUTHERN AND CENTRAL ARIZONA🌪️ Additional Details Here.",https://bsky.app/profile/did:plc:tzoxs6ii6u6p24bjzz2kozxn/post/3m2z5as47cn2q,2025-10-12T16:40:04.694000+00:00,Rockies,164
bluesky_post,bluesky,s-church.net,Well the Rockies are at least predictably terrible. It's hard to rip your heart out when you have zero expectations to start with. 🤷‍♂️,https://bsky.app/profile/did:plc:vogvvk43weud725drjh2vzas/post/3m2z4q4eric2y,2025-10-12T16:30:44.784000+00:00,Rockies,135
bluesky_post,bluesky,averyhage.bsky.social,"Whatever you do Kyle, do not think about how bad The Double went. My recommendation would be for you to not think about The Double, specifically as it relates to your result in both races and the subsequent roasting by fans. And to be clear, The Double refers to the Indianapolis 500 and the Coca-Col",https://bsky.app/profile/did:plc:het5ppexxnznuxerwhalmc77/post/3m2zrkztax22d,2025-10-12T22:43:42.984000+00:00,COL,300
bluesky_post,bluesky,zacestrada.com,Don't name the minivan that but it's the first delicious-sounding Toyota ever www.caranddriver.com/features/col...,https://bsky.app/profile/did:plc:cdcfyozrsgcfpdrwp5qe6jq2/post/3m2zqxpoqf22l,2025-10-12T22:32:58.085000+00:00,COL,114
bluesky_post,bluesky,mountmoriahhistory.bsky.social,Col. Peter Clarkson Ellmaker #CivilWar #Veteran #tacophile #MountMoriahCemeteryPhiladelphia #baseball #PhiladelphiaPhilliesConnection #Gettysburg #119thRegiment #PennsylvaniaVolunteerInfantry #OlympicBallClubPhiladelphia Died 12 Oct. 1890 Read more: friendsofmountmoriahcemetery.org/about/notabl...,https://bsky.app/profile/did:plc:juyop3uqxqzveh3zaqcgnarn/post/3m2zqphwqck23,2025-10-12T22:28:25.382000+00:00,COL,298
bluesky_post,bluesky,kaywords.bsky.social,"Fa abbastanza caldo ma è gestibile, ieri col sole siamo arrivati massimo a 26 gradi, nei giorni scorsi con nuvole e pioggia eravamo sui 17-20.",https://bsky.app/profile/did:plc:dv6sc45s7yu6kbzeh2aqlsan/post/3m2zphgy62s2h,2025-10-12T22:05:57.784000+00:00,COL,142
bluesky_post,bluesky,torakjkj.bsky.social,"Coerenza con la canzone, zero. Tra l'altro col testo cambiato non ha neppure senso quello che dice, vabbè.",https://bsky.app/profile/did:plc:lboweutn54ro662b5qib4ddr/post/3m2zo4zbg6223,2025-10-12T21:42:12.677000+00:00,COL,106
bluesky_post,bluesky,natebrown.bsky.social,Here’s one more in which their commanding officer makes sure they don’t get in trouble for stealing a pig.,https://bsky.app/profile/did:plc:dyxun5q7iiejwq3cmsntx2yk/post/3m2zo2h3a5k2z,2025-10-12T21:40:48.078000+00:00,COL,106
bluesky_post,bluesky,martindoblas.bsky.social,www.perfil.com/noticias/col...,https://bsky.app/profile/did:plc:6jhsza3so2yzc22j3zmunoq4/post/3m2znzdkh722w,2025-10-12T21:40:16.179000+00:00,COL,30
bluesky_post,bluesky,xpornred.bsky.social,https://xporn.red/gay/fucking-the-cheating-slut-wife-quietly-because-maybe-her-family-can-hear-us/ 🔞 fucking the cheating slut wife quietly because maybe her family can hear us 🔞🏳️‍🌈 1-on-1 amateur ass-bouncing ass-licking ass-spreading babe big-butt big-pussy bisexual blowjob col,https://bsky.app/profile/did:plc:iv7tdnt4vnkxql2x7tc3hhvl/post/3m2znpetcbn2z,2025-10-12T21:34:34.078000+00:00,COL,281
bluesky_post,bluesky,miosen120.bsky.social,"Domani è lunedì, ho il turno col collega che non sopporto (e non col collega bono) e abbiamo il doppio di lavoro che abbiamo di solito. Penso a Diane Keaton.",https://bsky.app/profile/did:plc:4eroasn7jberybmbsx3nyus4/post/3m2znn4bgds2d,2025-10-12T21:33:18.182000+00:00,COL,157
bluesky_post,bluesky,yo880.bsky.social,ピアノの正式名称は「clavicembalo col piano e forte」訳して「強くも弱くも弾けるチェンバロ」。呼びやすいように「piano」の部分だけが残った。,https://bsky.app/profile/did:plc:bhrt34mtitzinuai2iupwjql/post/3m2zmzd7lod2l,2025-10-12T21:22:13.587000+00:00,COL,86
bluesky_post,bluesky,miscellaneous.bsky.social,"de 3 anos, pele clara, olhos castanhos, cabelo castanho na altura dos ombros, camiseta branca e um chapéu verde escuro col marrom. As duas são mãe e filha e olham para a câmera. A foto é de 1986",https://bsky.app/profile/did:plc:25gqtnpngvbqf6dqzdktnzb2/post/3m2zmvem7ss22,2025-10-12T21:20:01.277000+00:00,COL,194
bluesky_post,bluesky,alexanotherone.bsky.social,"I do not think older people have any concept of what the COL for younger people is, and I'm not even that young I was talking with a coworker about why I don't like in a Jewish neighborhood and he suggested the Upper West Side or Forest Hills as a less expensive option",https://bsky.app/profile/did:plc:udnikfhc2eg2gc3rncipsks6/post/3m2zmjhmovs25,2025-10-12T21:13:21.579000+00:00,COL,269
bluesky_post,bluesky,ikimiky.bsky.social,"-> Col tempo, il mio pensiero per fortuna si è arricchito, ora direi un po' più di cose a quella prof (credo inutilmente, ma tant'è). La storia è complessa, le parole sono importanti. I campi di concentramento una funzione avevano, l'antisemitismo è un concetto più ampio. ->",https://bsky.app/profile/did:plc:bqqg4in6utftfc4c3e2ybcqp/post/3m2zmdajb622e,2025-10-12T21:09:52.580000+00:00,COL,275
bluesky_post,bluesky,livro.bsky.social,A Ilha Perdida - Col. Vaga-Lume - Maria José Dupré,https://bsky.app/profile/did:plc:x55ovmezouimf3gqxdjgn3k4/post/3m2zlfahfno2e,2025-10-12T20:53:05.908000+00:00,COL,50
bluesky_post,bluesky,osor665.bsky.social,"oscarfortizautho.com/books/la-col... GALARDONADA 🏆🏆🏆🏆🏆 5 ESTRELLAS Durante la Guerra Fría, Reino Unido tuvo a Bond. Estados Unidos al agente Delta... Un operador clandestino con licencia para matar en el cumplimiento del deber.",https://bsky.app/profile/did:plc:mpzrqyogpqk26seohelrhvev/post/3m2zl43422c2s,2025-10-12T20:48:10.480000+00:00,COL,227
bluesky_post,bluesky,soumya-goblue.medsky.social,"Yeah, place I went to med school, in a smaller mostly rural #Midwest town, the #cafeteria was HORRIBLE in terms of food choices, and the #residents had free, unlimited access to cafeteria. It did not make for a healthy environment. My current hospital has better options, but also much more high COL",https://bsky.app/profile/did:plc:nxlh63mkcieh3tjloibre7hp/post/3m2zkltjo422d,2025-10-12T20:38:53.677000+00:00,COL,299
bluesky_post,bluesky,gcu-grey-area.bsky.social,"‘We will attempt delivery’. An assault on the West Col of Everest, or we’ll chuck it at your door?",https://bsky.app/profile/did:plc:dtxb7a2sactseqndqodpg6qj/post/3m2zkcbggtk2s,2025-10-12T20:33:32.983000+00:00,COL,98
bluesky_post,bluesky,salvodapisa.bsky.social,"Coi tempi che ci sono per le prenotazioni, magari faccio in tempo col centro anziani che ormai ho già una certa età...🤣🙄",https://bsky.app/profile/did:plc:ys5f4v3hjegjo6didb5pkjmr/post/3m2zijb2lks2d,2025-10-12T20:01:40.579000+00:00,COL,120
bluesky_post,bluesky,its-ya-boi-a-aron.bsky.social,I do think the Democratic Party is only now just getting off its ass bc it thinks it can ride this back into office now that his poll numbers are underwater (and especially with the further inflation and COL increases as a result of TACO tariffs and the Big Ugly Bill).,https://bsky.app/profile/did:plc:q6uk3iqccvmkt67migrfvkrk/post/3m2zh4dvh7s2h,2025-10-12T19:36:32.705000+00:00,COL,269
bluesky_post,bluesky,its-ya-boi-a-aron.bsky.social,"This overlooks the 20% inflation that happened during COVID. The COL never went down, nor did wages increase. Further—“rationality” assumes universality in circumstances but that’s not anyone’s lived experience—meaning everyone can be acting as a rational actor re: their interests.",https://bsky.app/profile/did:plc:q6uk3iqccvmkt67migrfvkrk/post/3m2zh4dp5322h,2025-10-12T19:36:32.679000+00:00,COL,282
bluesky_post,bluesky,aforista.bsky.social,"Quando gli americani vennero in Europa per combattere il nazifascismo deve essergliene rimasto attaccato un po' sotto la suola delle scarpe, se lo sono riportato a casa e col tempo è rigermogliato.",https://bsky.app/profile/did:plc:vb62gowwfrfa5z43qpqtjn2r/post/3m2zgz3zg3c2r,2025-10-12T19:34:44.082000+00:00,COL,197
bluesky_post,bluesky,santiagoeximeno.bsky.social,Reseñas que te alegran el día. Entrañables. www.eolasediciones.es/catalogo/col...,https://bsky.app/profile/did:plc:u3bmeczgpqkj5pov74az7c62/post/3m2zgszckf22k,2025-10-12T19:31:21.880000+00:00,COL,81
bluesky_post,bluesky,paolofm.bsky.social,Ovviamente per Mieli quello di Rocella è un “infortunio” e non pensa che abbia scheletri nell’armadio. Non ha problemi col fascismo “e non li ha manco Giorgia Meloni” (tirata in ballo come excusatio),https://bsky.app/profile/did:plc:pnciikxrjmlompa35545zn45/post/3m2zgg2r6722i,2025-10-12T19:24:06.126000+00:00,COL,199
bluesky_post,bluesky,suzapato.bsky.social,Es un cultiu d'ortigues amb alguna col? 😜,https://bsky.app/profile/did:plc:oqewyqfyev7nb2z2ujccjvlf/post/3m2zgduznyk2c,2025-10-12T19:23:04.283000+00:00,COL,41
bluesky_post,bluesky,wandaly.bsky.social,Ja met Möbius col,https://bsky.app/profile/did:plc:lh2p7dducrg24olct664lgsc/post/3m2zfqowusc26,2025-10-12T19:12:08.086000+00:00,COL,17
bluesky_post,bluesky,snowdayfan1.bsky.social,Colorado teams will karmically pay for each winning a championship until the Rockies finally join them (we’re doomed eternally),https://bsky.app/profile/did:plc:inc7h2cocwhbrpxkipy2aa5f/post/3m2z4mve4d22l,2025-10-12T16:28:56.985000+00:00,Colorado Rockies,127
bluesky_post,bluesky,thatericalper.com,"Kyle Hollingsworth shares 'Colorado', the second single from his new album 'All We Are', out now via SCI Fidelity Records. A vibrant, mountain-inspired ode to the Rockies and the spirit that fuels his music. zurl.co/kZZtI",https://bsky.app/profile/did:plc:vax23oilyd4ui2kmqkzupio5/post/3m2z44xbtvv2q,2025-10-12T16:20:02.479000+00:00,Colorado Rockies,221
bluesky_post,bluesky,rawmlb.bsky.social,"Rockies Announcer Jerry Schemmel Shares How Plane Crash Changed His Life https://www.rawchili.com/mlb/376176/ Jerry Schemmel is one of the nation’s most well-known sports announcers. He’s the current play-by-play man for the Colorado Rockies, and…",https://bsky.app/profile/did:plc:lgxwokjfnegutejxknkdpqwj/post/3m2yzxesslm25,2025-10-12T15:41:07.688000+00:00,Colorado Rockies,247
bluesky_post,bluesky,rawmlb.bsky.social,Rockies Star Prospect Jared Thomas Can’t Get Away from Postseason Awards https://www.rawchili.com/mlb/376119/ The progress of outfielder Jared Thomas is one of the significant success stories in the Colorado Rockies organization…,https://bsky.app/profile/did:plc:lgxwokjfnegutejxknkdpqwj/post/3m2ywkov63x2p,2025-10-12T14:40:20.780000+00:00,Colorado Rockies,229
bluesky_post,bluesky,dailywalkoff.com,Time to remember some Colorado Rockies history with today’s Daily Walkoff! Play puzzles for all 30 teams at dailywalkoff.com #mlb #baseball #baseballtrivia #baseballgame #baseballgame #rockies,https://bsky.app/profile/did:plc:5sqycqcxdfjkqymgetp5ggkt/post/3m2ynhfn36c2y,2025-10-12T11:57:28.180000+00:00,Colorado Rockies,192
bluesky_post,bluesky,rockies.homegame.today,"Colorado Rockies — No, the next game at Coors Field is scheduled for Apr 3, 2026.",https://bsky.app/profile/did:plc:g6gra7oyygr6mfn457mte2qu/post/3m2ydsgqkwx2v,2025-10-12T09:04:39.282000+00:00,Colorado Rockies,81
bluesky_post,bluesky,rawmlb.bsky.social,Did the Rockies Find Their Right Fielder for the Future? https://www.rawchili.com/mlb/375400/ The Colorado Rockies are coming off one of the worst seasons in franchise history. There were a lot…,https://bsky.app/profile/did:plc:lgxwokjfnegutejxknkdpqwj/post/3m2xodhsp472p,2025-10-12T02:40:28.677000+00:00,Colorado Rockies,194
bluesky_post,bluesky,rawmlb.bsky.social,"Rockies Rising Star Sean Sullivan Potential MLB Rotation Candidate in 2026 https://www.rawchili.com/mlb/375339/ The Colorado Rockies weren’t shy about calling up McCade Brown in August, even though he had never thrown…",https://bsky.app/profile/did:plc:lgxwokjfnegutejxknkdpqwj/post/3m2xm5l6z5l2o,2025-10-12T02:01:23.387000+00:00,Colorado Rockies,218
bluesky_post,bluesky,rawmlb.bsky.social,"Colorado Rockies Hiring Troy Tulowitzki As Next Manager https://www.rawchili.com/mlb/375347/ It’s been a rough few years for Colorado Rockies fans, and the 2025 season didn’t help ease anyone’s…",https://bsky.app/profile/did:plc:lgxwokjfnegutejxknkdpqwj/post/3m2xm534ae525,2025-10-12T02:01:06.484000+00:00,Colorado Rockies,194
bluesky_post,bluesky,elonmuskisafraud.bsky.social,"That, or ADX Florence in Colorado, which is considered the Alcatraz of the Rockies. Inmates there spend 23 hours a day in a concrete box lit by a single slot of sunlight with no human contact.",https://bsky.app/profile/did:plc:6ij7vxp2ixkn5lxmzh7iprid/post/3m2xi26ltbc2t,2025-10-12T00:47:54.784000+00:00,Colorado Rockies,192
bluesky_post,bluesky,jdoliverjensen.bsky.social,Many people are saying that the Colorado Rockies desrved to win the NLDS AND the Nobel Prize for Physics... Many people,https://bsky.app/profile/did:plc:pj2u53fjkjlxkwgqdcxx5mj4/post/3m2xdvg3tfk2y,2025-10-11T23:33:38.879000+00:00,Colorado Rockies,119
bluesky_post,bluesky,dinozo69.bsky.social,"Not too bad yet bud the Colorado rivers main water source lake Powell is at record low levels so unless we get a couple good snowy winters up in the Rockies things might get bad. 40 million people in Arizona, California and Nevada depend on the Colorado river.",https://bsky.app/profile/did:plc:3dof4jcjonjzdp6ujqmyt24s/post/3m2xdjiwhxs25,2025-10-11T23:27:00.086000+00:00,Colorado Rockies,260
bluesky_post,bluesky,k-nightgyr.bsky.social,"Also, you should force Dick Monfort, owner of the Colorado Rockies, to sell his baseball team. He is laundering money to Antifa, I learned this information from a trusted witness who happens to be a concerned white Christian man.",https://bsky.app/profile/did:plc:teud3gnxglqae5ucfmkgnhke/post/3m2x5loh3g225,2025-10-11T21:40:50.777000+00:00,Colorado Rockies,229
bluesky_post,bluesky,moviesdock.bsky.social,"Cold Meat Cold Meat | Watch Online & Full Details 🎬 Title: Cold Meat Outside is dangerous. Inside is deadly. Story: David Petersen is passing through the Colorado Rockies. After saving a young diner waitress from her violent ex-husband during a break from driving, he hits the road again alone…",https://bsky.app/profile/did:plc:4lg25tharvjhx6spdc6pvcan/post/3m2x32mayy62x,2025-10-11T20:55:30.381000+00:00,Colorado Rockies,294
bluesky_post,bluesky,craigmeyer.bsky.social,"might be an unpopular opinion, but I hate the new turf at Colorado. that stadium, right at the foothills of the Rockies, looked so much better with natural grass",https://bsky.app/profile/did:plc:2uzuuidkhyplk7lks5pca3hr/post/3m2wzgkw4ms24,2025-10-11T20:26:23.579000+00:00,Colorado Rockies,161
bluesky_post,bluesky,twsnsports.bsky.social,"Colorado Rockies Hiring Troy Tulowitzki as Next Manager It’s been a rough few years for Colorado Rockies fans, and the 2025 season didn’t help ease anyone's concern. Although it’s a bit unorthodox, Troy Tulowitzki is the perfect dark horse hire for the Rockies. Although most people know who…",https://bsky.app/profile/did:plc:6ouqw3agrcudn733au3xg5iv/post/3m2wygewfwk2z,2025-10-11T20:08:24.090000+00:00,Colorado Rockies,292
bluesky_post,bluesky,rawmlb.bsky.social,"Can the Yankees get more offensive production out of slick-fielding third baseman ahead of next season? https://www.rawchili.com/mlb/374834/ When the New York Yankees acquired Ryan McMahon from the Colorado Rockies on July 26, it wasn’t the…",https://bsky.app/profile/did:plc:lgxwokjfnegutejxknkdpqwj/post/3m2wtjauizx2y,2025-10-11T18:40:31.688000+00:00,Colorado Rockies,241
bluesky_post,bluesky,acarsdrama.bsky.social,"VDLM2 Message From: SE-ROX / SK1600 Message: SEAT CUSHION 7D DIRTY. Track Aircraft: https://www.flightradar24.com/SE-ROX Area: Stockholm, Sweden #acars #vdlm2 #SEROX #SK1600",https://bsky.app/profile/did:plc:i6m5urtifwvjqv4bfytcwslt/post/3m2zn6gh6m625,2025-10-12T21:25:04.878000+00:00,Rox,173
bluesky_post,bluesky,noofieninja.bsky.social,Have a great Thanksgiving Rox,https://bsky.app/profile/did:plc:j3fxv6pz3ugl62bel5guesfg/post/3m2zmmlpvtk2z,2025-10-12T21:15:07.381000+00:00,Rox,29
bluesky_post,bluesky,tacos-in-denver.bsky.social,Just like The Rox but without the joy!,https://bsky.app/profile/did:plc:nbnaz3hhp2mevlsddl46l5xj/post/3m2ziele2os2t,2025-10-12T19:59:03.377000+00:00,Rox,38
bluesky_post,bluesky,bububuhler.bsky.social,C’est quelle forme de synesthésie si je vous dit que pour moi le porc épic dans Rox et Rouky c’est un mec trans ? 🥹😅🙃,https://bsky.app/profile/did:plc:22al47sb5yaamjdxq67coylp/post/3m2zicdm4xk2h,2025-10-12T19:57:47.882000+00:00,Rox,117
bluesky_post,bluesky,roxoah.com,"getting curbstomped today [binding of isaac, then mario party collab after] www.twitch.tv/roxoah [art by @magiwonder.bsky.social ]",https://bsky.app/profile/did:plc:xkkkkwsd3fxdj4w5bbw6fa5d/post/3m2z7gwyryc2i,2025-10-12T17:19:24.386000+00:00,Rox,130
bluesky_post,bluesky,aminaleeds.bsky.social,12. #Char_Roleplay EMILIANO: *with a Spanish accent* I have not bought anything this expensive in years. Maybe I feel empty because I not go wild. *jokes* ROXANNA: *chuckles* *with a Spanish accent* What last thing you bought? EMILIANO: 7 layer burrito. From Taco King. ROXANNA: *laughs* And you 1/,https://bsky.app/profile/did:plc:hbacixqaaaj5fjvjdkrmxa2q/post/3m2z2yvzbjs2e,2025-10-12T15:59:54.887000+00:00,Rox,298
bluesky_post,bluesky,rawmlb.bsky.social,Jarren Duran: Boston Red Rox star says he attempted suicide while struggling with his mental health https://www.rawchili.com/mlb/376161/ Editor’s Note: Help is available if you or someone you know is struggling with suicidal thoughts or mental…,https://bsky.app/profile/did:plc:lgxwokjfnegutejxknkdpqwj/post/3m2yysjjitj2p,2025-10-12T15:20:30.982000+00:00,Rox,244
bluesky_post,bluesky,rj.rjhuneke.com,Ady and Me by Richard and Rox Pink: 5-Stars ADHD love fills this picture book with a moving celebration of neurodivergence. This children’s book is a BLAST for kids and adults alike! theforgottenfiction.com/ady-and-me-b...,https://bsky.app/profile/did:plc:qftbilbsm4yb3bljpdnl4tly/post/3m2ykccd5gf24,2025-10-12T11:00:54.584000+00:00,Rox,222
bluesky_post,bluesky,emmamurphy1965.bsky.social,"If you watch Rox, you are part of the problem. You are complicit in the murder of American democracy and the relentless cruelty inflicted on decent people.",https://bsky.app/profile/did:plc:moetac4k3fzypf5snsacbtye/post/3m2yk4elec22n,2025-10-12T10:57:36.381000+00:00,Rox,155
bluesky_post,bluesky,rawmlb.bsky.social,Woody Paige: It’s time for Monforts to start anew and revamp Rox front office https://www.rawchili.com/mlb/375813/ In less than a century the Monfort family digressed from livestock to laughingstock. Once the proud possessors of…,https://bsky.app/profile/did:plc:lgxwokjfnegutejxknkdpqwj/post/3m2ygw2tbbx2l,2025-10-12T10:00:22.676000+00:00,Rox,229
bluesky_post,bluesky,gr1ph1n.bsky.social,Sora rox!!!,https://bsky.app/profile/did:plc:6yul5kkcfasnpugaf6xnuxol/post/3m2ydm6ygks2t,2025-10-12T09:01:10.982000+00:00,Rox,11
bluesky_post,bluesky,stevengoldman.bsky.social,"It's always cool when an ex-Rox, Pirates, or White Sox player does something good and one is confirmed in their feeling that it was not the player who failed his former team, but the team who failed the player. If an owner is toxic to the fans, they're probably toxic too their employees too.",https://bsky.app/profile/did:plc:zruxtxus5tz3z4h7fsnr26mj/post/3m2xjqujc7k22,2025-10-12T01:18:29.383000+00:00,Rox,292
bluesky_post,bluesky,scottie-jar.bsky.social,"Hey Max, wanted your opinion on my CHAOTIX Inspired OC because I made him pretty recently and I thought it was fitting that we both made a sonic oc at basically the same time lol His name is Rox the Hyrax btw",https://bsky.app/profile/did:plc:v44prnjqngkuczjz2rubytiy/post/3m2xjim5dhk2a,2025-10-12T01:13:54.881000+00:00,Rox,208
bluesky_post,bluesky,sandeep2803.bsky.social,@docwyattbeyond.bsky.social I have a few questions and I'm hoping you could answer them 1) is the spectral land battle of thunder fang tried to absorb the arc dragon sould would he have gotten Lloyd's and arins souls too? 2) did rox use her powers in S3? 3) will we see Jay use shatterspin again?,https://bsky.app/profile/did:plc:b2akqlgjr632fsmgm3a2ktd3/post/3m2x3c2hg7k2q,2025-10-11T20:59:40.685000+00:00,Rox,296
bluesky_post,bluesky,kn1ght-of-t1me.bsky.social,// sigh ill set up rox when im not writting angst,https://bsky.app/profile/did:plc:na2psp6sp5dqtzotc6ymf2fz/post/3m2wwqv5fgk27,2025-10-11T19:38:28.980000+00:00,Rox,49
bluesky_post,bluesky,scottie-jar.bsky.social,Did i inspire you with Rox or?,https://bsky.app/profile/did:plc:v44prnjqngkuczjz2rubytiy/post/3m2ww4o7cn224,2025-10-11T19:27:11.282000+00:00,Rox,30
bluesky_post,bluesky,thesepticaemia.bsky.social,"Tape 56- Adam Wingard Brad- Adam Wingard Rox- Kentucker Audley Zak- Lane Hughes Gary- Calvin Leed Reeder While not the best frame narrative, it is a good start for the franchise and why we are watching these segments. It is eerie, but not as scary as the main segments",https://bsky.app/profile/did:plc:bm7fcads5hw4os2o4e6kox6i/post/3m2wlcu7dms2y,2025-10-11T16:13:46.984000+00:00,Rox,268
bluesky_post,bluesky,sherenb.bsky.social,i’m really surprised they didn’t use more tag moves. in the giulia + rox match rhiyo moved more like a tag than here. still an amazing match tho,https://bsky.app/profile/did:plc:xstatx2zo7mgtpwxcbshcqow/post/3m2wfojp5lc2a,2025-10-11T14:32:56.283000+00:00,Rox,144
bluesky_post,bluesky,mrnurse27th.bsky.social,"“No need ROX all my phone, because I changed my number today. And matter fact I think I’m moving away….” Is the most Capricorn thing Mariah has ever written lol",https://bsky.app/profile/did:plc:3q2dpn55psm52vlz6t353hgd/post/3m2wciojrv22q,2025-10-11T13:35:58.988000+00:00,Rox,160
bluesky_post,bluesky,michelerbot.bsky.social,"damn, damn what rox say about me? i don’t know man soupies on your matza",https://bsky.app/profile/did:plc:xju72esqg7m3labaljkurkr5/post/3m2vulsisza2x,2025-10-11T09:27:10.985000+00:00,Rox,72
bluesky_post,bluesky,collinlieberg.bsky.social,"May you have lots of Rox In the Box, but Don’t Go to the Woods because the Shankill Butchers will get you!",https://bsky.app/profile/did:plc:drrthuec4m5dbvbcnlct7r7y/post/3m2v5qb77jk2z,2025-10-11T02:38:05.493000+00:00,Rox,106
bluesky_post,bluesky,michelerbot.bsky.social,"suddenly rox breaks out, incarcerate",https://bsky.app/profile/did:plc:xju72esqg7m3labaljkurkr5/post/3m2uzcnkteh2l,2025-10-11T01:18:52.683000+00:00,Rox,36
bluesky_post,bluesky,maxmann.bsky.social,"Agree with Rox, that mouse gal looks really cute! You got my discord and bsky already :3",https://bsky.app/profile/did:plc:cq36pyrqlcrnereodzzgwjkj/post/3m2uyctlxjs2l,2025-10-11T01:01:05.906000+00:00,Rox,88
bluesky_post,bluesky,ner.bsky.social,I'm not too beefed about the time gated content. I've played other games with it (Throne and Liberty) and I'm appreciative that I don't feel pressured to have this shit open 24/7 unlike -cough- ROX.,https://bsky.app/profile/did:plc:xwviv2jzg2shdtaxjhxme2cf/post/3m2up33svhs2f,2025-10-10T22:15:42.278000+00:00,Rox,198
bluesky_post,bluesky,raptorsfanz.bsky.social,"I was not sure to post about it, but i received it today. I already enjoy read it on my balcony📖I also read Mike Bossy biography, my friend Rox give me back the motivation to read heven i'm slow reading...",https://bsky.app/profile/did:plc:qqurindatxdxpv3zywae7b7n/post/3m2ujcnoghc2e,2025-10-10T20:32:37.776000+00:00,Rox,205
bluesky_post,bluesky,antikerbal.bsky.social,> tokshow Hou deze term warm.,https://bsky.app/profile/did:plc:q4v6qo4hsefwzdiklb7rd73c/post/3m2zq7pznes2f,2025-10-12T22:19:30.379000+00:00,HOU,29
bluesky_post,bluesky,kx1t-test.bsky.social,ICAO: ABEC26 Owner: SOUTHWEST AIRLINES Flt: SWA1890 N8677A B738 HOU-LAS Time: 2025-10-12 18:01:57 EDT Min Alt: 30000 ft Min Dist: 0.91 km (-60° WNW) Squawk: 7347 Loudness: -1 dB dev adsb planefence by kx1t -•sdr-e•airplanes•flightaware•faa,https://bsky.app/profile/did:plc:lwhroh6pcztwb4evj5xwmqjo/post/3m2zq5qxctl2z,2025-10-12T22:18:24.383000+00:00,HOU,239
bluesky_post,bluesky,wdekonink.bsky.social,"Leuk debat, maar alstublieft, hou op met dat iedere keer applaudisseren. Het voegt werkelijk niets toe, kost alleen maar tijd en het haalt de vaart uit het debat. #rtldebat",https://bsky.app/profile/did:plc:72fnp7hqfwycsuu7go7dlv2e/post/3m2zpvt6p3k2z,2025-10-12T22:13:56.585000+00:00,HOU,172
bluesky_post,bluesky,patrickboskessen.bsky.social,"Dus vrouwelijke racisten en racisten zijn er niet of haten vrouwen? Ik hou van je passie voor gerechtigheid en het feit dat je je uitspreekt. Soms schiet je met een hagelschot, een beetje mis maar dat doet niks af aan hoe goed het is dat je je uitspreekt❤️",https://bsky.app/profile/did:plc:tdt6e4zsdaqrqjnffh6a7io6/post/3m2zppgg4hs2m,2025-10-12T22:10:25.082000+00:00,HOU,256
bluesky_post,bluesky,dawnhulot.bsky.social,"NOT THE LORD I KNOW, THE ONE WHO TEACHES THE BEATITUDES AND THE PARABLE OF THE GOOD SAMARITAN. Rep. Jim Jordan (R-Ohio) said on Sunday that Immigration and Customs Enforcement (ICE) agents are “doing the Lord’s work”. thehill.com/homenews/hou...",https://bsky.app/profile/did:plc:vbp22zmhagfvoavtwtljudqg/post/3m2zpjcgbas2a,2025-10-12T22:07:00.985000+00:00,HOU,245
bluesky_post,bluesky,bakerdphd.bsky.social,The fella at 2:25/2:26 is exactly what I imagine the vibe is in Newport www.bravotv.com/the-real-hou...,https://bsky.app/profile/did:plc:ozma3timm5c32fa7bimb4zaj/post/3m2zpaj4udc2w,2025-10-12T22:02:05.695000+00:00,HOU,103
bluesky_post,bluesky,jan1955.bsky.social,Hou me vast: een dominosteen van een crisis is omgevallen (of staat op omvallen)…,https://bsky.app/profile/did:plc:leaiffst5f7qdcni2l2bvxaz/post/3m2zozrpzzc2x,2025-10-12T21:58:17.680000+00:00,HOU,81
bluesky_post,bluesky,ishatthenews.bsky.social,Put it on a t-shirt you motherfuckers... thehill.com/homenews/hou...,https://bsky.app/profile/did:plc:3k2umregwyiq2joua66235ps/post/3m2zoqiefzc2m,2025-10-12T21:53:04.682000+00:00,HOU,68
bluesky_post,bluesky,coalisdead.bsky.social,The Houthis position is one of strength because they never negotiate with Israel. They respond reciprocally We should all be like Houthis www.middleeasteye.net/news/how-hou...,https://bsky.app/profile/did:plc:dclxav32ucuv5mfj5hac2yfx/post/3m2znqrqu4225,2025-10-12T21:35:26.176000+00:00,HOU,175
bluesky_post,bluesky,rochelew1l.bsky.social,www.foxnews.com/politics/hou...,https://bsky.app/profile/did:plc:nqzbxan7rbjc6jtyp6tn2twi/post/3m2znca75k22b,2025-10-12T21:27:14.578000+00:00,HOU,31
bluesky_post,bluesky,1toughguy2.bsky.social,thehill.com/homenews/hou... characters are the same 👇,https://bsky.app/profile/did:plc:wswzqk3ciwqkeo3iimejaqmq/post/3m2zmsuritk2e,2025-10-12T21:18:38.290000+00:00,HOU,53
bluesky_post,bluesky,hanneketoverheks.bsky.social,Ik ga zo weer instoppen en voorhoofdskusjes uitdelen! Slaap lekker en droom mooie dromen. Ik hou de wacht. #InstopperTvanBluesky,https://bsky.app/profile/did:plc:pbqnzrfqvahlufgnxjr7urnc/post/3m2zkzhcw5k2u,2025-10-12T20:46:32.583000+00:00,HOU,128
bluesky_post,bluesky,ietsist.bsky.social,"Hou op zeg, zij praat zelf overal doorheen en probeert elk inhoudelijk debat persoonlijk te maken. @nrc.nl wat een waardeloze rechtse krant ben je toch.",https://bsky.app/profile/did:plc:5p2xjzt3ihmhi7vpjgh2h45b/post/3m2zkwi5rss25,2025-10-12T20:44:52.003000+00:00,HOU,152
bluesky_post,bluesky,sanverv.bsky.social,"In plaats van debat kijken was ik aan het videobellen met iemand waar ik van hou, en dat kan ik iedereen aanraden. Beter voor je gezondheid. Truste.",https://bsky.app/profile/did:plc:y5iz5vp22vfjcucytqlffzd3/post/3m2zkofyods2b,2025-10-12T20:40:20.780000+00:00,HOU,148
bluesky_post,bluesky,ietsist.bsky.social,"""met je centrumrechts kabinet"". Dat zou je alléén kunnen doen mét de PVV, en dat gaat niet gebeuren, miep. Hou OP met dit land kapot te maken @vvdonline.bsky.social! #RTLdebat",https://bsky.app/profile/did:plc:5p2xjzt3ihmhi7vpjgh2h45b/post/3m2zkhrseck25,2025-10-12T20:36:38.277000+00:00,HOU,175
bluesky_post,bluesky,ruiterprins.bsky.social,Hou elkaar maar vast Luus Sterkte ❤️,https://bsky.app/profile/did:plc:xhgcdqtcasrav25n2xsjcey3/post/3m2zk7bnxec2k,2025-10-12T20:31:54.877000+00:00,HOU,36
bluesky_post,bluesky,rick5767.bsky.social,Mmmm ik hou ook van rood harig,https://bsky.app/profile/did:plc:dof2zdwvvmmxp6ixe7twhqvy/post/3m2zjwh5clc27,2025-10-12T20:26:56.382000+00:00,HOU,30
bluesky_post,bluesky,steeman.bsky.social,Hou van ze.,https://bsky.app/profile/did:plc:xy4p6yruekduglxutslxmfot/post/3m2zjug32qk2p,2025-10-12T20:25:47.885000+00:00,HOU,11
bluesky_post,bluesky,jwvld.bsky.social,Luister... Hij was er niet. Waarom geef je hem dan TOCH aandacht? Hou nou met zijn allen toch eens op te doen of de nulmeridiaan door die vent zijn bilspleet loopt.,https://bsky.app/profile/did:plc:77qa3rxx32zfifm4er26z7ni/post/3m2zjknmxc22r,2025-10-12T20:20:22.580000+00:00,HOU,164
bluesky_post,bluesky,johansvisie.bsky.social,Oh en @lisetteoptexel.bsky.social ik hou er wss nog vrijwilligerswerk aan over bij Vrijwillig Landschapsbeheer #Beuningen Ze vroegen mijn naw 🙄 Ik ga sws eens kijken. Lekker buiten in de natuur. @pengwen.me,https://bsky.app/profile/did:plc:mzmahztclrvllkbos2c7bomh/post/3m2zjhhmeik2c,2025-10-12T20:18:33.483000+00:00,HOU,206
bluesky_post,bluesky,steviehowlin.com,Jaguars splits 2025: WLWWWL Overall: 4-2 (11) Home: 3-1 (4) Away: 1-1 (6) London: 0-0 (1) vs AFC: 2-1 (9) vs AFC South: 1-0 (5) vs HOU: 1-0 (1) vs TEN: 0-0 (2) vs IND: 0-0 (2) vs AFC West: 1-0 (3) vs AFC North: 0-1 vs AFC East: 0-0 (1) vs NFC: 2-1 (2) vs NFC West: 1-1 (2) vs NFC South: 1-0,https://bsky.app/profile/did:plc:6s4z242xnhpsgj5ankmzv5mm/post/3m2zjgzekkk2r,2025-10-12T20:18:18.581000+00:00,HOU,290
bluesky_post,bluesky,pauladepaula.bsky.social,"Same. Ik hou niet van grote menigten. Maar bij deze massademo van vorige week heb ik me geen seconde vervelend gevoeld. Politieagenten stonden vriendelijk een beetje te niksen langs de rode lijn. Wie niet ziet wat voor verschil er is tussen zgn antifa en zgn ant-immigranten, is blind dom-rechts.",https://bsky.app/profile/did:plc:ylikprvb72ld4e56rxfs2rfp/post/3m2zjab45gk2b,2025-10-12T20:14:31.881000+00:00,HOU,296
bluesky_post,bluesky,dreoudman.bsky.social,"Ik hou van praatprogramma’s, maar dan wel met vrije individuen als kunstenaars, schrijvers, musici, wetenschappers kunstkenners, theatermakers, gewone onbekende mensen, noem maar op, in ieder geval géén politici!",https://bsky.app/profile/did:plc:w7ztz47lhdpyu6re7xhccbt3/post/3m2zivuzqj22a,2025-10-12T20:08:43.683000+00:00,HOU,212
bluesky_post,bluesky,steetje30.bsky.social,"Zo is het!! Hou vol en ga zo door, wij zijn met meer ❤️",https://bsky.app/profile/did:plc:az7merc3g4vcdrlswc3d4ara/post/3m2zit4pow22q,2025-10-12T20:07:11.279000+00:00,HOU,55
bluesky_post,bluesky,rawmlb.bsky.social,"6 contracts that could hold the Astros back in 2026 and beyond https://www.rawchili.com/mlb/376095/ The Houston Astros have a lot of work ahead of them, and thanks to missing the playoffs for…",https://bsky.app/profile/did:plc:lgxwokjfnegutejxknkdpqwj/post/3m2yvgmhjja2l,2025-10-12T14:20:10.080000+00:00,Houston Astros,192
bluesky_post,bluesky,deminomichael.bsky.social,"The Brewers knocked out my ex favorite team the Cubs in the NLDS Game 5! The same score as the NL Central tie-breaker 3-1. The Houston Astros will be my new favorite MLB team going into next season. And I would like a Astros Shirt, & Pennant, and Jose Altuve Jersey for Christmas in 2 1/2 months.",https://bsky.app/profile/did:plc:lmlarboqyjwbts2xo6ihhlhl/post/3m2ytvkzvhc25,2025-10-12T13:52:44.385000+00:00,Houston Astros,296
bluesky_post,bluesky,rawmlb.bsky.social,Zach Cole Considered Astros Prospect of Year by Top MLB Site https://www.rawchili.com/mlb/376038/ The Houston Astros needed help from the minor leagues throughout the 2025 season as the franchise set records…,https://bsky.app/profile/did:plc:lgxwokjfnegutejxknkdpqwj/post/3m2ytaodjzy27,2025-10-12T13:41:03.085000+00:00,Houston Astros,208
bluesky_post,bluesky,rawmlb.bsky.social,"What the Astros definitely didn’t learn after sideways 2025 season https://www.rawchili.com/mlb/375938/ In many ways, the Houston Astros’ season was one of contradictions. The club wanted to compete, yet made…",https://bsky.app/profile/did:plc:lgxwokjfnegutejxknkdpqwj/post/3m2yoqkpvo32l,2025-10-12T12:20:27.279000+00:00,Houston Astros,209
bluesky_post,bluesky,astros.homegame.today,"Houston Astros — No, the next game at Minute Maid Park is scheduled for Mar 26, 2026.",https://bsky.app/profile/did:plc:2qwwkjqbdzus64ra3t5iwkjh/post/3m2ydsk2ixt2b,2025-10-12T09:04:42.680000+00:00,Houston Astros,85
bluesky_post,bluesky,rawmlb.bsky.social,"Astros Make Joe Espada Decision After Missing MLB Playoffs https://www.rawchili.com/mlb/375460/ The Houston Astros finished off the 2025 regular season on a disappointing note, missing out on the MLB…",https://bsky.app/profile/did:plc:lgxwokjfnegutejxknkdpqwj/post/3m2xrpagnlf25,2025-10-12T03:40:44.779000+00:00,Houston Astros,200
bluesky_post,bluesky,rawmlb.bsky.social,"How Joe Espada’s Contract Status with Astros Could Affect MLB Managerial Market https://www.rawchili.com/mlb/375417/ Coming off a rare postseason miss by the Houston Astros, many had questions about the security of Joe…",https://bsky.app/profile/did:plc:lgxwokjfnegutejxknkdpqwj/post/3m2xphqkv3y2c,2025-10-12T03:00:45.686000+00:00,Houston Astros,219
bluesky_post,bluesky,rawmlb.bsky.social,Astros Mentioned as Free Agency Fit For All-Star Slugger to Fix Outfield https://www.rawchili.com/mlb/375313/ The Houston Astros failed to make the postseason this year in what was the first campaign of a…,https://bsky.app/profile/did:plc:lgxwokjfnegutejxknkdpqwj/post/3m2xkymh24m2c,2025-10-12T01:40:43.284000+00:00,Houston Astros,205
bluesky_post,bluesky,rawmlb.bsky.social,Astros Mentioned as Free Agency Fit For All-Star Slugger to Fix Outfield https://www.rawchili.com/mlb/375269/ The Houston Astros failed to make the postseason this year in what was the first campaign of a…,https://bsky.app/profile/did:plc:lgxwokjfnegutejxknkdpqwj/post/3m2xirfiiri26,2025-10-12T01:00:53.682000+00:00,Houston Astros,205
bluesky_post,bluesky,giantbot.bsky.social,🤖 Marty Lurie Marty Lurie & Friends On Which Pitchers the Giants Should Target In Offs... 🔗 via @YouTube,https://bsky.app/profile/did:plc:luuzpk7xzpkm6exbnbza46or/post/3m2xfglwixq2b,2025-10-12T00:01:10.291000+00:00,Houston Astros,104
bluesky_post,bluesky,rawmlb.bsky.social,"How Joe Espada’s Contract Status with Astros Could Affect MLB Managerial Market https://www.rawchili.com/mlb/374902/ Coming off a rare postseason miss by the Houston Astros, many had questions about the security of Joe…",https://bsky.app/profile/did:plc:lgxwokjfnegutejxknkdpqwj/post/3m2wwulie6b2l,2025-10-11T19:40:33.181000+00:00,Houston Astros,219
bluesky_post,bluesky,houston.thesocial.news,Nolan Ryan Houston Astros Nike Home Cooperstown Collection Player Jersey - White #astros #mlb #NolanRyan #ad,https://bsky.app/profile/did:plc:mmrkfisb3rfp2kaxkn7husdm/post/3m2wq6xel2w2z,2025-10-11T17:41:04.681000+00:00,Houston Astros,108
bluesky_post,bluesky,roygbev.bsky.social,That’s funny because I haven’t even thought about the Houston Astros in weeks.,https://bsky.app/profile/did:plc:6dy5kw4yijoj3hfd6sj76fww/post/3m2wowskypk2p,2025-10-11T17:18:37.787000+00:00,Houston Astros,78
bluesky_post,bluesky,houston.thesocial.news,Jose Altuve Houston Astros Nike Alternate 2 Replica Jersey #astros #mlb #ad,https://bsky.app/profile/did:plc:mmrkfisb3rfp2kaxkn7husdm/post/3m2wol4jcyw2z,2025-10-11T17:12:06.277000+00:00,Houston Astros,75
bluesky_post,bluesky,courtmouse.bsky.social,"As a Rangers fan, I am grateful to the Mariners for vanquishing the cheating Stros. Also know what it feels like to finally win a WS. For this post season, count me as a Mariners' fan",https://bsky.app/profile/did:plc:nvfvknxjyotipzooapwt7vwu/post/3m2z3sbsrsl2b,2025-10-12T16:14:04.290000+00:00,Stros,183
bluesky_post,bluesky,dannycooper.bsky.social,Off the top of my head can think of the epic ‘86 NLCS between the Mets and the ‘Stros,https://bsky.app/profile/did:plc:b5ium6ghm67zfgs4s3asin2y/post/3m2xmmnewts2n,2025-10-12T02:09:48.982000+00:00,Stros,85
bluesky_post,bluesky,dbrauer.net,Yeah Tigers are likable imho (they’re not Yanks or Stros) but M’s are just oh-for-1977,https://bsky.app/profile/did:plc:2yhglxsi2owchryafic2gmr3/post/3m2v3gdrt2c26,2025-10-11T01:56:44.481000+00:00,Stros,86
bluesky_post,bluesky,rawmlb.bsky.social,Biggest potential Houston Astros offseason CURVEBALLS? https://www.rawchili.com/4580586/ Biggest potential Houston Astros offseason CURVEBALLS? Welcome into Stone Cold Stros. I’m Brandon Strange with Charlie Polo and…,https://bsky.app/profile/did:plc:lgxwokjfnegutejxknkdpqwj/post/3m2kizcjfki26,2025-10-06T21:00:42.259000+00:00,Stros,217
bluesky_post,bluesky,rawnba.bsky.social,Biggest potential Houston Astros offseason CURVEBALLS? https://www.rawchili.com/4580586/ Biggest potential Houston Astros offseason CURVEBALLS? Welcome into Stone Cold Stros. I’m Brandon Strange with Charlie Polo and…,https://bsky.app/profile/did:plc:xlulqhjwqq6alvjkht57sbm5/post/3m2khuvazqx2d,2025-10-06T20:40:20.859000+00:00,Stros,217
bluesky_post,bluesky,juleshghn.bsky.social,Yeah! Zombie ‘Stros and Melbourne United!,https://bsky.app/profile/did:plc:bs4y23m66cyzhj2ngdslojy4/post/3m2gskkbifk23,2025-10-05T09:40:46.258000+00:00,Stros,41
bluesky_post,bluesky,mrbtx.bsky.social,not me going WhAt FlAg Is ThAt and then it's 'Stros,https://bsky.app/profile/did:plc:jlh7vgcxi5joydywqldvpjfa/post/3m2ajgn7mhk2o,2025-10-02T21:41:31.950000+00:00,Stros,51
bluesky_post,bluesky,waxsonic.bsky.social,"Hi Penelope, how have you been? Weird to not see our Stros in playoffs. It’s been an incredible run. #GoStros",https://bsky.app/profile/did:plc:agswyhivzujgl5qepiwktwxo/post/3m26fmwstx225,2025-10-02T01:28:09.053000+00:00,Stros,109
bluesky_post,bluesky,booksandbows.bsky.social,"if you’re wearing a mariners hat on lawrence avenue right now, yes it was me that yelled “go stros” out my car window at you",https://bsky.app/profile/did:plc:ph4u7fikda3oqy6dwdtskq3k/post/3m25z7ebqx22l,2025-10-01T21:45:48.556000+00:00,Stros,124
bluesky_post,bluesky,cane.rocks,stros should get a guy or two like this! #justsayin,https://bsky.app/profile/did:plc:5j7o2wzzpxbshkkb245icknz/post/3m23uxtvhns2a,2025-10-01T01:24:42.150000+00:00,Stros,51
bluesky_post,bluesky,sewersounds.com,Bregman serving up a portion of post season ‘stros for ya,https://bsky.app/profile/did:plc:fbcd36ls4gdwwluy2l23xbdm/post/3m23ljqotwk2f,2025-09-30T22:35:45.252000+00:00,Stros,57
bluesky_post,bluesky,courtmouse.bsky.social,And not a CHEATING STROS game among them. I celebrate.,https://bsky.app/profile/did:plc:nvfvknxjyotipzooapwt7vwu/post/3m23ed6c5g22c,2025-09-30T20:26:51.058000+00:00,Stros,54
bluesky_post,bluesky,dougm87.bsky.social,"How do you include *stros ? They cheated in the ALCS and WS , that we know about. Do better.",https://bsky.app/profile/did:plc:hqv4gye5wiufhitnixzdrjwq/post/3m22wlfegpc2u,2025-09-30T16:20:51.858000+00:00,Stros,92
bluesky_post,bluesky,foreverdickiethon.bsky.social,Astros fan popping up to admit that I am also excited about this before hiding again so the other stros fans don’t notice.,https://bsky.app/profile/did:plc:5e7acxlergqjgqelzedjpvri/post/3m22j3uhcic2l,2025-09-30T12:19:32.452000+00:00,Stros,122
bluesky_post,bluesky,loona-c.bsky.social,Go 'Stros!,https://bsky.app/profile/did:plc:pv7d4i35rexkjbbj2aybysp5/post/3lzzpe4enus2n,2025-09-30T04:38:52.151000+00:00,Stros,10
bluesky_post,bluesky,sewersounds.com,“Stros please exit through the weird doors”,https://bsky.app/profile/did:plc:fbcd36ls4gdwwluy2l23xbdm/post/3lzzapoovb22p,2025-09-30T00:16:53.753000+00:00,Stros,43
bluesky_post,bluesky,down-deep.bsky.social,"'Stros ain't make it. I'm deciding who I'll vote for the All-MLB Team. But dude, I am going to vent to you because. I have had a horrible time since last Tuesday, physically. I slipped on Friday, the pain was so bad. Sat and Sun I could barely eat food or regular meds. I got a full night sleep ->",https://bsky.app/profile/did:plc:rblzpa7o3mdkjxeinn433ljj/post/3lzz4xwle7e2a,2025-09-29T23:09:56.661000+00:00,Stros,297
bluesky_post,bluesky,astrosfansuk.bsky.social,"Today’s Extra Innings - the Astros Fans UK next-day recap: Game 162 - Astros 6-2 Angels Check out ‘3 Up, 3 Down’ as I look at a power-laden final W of the season. Thank you for watching Extra Innings - The Next Day Recap throughout 2025! Roll on 2026 - GO 'STROS!! #Astros",https://bsky.app/profile/did:plc:suhqgxanliwgo4yjdrmgvzmw/post/3lzynte76ys24,2025-09-29T18:38:58.962000+00:00,Stros,272
bluesky_post,bluesky,rawmlb.bsky.social,What a season. See you guys in 2026. Go Stros 🧑‍🚀 https://www.rawchili.com/4562580/ What a season. See you guys in 2026. Go Stros 🧑‍🚀,https://bsky.app/profile/did:plc:lgxwokjfnegutejxknkdpqwj/post/3lzx3mzqp3v2l,2025-09-29T03:40:36.952000+00:00,Stros,133
bluesky_post,bluesky,courtmouse.bsky.social,Congrats. From a hater of the Cheating Stros.,https://bsky.app/profile/did:plc:nvfvknxjyotipzooapwt7vwu/post/3lzwwubu6is2t,2025-09-29T02:15:11.749000+00:00,Stros,45
bluesky_post,bluesky,changewill.bsky.social,My 'Stros won. Thanks goodness.,https://bsky.app/profile/did:plc:gcqbhyzam5oh62xyu4mebbfi/post/3lzwignt7vs2h,2025-09-28T21:57:04.050000+00:00,Stros,31
bluesky_post,bluesky,kissphoria.bsky.social,for the final time this year: go stros,https://bsky.app/profile/did:plc:tsveacqzpqosfuahoqgsfu4a/post/3lzwi77kvfc2j,2025-09-28T21:52:51.950000+00:00,Stros,38
bluesky_post,bluesky,javi87.bsky.social,Fin………..25’ Stros,https://bsky.app/profile/did:plc:lrtzekxkzq5hyhmesdtb7ggj/post/3lzwi6ekn5c2l,2025-09-28T21:52:23.552000+00:00,Stros,17
bluesky_post,bluesky,timspies.bsky.social,"As the season comes to a close, just want to say I appreciate all the new #Astros Bluesky peeps I’ve gotten to know this year, as well as the OGs I now know even better. Getting to meet and hang out with some of you IRL made it even better. Cheers and Go ‘Stros!",https://bsky.app/profile/did:plc:ayni4aoqhiixy4dt3w6atshr/post/3lzwhu3ncls2n,2025-09-28T21:46:38.451000+00:00,Stros,262
bluesky_post,bluesky,dylmdav.bsky.social,my days are gonna be a little more boring without stros bsky,https://bsky.app/profile/did:plc:4msurte3uoa37puu2ma673t6/post/3lzwhm7ybdc2n,2025-09-28T21:42:15.556000+00:00,Stros,60
bluesky_post,bluesky,rawnhl.bsky.social,Capitals ‘working through a few things’ with lineup against Rangers https://www.rawchili.com/nhl/240512/ The Washington Capitals will wrap up a New York-based back-to-back on Sunday night as they face off against…,https://bsky.app/profile/did:plc:nlu4psqeoqzp2a37vkg4btxw/post/3m2zrjo3flq2k,2025-10-12T22:42:57.682000+00:00,Rangers,213
bluesky_post,bluesky,rawnhl.bsky.social,"How to Watch Capitals at Rangers (Oct. 12): Stream NHL Live, TV Channel https://www.rawchili.com/nhl/240518/ Division foes face-off as the Washington Capitals skate into Madison Square Garden to face the New York Rangers…",https://bsky.app/profile/did:plc:nlu4psqeoqzp2a37vkg4btxw/post/3m2zrjdapcd22,2025-10-12T22:42:46.183000+00:00,Rangers,221
bluesky_post,bluesky,lucifader.bsky.social,The Rangers have This Hat,https://bsky.app/profile/did:plc:q2azjk2x5pof4sf3dejvrmo4/post/3m2zrco377k2c,2025-10-12T22:39:05.586000+00:00,Rangers,25
bluesky_post,bluesky,baileyannej.bsky.social,"Capitals' lines against the Rangers at MSG, with Hendrix Lapierre and TvR both out: Milano-Strome-Ovechkin Protas-Dubois-Wilson Beauvillier-McMichael-Leonard Duhaime-Dowd-Sourdif Fehervary-Carlson Sandin-Roy Chychrun-Chisholm Lindgren",https://bsky.app/profile/did:plc:4b3eqrqb22k4leqt7yrlylka/post/3m2zra7rdpk2v,2025-10-12T22:37:40.078000+00:00,Rangers,234
bluesky_post,bluesky,lineslineslines.bsky.social,Rangers lines,https://bsky.app/profile/did:plc:hkutdekynpzrzjikgwscczjk/post/3m2zr7l7zjs2p,2025-10-12T22:37:18.981000+00:00,Rangers,13
bluesky_post,bluesky,prettypinkpansy.bsky.social,"It's exactly what you deserve because creative work, especially fanwork, is nothing if not a vehicle to project our feelings. Love what you make, do not disparage it. Things could be so much worse. You could be making 5000 pictures of the mouse from rescue rangers with excessive emphasis on her feet",https://bsky.app/profile/did:plc:uc7ekt5is6awyodzropn63xw/post/3m2zr35zdus22,2025-10-12T22:34:50.479000+00:00,Rangers,300
bluesky_post,bluesky,uk-news.bsky.social,"Simon Jordan brands Celtic ‘lazy’ over Brendan Rodgers call amid Rangers manager search https://www.europesays.com/uk/494625/ It’s never a dull day in Glasgow, as there is more drama off the field than on the…#uk #news #uknews",https://bsky.app/profile/did:plc:vizwdor43adw3277u2kkrssd/post/3m2zr2lfucf22,2025-10-12T22:34:31.986000+00:00,Rangers,226
bluesky_post,bluesky,colinsnewsday.bsky.social,Jonathan Quick leads the Rangers onto the Garden ice for warmups.,https://bsky.app/profile/did:plc:tnxjm62feedqybqzsruwe347/post/3m2zqw3gzbc2d,2025-10-12T22:32:01.183000+00:00,Rangers,65
bluesky_post,bluesky,postsports.bsky.social,The Capitals are set to face the Rangers in the second game of the season’s first back-to-back. Charlie Lindgren will get the start in goal.,https://bsky.app/profile/did:plc:iqsqujzwfu5eqgab7oxn4i54/post/3m2zquavpxc2v,2025-10-12T22:31:00.579000+00:00,Rangers,140
bluesky_post,bluesky,lajina.bsky.social,"Rangers: Who do fans want after Steven Gerrard turned them down? Former Sheffield Wednesday boss Danny Rohl is reportedly the new favourite, but there appears to be no consensus about who Rangers should turn to next. Heart of Midlothian's Derek McInnes, St Mirren's Stephen Robinson, Livingston's…",https://bsky.app/profile/did:plc:3jgmh5wf5yq3cu6ajyvlbuj3/post/3m2zqn7ocad2n,2025-10-12T22:27:02.882000+00:00,Rangers,297
bluesky_post,bluesky,rawnhl.bsky.social,Pregame: Mike Sullivan | New York Rangers https://www.rawchili.com/nhl/240489/ newyorkrangers.com is the official Web site of the New York Rangers. New York Rangers is a trademark of…,https://bsky.app/profile/did:plc:nlu4psqeoqzp2a37vkg4btxw/post/3m2zqixppve2d,2025-10-12T22:24:40.385000+00:00,Rangers,183
bluesky_post,bluesky,noelct.bsky.social,"Stuff I Read and Watched from October 5 - 11, 2025 #Filmsky #Comicsky #TVSky",https://bsky.app/profile/did:plc:lqnpbgnm6fxn2f3cxczeuocv/post/3m2zq7auc4s2t,2025-10-12T22:19:14.983000+00:00,Rangers,76
bluesky_post,bluesky,poisoneddonut.bsky.social,I want a power rangers UB set just so i can play this queen,https://bsky.app/profile/did:plc:zblzjnocba56vqctmbz755ra/post/3m2zq4farjs23,2025-10-12T22:17:39.781000+00:00,Rangers,59
bluesky_post,bluesky,howlingstoday.bsky.social,"RANGERS RECALL DEFENSEMAN CONNOR MACKEY FROM WOLF PACK By: Alex Thomas, Hartford Wolf Pack HARTFORD, CT – New York Rangers President and General Manager Chris Drury announced today that the club has recalled defenseman Connor Mackey from the AHL’s Hartford Wolf Pack. howlings.net/2025/10/12/w...",https://bsky.app/profile/did:plc:ouujstbij2tcm6qiowjs7wwl/post/3m2zpxldocw24,2025-10-12T22:14:57.080000+00:00,Rangers,296
bluesky_post,bluesky,japersrink.bsky.social,Capitals @ Rangers Game Thread 10/12/25,https://bsky.app/profile/did:plc:7sr77vusibm3lh576o2i3bg7/post/3m2zpp4oit72e,2025-10-12T22:10:12.485000+00:00,Rangers,39
bluesky_post,bluesky,larryfleisher.bsky.social,The Rangers host the Capitals in the NHL's lone game today. The details in the wire service preview I wrote for this game: www.cbssports.com/nhl/gametrac...,https://bsky.app/profile/did:plc:jeoqxrdbp2h2h4qyrj4wmqpk/post/3m2zpclo24k2d,2025-10-12T22:03:14.380000+00:00,Rangers,156
bluesky_post,bluesky,sammisilber.bsky.social,The Caps face some lineup changes as they take on the Rangers. What to know before puck drop: thehockeynews.com/nhl/washingt...,https://bsky.app/profile/did:plc:h32w5lnhvqr2h5oe2zous3sz/post/3m2zpbssacc2d,2025-10-12T22:02:48.288000+00:00,Rangers,127
bluesky_post,bluesky,blueseatblogs.com,NY Rangers Game 4 Open Thread: Rangers vs Washington #NYR #NYRangers blueseatblogs.com/?p=74521,https://bsky.app/profile/did:plc:ehvdiggwmzjbjhver2gmg6lz/post/3m2zpadj42a25,2025-10-12T22:01:56.584000+00:00,Rangers,95
bluesky_post,bluesky,thekitman.bsky.social,"Checkout this Rangers FC v Manchester United Champions League Programme, November 24th 2010 Buy Now - https://www.thekitman.co.uk/product/rangers-fc-v-manchester-united-champions-league-programme-november-24th-2010/?fsp_sid=6922 #TheKitman #201011 #ChampionsLeague #ManUtd #ManchesterUnited #Progr",https://bsky.app/profile/did:plc:bew74lqqv2hfxsqoflv4vyx7/post/3m2zolf74kk2s,2025-10-12T21:50:14.180000+00:00,Rangers,297
bluesky_post,bluesky,nhlrumorsbot.bsky.social,"Metropolitan Notes: Devils, Capitals, Rangers",https://bsky.app/profile/did:plc:x55lno7ogksgovvk7juf5cny/post/3m2zocqho7n2q,2025-10-12T21:45:23.685000+00:00,Rangers,45
bluesky_post,bluesky,baseballobserver.bsky.social,The Texas Rangers’ Next Era,https://bsky.app/profile/did:plc:ffosahlappkc7nfhcip7kyrn/post/3m2znrovtry2k,2025-10-12T21:35:51.182000+00:00,Rangers,27
bluesky_post,bluesky,rotowire.bsky.social,NHL Picks Today: Capitals vs Rangers Best Bets https://www.rotowire.com/hockey/article/nhl-picks-today-capitals-vs-rangers-best-bets-97155,https://bsky.app/profile/did:plc:5s2w6pbpcrmxpk5xeioojdog/post/3m2znpjifz62g,2025-10-12T21:34:38.878000+00:00,Rangers,138
bluesky_post,bluesky,uk-news.bsky.social,"Rangers, Danny Rohl update emerges https://www.europesays.com/uk/494526/ Former Sheffield Wednesday manager Danny Rohl has emerged as the favourite for the Rangers job following the sacking…#uk #news #uknews",https://bsky.app/profile/did:plc:vizwdor43adw3277u2kkrssd/post/3m2znowskm62d,2025-10-12T21:34:19.382000+00:00,Rangers,207
bluesky_post,bluesky,hslichtman25.bsky.social,Here is a preview of tonight’s Capitals-Rangers game. sportsnaut.com/nhl/washingt...,https://bsky.app/profile/did:plc:jdrj4skka4qiodye5mtzf3lc/post/3m2znjmb7z22r,2025-10-12T21:31:21.878000+00:00,Rangers,84
bluesky_post,bluesky,illcaesar.bsky.social,MVP! So glad I drafted Baker and Tex,https://bsky.app/profile/did:plc:ggdrget2xyxalznm3467p7rk/post/3m2zqu66spc25,2025-10-12T22:30:55.883000+00:00,TEX,36
bluesky_post,bluesky,blueskydavid.bsky.social,"Hi! I’m attending the Interstellar Research Group Symposium in Austin, Tex. Jeff Greason presented on advanced propulsion concepts, I really got a lot out of it. It was also fun! The tip of the spear when it comes to what is possible, how to do it, what is still necessary.",https://bsky.app/profile/did:plc:kemtk37fymphjq66p2misgqg/post/3m2zqf7fsak2d,2025-10-12T22:22:42.582000+00:00,TEX,273
bluesky_post,bluesky,ttexed.bsky.social,flyer by Clay Parker for a 1990s Tex & the Swingin' Cornflake Killers' gig at the Orbit Room in Dallas... www.tumblr.com/t-tex-edward...,https://bsky.app/profile/did:plc:677arb74mtn2wjljf4hwa4ai/post/3m2zq3ccwzk2x,2025-10-12T22:17:03.383000+00:00,TEX,136
bluesky_post,bluesky,designdelight24.bsky.social,"OEKO-TEX certification process step-by-step In the rapidly evolving world of sustainable fashion, the OEKO-TEX® certification process stands out as a benchmark for ensuring product safety and environmental responsibility. As consumers grow more aware of the importance of responsible sourcing and…",https://bsky.app/profile/did:plc:pdm7pn3gkyjdcmsmjqddd3vt/post/3m2zpks2weq2d,2025-10-12T22:07:47.683000+00:00,TEX,297
bluesky_post,bluesky,nickleevee.bsky.social,"Read Tex Murphy and the Romanov Enigma by Aaron Conners, was great. It’s a thrilling adventure on its own, filled with quite a few surprising twists and turns that also does an excellent job bridging the gap between Overseer, the Radio Theater episodes and Tesla Effect.",https://bsky.app/profile/did:plc:pfvzdgiei57kinj7pevg5htm/post/3m2zmnimvh22l,2025-10-12T21:15:47.783000+00:00,TEX,270
bluesky_post,bluesky,dixonij.bsky.social,The place right across the street from there has some bomb Tex Mex,https://bsky.app/profile/did:plc:sxucrzifruhxm5g32petwgbi/post/3m2ziqvwvbs2r,2025-10-12T20:05:52.589000+00:00,TEX,66
bluesky_post,bluesky,billrenkin.bsky.social,Isn't it amazing what a great time they all had unprotected by the national guard and none of them were shot and killed in this crime ridden city... Great job Governor Pritzker... any consideration on moving to Tex-ass?,https://bsky.app/profile/did:plc:2hmda3lkpgdiuhzxc7l3stjm/post/3m2zijb65t22x,2025-10-12T20:01:40.480000+00:00,TEX,219
bluesky_post,bluesky,zolfagary.se,"Ja här har vi fått sluta visa Pippi, man får ju inte kalla poliser för kling och klang tex.",https://bsky.app/profile/did:plc:dy5wwsedre5yu7k3guvju7pc/post/3m2zhea5juc2y,2025-10-12T19:40:57.379000+00:00,TEX,91
bluesky_post,bluesky,il-nb.bsky.social,"Why it’s panning out for a new generation of Australian gold hunters https://www.newsbeep.com/il/70366/ At just 16 years old, Tex Thornton is hardly a seasoned gold hunter, yet the Sydney schoolboy claimed…",https://bsky.app/profile/did:plc:csavaxh22gpbxsn65pd6a66l/post/3m2zgackxpe22,2025-10-12T19:20:52.177000+00:00,TEX,206
bluesky_post,bluesky,darkrabbit14.bsky.social,Either Bee & Tex or Esme,https://bsky.app/profile/did:plc:xusqz4qpbyjxnscnoet3sxmb/post/3m2zet4hdms2u,2025-10-12T18:55:37.182000+00:00,TEX,24
bluesky_post,bluesky,curiousiguana.bsky.social,"Walking is a nice thing to do. And walkers are generally nice people. You just have to be aware of the Gore Tex limit. And never, ever, wear it casually",https://bsky.app/profile/did:plc:6h3xmaezngsectrcz76eampz/post/3m2zen435lc2h,2025-10-12T18:52:14.980000+00:00,TEX,152
bluesky_post,bluesky,hulter.bsky.social,"Kalle Kniivilä undrar varför Palestinaaktivister betraktar honom som ""fiende"". Han har tex skrivit: ""Judiska studenter känner sig inte längre trygga i Lund"". Källa: En sionist som gått på ett apartheiduniversitet i ockuperade Östra Jerusalem, förnekar folkmordet, och bär samma pin som Netanyahu.",https://bsky.app/profile/did:plc:z5a3mriitlxfxplymkihwjjk/post/3m2zcd3qkok2b,2025-10-12T18:10:54.383000+00:00,TEX,296
bluesky_post,bluesky,designdelight24.bsky.social,"Are OEKO-TEX fabrics really safe? In today's world, where sustainability and consumer safety are gaining unprecedented attention, the significance of OEKO-TEX® certification cannot be overstated. As fashion enthusiasts and conscious consumers, understanding whether OEKO-TEX fabrics are truly safe…",https://bsky.app/profile/did:plc:pdm7pn3gkyjdcmsmjqddd3vt/post/3m2zc5y7dlb2i,2025-10-12T18:07:59.576000+00:00,TEX,298
bluesky_post,bluesky,maxkriegervg.bsky.social,you seein this @alexrescuecat.bsky.social,https://bsky.app/profile/did:plc:zgvsjugwr2sxzjwripyhx52q/post/3m2zboacsgs24,2025-10-12T17:59:11.483000+00:00,TEX,41
bluesky_post,bluesky,renatevanstigt.bsky.social,Laatste wedstrijden van het seizoen voor Dames 2: Nina pitchte als relief op Evelien Elsjan. Aan slag liep het goed en de voorsprong groeide tot 11-5. Volgend seizoen speelt Nina weer bij Dames 2 van Tex Town Tigers en zij start op 2 november bij de Pitching Academy van Eva Voortman.,https://bsky.app/profile/did:plc:lri62tyt4pmk6vpocl22mtnh/post/3m2zaphcvps2x,2025-10-12T17:41:58.785000+00:00,TEX,284
bluesky_post,bluesky,leor1010.mastodonsweden.se.ap.brid.gy,"I did it! Jag sprang 25 min på löpbandet. 😄 Alltid jobbigt när jag inte gör det varje kväll. Lättare att ge sig ut och cykla tex, för när jag väl är där ute måste jag ju hem igen.",https://bsky.app/profile/did:plc:rht3chtskiqupzxfsjjhhd3j/post/3m2zalszpqiw2,2025-10-12T17:40:03.484000+00:00,TEX,179
bluesky_post,bluesky,ecksteinish.bsky.social,"If you see this, quote with ur favorite Pokémon (wrong answers only)",https://bsky.app/profile/did:plc:xfwexkluc3smsrylpeoul2fa/post/3m2zal5csc22m,2025-10-12T17:39:36.680000+00:00,TEX,68
bluesky_post,bluesky,toebias.bsky.social,"Har läst alla vardagar. Otroligt egentligen att han lyckas fånga läsarna bara genom vardagshändelser som tex att åka och köpa och kvällstidningar. Krävs en speciell talang för det, för jävligt bra är det.",https://bsky.app/profile/did:plc:ns47wj2sc4o7b5s7dakj2oeb/post/3m2zaa6l52s2s,2025-10-12T17:33:26.283000+00:00,TEX,204
bluesky_post,bluesky,redditcfb.com,"Of note: • Big grab: Indiana takes Oregon's holdings • Also: MIZ➜ALA, ILL➜OSU, OU➜TEX, UNT➜USF, LT➜KENN, etc. • FCS Tarleton St (7-0) still holds Army's land Ireland put in play by Aer Lingus Classic (initially won by Iowa State)",https://bsky.app/profile/did:plc:dxoa7yyqix3jxvavojvrujno/post/3m2z6ecuy4k2v,2025-10-12T16:59:55.679000+00:00,TEX,229
bluesky_post,bluesky,jxunga.bsky.social,"Sasha knows like one knot and even then, she's not good at it. Nat's job facilitates being proficient at knot tying Tex was a scout but never got good at knot tying",https://bsky.app/profile/did:plc:wuzc52c6dcegcui26prw6wxp/post/3m2yzstyjoc2c,2025-10-12T15:38:35.981000+00:00,TEX,164
bluesky_post,bluesky,caramaconar.bsky.social,The last of the series. I´m gonna to miss the boys,https://bsky.app/profile/did:plc:h5c3rr7yirzpdy3e4tjitijq/post/3m2yz2srlws2d,2025-10-12T15:25:09.979000+00:00,TEX,50
bluesky_post,bluesky,michaelcomerford.bsky.social,"⭐⭐⭐⭐⭐CLICK 𝑨𝒎𝒆𝒓𝒊𝒄𝒂𝒏 𝑶𝒁 Now ow.ly/vqiE50PU8Bh - “One of the best books I’ve read in a decade,” raves Big Tex, State Fair of Texas. Original quote by Rick Kogan, Chicago Literary Hall of Fame. Adventure, love & life lived on the road!",https://bsky.app/profile/did:plc:wzxkxgxhcv6k3rfetrm3hgml/post/3m2yyq6sk2k2b,2025-10-12T15:19:15.288000+00:00,TEX,232
bluesky_post,bluesky,whiteheadedone.bsky.social,"WorkBoots My favourite muse, Tex Daw with another irresistible pose! @texdaw.bsky.social #gayart #gaymaleart #queerart #terryhowardart",https://bsky.app/profile/did:plc:s5dvojslgoy7u2o6uivp2wkb/post/3m2yyhndhus2u,2025-10-12T15:14:29.784000+00:00,TEX,134
bluesky_post,bluesky,zolfagary.se,Snackade mycket om det under vkm-tiden när jag la ut grejer om män som skyllde tex mäns mentala ohälsa på ”femenismen”. Istället för att engagera sig för att göra positiv förändring så lägger de energin på att förstöra för andra. Och idag är det partiprogram för hela globala högern 🙃,https://bsky.app/profile/did:plc:dy5wwsedre5yu7k3guvju7pc/post/3m2yy567wkk22,2025-10-12T15:08:34.578000+00:00,TEX,284
bluesky_post,bluesky,johannal.bsky.social,Filmen ”De andras liv” finns på SVT play nu. Ett alternativ om man tex inte är superpeppad på debatten ikväll. Man får tex en av filmvärldens snyggaste våningar.,https://bsky.app/profile/did:plc:ssbcyptzuxnkih2775qgvq3l/post/3m2yxe7qd6s2m,2025-10-12T14:54:37.184000+00:00,TEX,161
bluesky_post,bluesky,rawmlb.bsky.social,"Nine Rangers Could Cost Franchise More Than $30 Million in Arbitration https://www.rawchili.com/mlb/376443/ Texas Rangers president of baseball operations Chris Young has stated that the franchise has a solid core, wants…",https://bsky.app/profile/did:plc:lgxwokjfnegutejxknkdpqwj/post/3m2zf3cuijm2c,2025-10-12T19:00:11.684000+00:00,Texas Rangers,221
bluesky_post,bluesky,troychandler.bsky.social,"TEXAS Friends, If you support Leticia James’ indictment, you must be rushing to the Texas Rangers to report this, right? Right? RIGHT?! @ushouseofreps.bsky.social @usattorneys.bsky.social",https://bsky.app/profile/did:plc:lumgtizkfalsqilg2e5t7j5r/post/3m2yx4g53fc2y,2025-10-12T14:50:17.483000+00:00,Texas Rangers,187
bluesky_post,bluesky,rawmlb.bsky.social,"Skip Schumaker takes over as Texas Rangers manager after getting year to learn entire organization | https://www.rawchili.com/mlb/376091/ ARLINGTON, Texas (AP) — Skip Schumaker is taking over as manager of the Texas Rangers after nearly a…",https://bsky.app/profile/did:plc:lgxwokjfnegutejxknkdpqwj/post/3m2yvgsom6n2y,2025-10-12T14:20:16.883000+00:00,Texas Rangers,239
bluesky_post,bluesky,joesiegler.blog,Rarity of 7 - all 9 are Texas Rangers ... sorta. Ibanez was originally drafted by the Rangers but didn't play with the big club.,https://bsky.app/profile/did:plc:ggjqixot2qtbmonnu4sy4sjb/post/3m2yplxygpc2t,2025-10-12T12:35:49.281000+00:00,Texas Rangers,128
bluesky_post,bluesky,rangers.homegame.today,"Texas Rangers — No, the next game at Globe Life Field is scheduled for Apr 3, 2026.",https://bsky.app/profile/did:plc:stx4n5ypncvf4ybjypgokboh/post/3m2ydtgrgru2y,2025-10-12T09:05:12.682000+00:00,Texas Rangers,83
bluesky_post,bluesky,rawmlb.bsky.social,"Insider Buzz Suggests Orioles Struggle to Gain Serious Attention from Managers https://www.rawchili.com/mlb/375475/ After the appointment of Skip Schumaker as the Texas Rangers’ new manager, attention has shifted to the Baltimore…",https://bsky.app/profile/did:plc:lgxwokjfnegutejxknkdpqwj/post/3m2xrod3rn52p,2025-10-12T03:40:14.081000+00:00,Texas Rangers,230
bluesky_post,bluesky,rawmlb.bsky.social,"Skip Schumaker Acknowledges One Area That Rangers Must Improve in 2026 https://www.rawchili.com/mlb/375248/ When the Texas Rangers hired Skip Schumaker as their next manager, it was an easy decision. He had…",https://bsky.app/profile/did:plc:lgxwokjfnegutejxknkdpqwj/post/3m2xhovq6hr27,2025-10-12T00:41:36.281000+00:00,Texas Rangers,207
bluesky_post,bluesky,rawmlb.bsky.social,"Which of these former Rangers could return to Arlington in 2026? https://www.rawchili.com/mlb/375140/ If the Texas Rangers wants to turn around their recent misfortunes and find success next season, they have…",https://bsky.app/profile/did:plc:lgxwokjfnegutejxknkdpqwj/post/3m2xc2cm5ic2c,2025-10-11T23:00:35.979000+00:00,Texas Rangers,209
bluesky_post,bluesky,rawmlb.bsky.social,"Rangers’ Adolis Garcia Regresses Again, Calling Future into Question https://www.rawchili.com/mlb/375095/ Adolis Garcia had a mammoth season for the Texas Rangers in 2023, and he’ll always be remembered for…",https://bsky.app/profile/did:plc:lgxwokjfnegutejxknkdpqwj/post/3m2x7suhpvr2f,2025-10-11T22:20:38.685000+00:00,Texas Rangers,207
bluesky_post,bluesky,rawmlb.bsky.social,"Texas Rangers 4, Minnesota Twins 2: Say “bye” with a li’l help from pen https://www.rawchili.com/mlb/374999/ Hell, this year of Twins was long:I’d like to drown it in a beer.And here’s a game where…",https://bsky.app/profile/did:plc:lgxwokjfnegutejxknkdpqwj/post/3m2x3dy6ocv2o,2025-10-11T21:00:44.778000+00:00,Texas Rangers,198
bluesky_post,bluesky,star-telegram.com,Skip Schumaker is the new manager of the Texas Rangers,https://bsky.app/profile/did:plc:ywmvuzc64nhieavhxy3nsczh/post/3m2wxyc3xak2e,2025-10-11T20:00:31.389000+00:00,Texas Rangers,54
bluesky_post,bluesky,brad510.bsky.social,"If ANTIFA can be a terrorist group why isn't the KKK/Proud Boys considered one? Have you ever seen a cross burning? I fking have. Texas rangers? same thing. Yeah, imagine if we could actually fight racism and go after these groups and get rid of them forever. Instead we get this....",https://bsky.app/profile/did:plc:zffwrpwpg5xmntw45ozqvhzw/post/3m2wsooilzc2t,2025-10-11T18:25:39.877000+00:00,Texas Rangers,283
bluesky_post,bluesky,rawmlb.bsky.social,"Texas Rangers pitcher Nathan Eovaldi recovering from surgery for sports hernia https://www.rawchili.com/mlb/374691/ ARLINGTON, Texas (AP) — Texas Rangers right-hander Nathan Eovaldi is recovering from surgery for a sports hernia. Eovaldi…",https://bsky.app/profile/did:plc:lgxwokjfnegutejxknkdpqwj/post/3m2wmsk7m7z23,2025-10-11T16:40:26.886000+00:00,Texas Rangers,238
bluesky_post,bluesky,boomerissimo.bsky.social,"QI di 85, ma più furbo dei Texas Rangers, la storia del serial killer che creò il suo mito sulle bugie 🇬🇧 translation on site (orange tab) 👇 wp.me/pey833-7Zn #truecrimeitalia #truecrimecommunity #henryleelucas #serialkiller #georgewbush",https://bsky.app/profile/did:plc:arvwqveje74nqbgepnklqsp3/post/3m2wl4ckvpc2l,2025-10-11T16:10:08.388000+00:00,Texas Rangers,236
bluesky_post,bluesky,apnews.com,Texas Rangers right-hander Nathan Eovaldi is recovering from surgery for a sports hernia.,https://bsky.app/profile/did:plc:a67zdrt4nl2tv2qojpngogbq/post/3m2wkkxv6i62y,2025-10-11T16:00:26.087000+00:00,Texas Rangers,89
bluesky_post,bluesky,thequantumscribe.bsky.social,Safest pitch in the bigs this year was a first pitch 4 seamer straight down the pipe to the Texas Rangers. They watched it go by all year.,https://bsky.app/profile/did:plc:n2gnwxqeej7mrjcyp7me7oje/post/3m2wjpotfpc2h,2025-10-11T15:45:11.387000+00:00,Texas Rangers,138
bluesky_post,bluesky,rawmlb.bsky.social,"Texas Rangers pitcher Nathan Eovaldi recovering from surgery for sports hernia | https://www.rawchili.com/mlb/374588/ ARLINGTON, Texas (AP) — Texas Rangers right-hander Nathan Eovaldi is recovering from surgery for a sports hernia. Eovaldi…",https://bsky.app/profile/did:plc:lgxwokjfnegutejxknkdpqwj/post/3m2wid65grm2w,2025-10-11T15:20:15.888000+00:00,Texas Rangers,240
bluesky_post,bluesky,rawmlb.bsky.social,Two Rangers Starters Ranked Among Top 10 Free Agents This Offseason https://www.rawchili.com/mlb/374496/ The Texas Rangers narrowly missed out on the playoffs for the second straight year. A team that was…,https://bsky.app/profile/did:plc:lgxwokjfnegutejxknkdpqwj/post/3m2wcrj3nrj2p,2025-10-11T13:40:55.282000+00:00,Texas Rangers,205
bluesky_post,bluesky,rawmlb.bsky.social,"Guardians’ playoff chances, AL Central standings, wild card playoffs https://www.rawchili.com/mlb/374451/ CLEVELAND — The Guardians entered their series opener Sept. 26 against the Texas Rangers on the doorstep of the…",https://bsky.app/profile/did:plc:lgxwokjfnegutejxknkdpqwj/post/3m2wbnfolvd26,2025-10-11T13:20:43.683000+00:00,Texas Rangers,218
bluesky_post,bluesky,joesiegler.blog,"Rarity of 7. All 9 are Texas Rangers. (Had some issues with BlueSky, it was giving errors when I was uploading images).",https://bsky.app/profile/did:plc:ggjqixot2qtbmonnu4sy4sjb/post/3m2wbebstxk2a,2025-10-11T13:15:39.682000+00:00,Texas Rangers,119
bluesky_post,bluesky,coopincanada.bsky.social,"10 years ago today, with the Toronto Blue Jays down 2-0 in their American League Division Series to the Texas Rangers and facing elimination, Marco Estrada tossed a gem, allowing just one run in 6 1/3 innings to lead the Blue Jays to a 5-1 win. Troy Tulowitzki belted a three-run home run.",https://bsky.app/profile/did:plc:ml72j26qq4or4ksapi3vw7x7/post/3m2w74sxmmc25,2025-10-11T12:35:43.380000+00:00,Texas Rangers,289
bluesky_post,bluesky,f15jsim346ajas39ng.bsky.social,空母USSトルーマンの衝突による損傷は、大規模なオーバーホールを経るまで修復されない https://www.twz.com/sea/carrier-uss-trumans-collision-damage-wont-be-repaired-until-it-goes-through-complex-overhaul,https://bsky.app/profile/did:plc:svgpwkhnjdwvvu5uu7wvanpw/post/3m2zrmr3i772o,2025-10-12T22:44:41.280000+00:00,SEA,159
bluesky_post,bluesky,sunrisekits.bsky.social,"un poco insoportable el jugador medio de DnD que se cree muy listo por negarle info a la gente porque es ""ilegal"" hermano solo quiero otra forma de tener mi hoja digital y editable que no sea pagando una suscripción mensual",https://bsky.app/profile/did:plc:ivfdfi43xkc34brkhe2qtfec/post/3m2zrljynfw2t,2025-10-12T22:43:59.982000+00:00,SEA,223
bluesky_post,bluesky,lunartrasaturnus.bsky.social,The Sea Bear returns. Nobody better be wearing a hat in a funny way.,https://bsky.app/profile/did:plc:jt6gwlnn2dbaq7nfbewg5zoe/post/3m2zrjmar322l,2025-10-12T22:42:55.580000+00:00,SEA,68
bluesky_post,bluesky,oceano-rolero.bsky.social,"Tampoco es la panacea, porque cuántos profesionales ""untados"" te dicen que comer X es lo mejor para la salud, o niegan el cambio climático... entre otras lindezas. No obstante, me parece un primer avance. Expresarse libremente no implica que todo sea respetable o tolerable.",https://bsky.app/profile/did:plc:aawy5iyvuj625rsdk3apmtvg/post/3m2zrivmff22n,2025-10-12T22:42:30.279000+00:00,SEA,274
bluesky_post,bluesky,seattleru.bsky.social,"Снижение преступности, рост туризма, но проблемы с безопасностью и бездомностью остаются — политика мэра Сиэтла Брюса Харрелла вызывает неоднозначную реакцию горожан, особенно на фоне предвыборной гонки. Подробнее: https://drwuaze.site/news/sea/zhiteli-sietla-razocharovany-progressom-mer.htm...",https://bsky.app/profile/did:plc:cva3fiqxul3cpnlszofgvdba/post/3m2zriix7br2w,2025-10-12T22:42:18.585000+00:00,SEA,295
bluesky_post,bluesky,6bear.bsky.social,Loving you feels like I'm drowning at sea Nothing but darkness and the crashing of the endless ocean Every breath I manage to steal only postponing the suffering Yet in all of this all I can think of is you,https://bsky.app/profile/did:plc:5ehesdhapnzpu3lc4vcotlbw/post/3m2zrgtxfws2e,2025-10-12T22:41:22.583000+00:00,SEA,206
bluesky_post,bluesky,grimmebulin.bsky.social,Miedo me da que lo de hoy sea indicio de que estoy volviendo a pillar algo y no sea simplemente la falta de sueño de la noche anterior.,https://bsky.app/profile/did:plc:6i3ddq54mm4imhighnxujsgo/post/3m2zrgh7gbk25,2025-10-12T22:41:10.291000+00:00,SEA,135
bluesky_post,bluesky,uaetodaynews.bsky.social,Paralvinella hessleri: The yellow worm that lives in acid and fights poison with poison QUICK FACTS Name: Paralvinella Hessleri Where it lives: Pacific Ocean What it eats: Bacteria and organic debris around hydrothermal vents Deep-sea creatures are uniquely adapted to living in extreme…,https://bsky.app/profile/did:plc:73zir4cknp44w2zfja4eumyx/post/3m2zrfcdych2q,2025-10-12T22:40:31.177000+00:00,SEA,287
bluesky_post,bluesky,forestlive.bsky.social,"Yo me aposté medio sueldo, pero en ningún momento digo que sea con @alberblueskywalker.bsky.social.",https://bsky.app/profile/did:plc:3aecjdbkgkrikw7jp3dnblqd/post/3m2zre7vnoc2x,2025-10-12T22:39:54.883000+00:00,SEA,99
bluesky_post,bluesky,cindyb5.bsky.social,"At this point Stede doesn’t know he helped save Ed’s life. And here comes Buttons, who was recently called a “Sea Witch.” Thank goodness for my heart that he seems to want to help these guys.",https://bsky.app/profile/did:plc:z4jzyk3xwwt2de3di6roqpmv/post/3m2zrce7zbk2l,2025-10-12T22:38:51.880000+00:00,SEA,191
bluesky_post,bluesky,grabbyhanded.bsky.social,musical 20/51: sweeney todd my ratings: rating: 6/10 fav song: a little priest least fav song: by the sea fav character: sweeney his ratings: rating: 5/10 fav song: johanna least fav song: worst pies in london fav character: sweeney @confuzzled.org.uk pie?🥧,https://bsky.app/profile/did:plc:f2zcigk36ovu6gkluca6yj5b/post/3m2zrcaf7lk2c,2025-10-12T22:38:50.581000+00:00,SEA,257
bluesky_post,bluesky,wiobyrne.bsky.social,"The question isn't whether surveillance infrastructure is expanding. The sea is rising, but we're building. 🏝️ Digital Archipelagos of trust are forming. Where is your island? Which one are you building? Read the full analysis in Digitally Literate #407: digitallyliterate.net/dl-407/",https://bsky.app/profile/did:plc:esfbmghltegky7lrwmc5y2wy/post/3m2zrb5rvyk2c,2025-10-12T22:38:11.483000+00:00,SEA,284
bluesky_post,bluesky,pineapplelump.bsky.social,"I’ve learned the meaning of the place name, Rongotai. Apparently it means the sound you can hear when motorbikes and mopeds are prohibited.",https://bsky.app/profile/did:plc:npegdxvkjqreotzs3flgbhax/post/3m2zraohyb22f,2025-10-12T22:38:09.383000+00:00,SEA,139
bluesky_post,bluesky,bullmonkeyman.bsky.social,Sea of thieves to my wife lol,https://bsky.app/profile/did:plc:7d5dbbsqb3afczjiv7irxism/post/3m2zr6lckz22a,2025-10-12T22:36:45.078000+00:00,SEA,29
bluesky_post,bluesky,wick3dk.bsky.social,"In a sea of terrible news, this made me laugh out loud - it’s 🎯. Thanks for that.",https://bsky.app/profile/did:plc:gztiiuljyfzqqqk5ontn52dr/post/3m2zr6ce5xs26,2025-10-12T22:36:35.980000+00:00,SEA,81
bluesky_post,bluesky,maasaielitetravels.bsky.social,"Sail into the hottest vibes at sea aboard Virgin Voyages' Brilliant Lady, departing March 12, 2026 from Miami! Dance with Nile Rodgers & CHIC, explore Antigua, St. Kitts & Bimini, and celebrate in pure Virgin style. Contact Maasai Elite Travels to book your cabin today!",https://bsky.app/profile/did:plc:omaubjtudsugtrjwudfwr2om/post/3m2zr5rh3jc2z,2025-10-12T22:36:19.885000+00:00,SEA,270
bluesky_post,bluesky,newsgroup-site.bsky.social,🔴 The drone factory: Primorsko-Akhtarsk airfield launches repeated Shahed waves against Ukrainian targets. The strategic Black Sea location becomes main launch point for Iranian-made strike UAVs in Russia's energy terror campaign. #Russia #Drones #NewsGroup,https://bsky.app/profile/did:plc:atlkjg42q45quxehr5m7hcmc/post/3m2zr4un7jc23,2025-10-12T22:35:47.883000+00:00,SEA,257
bluesky_post,bluesky,neetworked.bsky.social,"⠀ Sea lo que sea que Gwen-neechan crea saber, en sus limitadas capacidades~.",https://bsky.app/profile/did:plc:jvpcegs3smh7jzleufeny3au/post/3m2zr3hszxk27,2025-10-12T22:35:04.480000+00:00,SEA,76
bluesky_post,bluesky,jsoxials.bsky.social,Telling the next set of suitors that I'm a drunk sea captain with a void for a vagaina.,https://bsky.app/profile/did:plc:sagk3zagejyvklji6z2ibaow/post/3m2zr3f3uvk25,2025-10-12T22:34:51.480000+00:00,SEA,87
bluesky_post,bluesky,seminalwellness.com,Rising sea levels are threatening Tuvalu—the low-lying nation situated between Australia and Hawaii in the Pacific Ocean. The nation will seek climate financing at the upcoming UN COP30 for climate-resilience projects. Tuvalu is barely 1m (~3.25ft) above sea level. www.aljazeera.com/amp/news/202...,https://bsky.app/profile/did:plc:gbj22ps2bl2xpnikwei5j6g6/post/3m2zr3dvjec2r,2025-10-12T22:35:01.082000+00:00,SEA,299
bluesky_post,bluesky,spearofbravery.bsky.social,"💔: Si Fionna y Redbear vuelven a hacer una pijamada, el puede dejarla dormir en su pecho para estar a mano, aunque no sea tan blando como el de ella. . .si ella quiere. . . —Bostezo una vez más finalmente el sueño siendo demasiado y decidiendo descansar de una vez— Dulces. . .sueños. . .Fio. . .",https://bsky.app/profile/did:plc:cmzmtbpqu2nxptlwsh3zxso2/post/3m2zr2ssgjk2e,2025-10-12T22:34:28.784000+00:00,SEA,296
bluesky_post,bluesky,faithlessgods.bsky.social,regálame lo que odias y yo te regalo el odio mío y entre las dos quizás hacemos crecer dragones en la ciudad entera y hacemos algo distinto a lo que sea te que hicieron creer que era la belleza,https://bsky.app/profile/did:plc:wskiwc7ad4h275e7d6beubip/post/3m2zqzt7ly52h,2025-10-12T22:34:05.379000+00:00,SEA,193
bluesky_post,bluesky,jdanab.bsky.social,Delayed emissions cuts could lock in catastrophic sea-level rise - Earth.com apple.news/A-Gd8pQOoS1K...,https://bsky.app/profile/did:plc:f7wik5btecyvuosr4fchsg4d/post/3m2zqzixuk223,2025-10-12T22:33:57.078000+00:00,SEA,103
bluesky_post,bluesky,blumbles.bsky.social,"Next up, Dragon Ball Z Sagas. I'm pretty sure I put more effort into this drawing than most of the designers put into the game",https://bsky.app/profile/did:plc:sy3uekruf5g2aagobc5lqpxg/post/3m2zrmxn7uk27,2025-10-12T22:44:52.277000+00:00,Ms,126
bluesky_post,bluesky,susankayequinn.bsky.social,"It's gone from the File menu for me because I'm using an older version of the app... which I did intentionally because Microsoft kept taking away the features that I liked (particularly nesting). Despite MS making it hard to move, I'm GONE. Moving all my stuff to Joplin.",https://bsky.app/profile/did:plc:v6hkwlrkoi34v4zsanhwft2d/post/3m2zrm4767k2o,2025-10-12T22:44:18.780000+00:00,Ms,271
bluesky_post,bluesky,ireadcomics.bsky.social,"10 Comic characters to know me by... Superman Nightwing Wonder Woman Adam Frankenstein Kid Juggernaut Ms. Marvel (Kamala) Monica Rambeau Black Flamingo Scarlet Witch Ms. Tree I always have a difficult time with lists, because I invariably omit an entry I should have thought of.",https://bsky.app/profile/did:plc:vrso5xpvqgurbpsko6otrejl/post/3m2zrhnypxc2j,2025-10-12T22:41:49.378000+00:00,Ms,278
bluesky_post,bluesky,ryanpiggy04.bsky.social,MS Paint people from multiple different months,https://bsky.app/profile/did:plc:xovr2tomo6fbqdb4yfbyuo27/post/3m2zrhgleas2p,2025-10-12T22:41:49.578000+00:00,Ms,46
bluesky_post,bluesky,jimpixelbeard.bsky.social,I only know who she is because people are so mad at her and that is just so stupid. How are you gonna be mad at Ms Rachel for doing what a role-model should be doing?,https://bsky.app/profile/did:plc:xvzem5gkqly2v274fsl4c7f7/post/3m2zresz34223,2025-10-12T22:40:16.081000+00:00,Ms,166
bluesky_post,bluesky,everylot-usps.bsky.social,"GREENWOOD SPRINGS: 52066 HIGHWAY 278 E, GREENWOOD SPRINGS MS 38848-9998",https://bsky.app/profile/did:plc:2mswypd25dvpn6uzc5ipk7q6/post/3m2zrcw54642x,2025-10-12T22:39:10.879000+00:00,Ms,71
bluesky_post,bluesky,climbtotheclouds.bsky.social,"Thank you so much, Ms. Good Trouble 🙏💙",https://bsky.app/profile/did:plc:aso32qbp6vokizbfqblqg5ee/post/3m2zrcrmzs22h,2025-10-12T22:39:04.580000+00:00,Ms,38
bluesky_post,bluesky,dmoscotia.bsky.social,"DeNiro is a zionist, a Friend of IDF, he attends FIDF dinners where they praise the murderous IDF & raise $Ms for them.",https://bsky.app/profile/did:plc:6lloelaf7hkssb7lvp6pr7jh/post/3m2zrc4ohrs2y,2025-10-12T22:38:46.182000+00:00,Ms,119
bluesky_post,bluesky,harpomarxism.bsky.social,Hi ms june!,https://bsky.app/profile/did:plc:xwjhenroirisk45xaybtv4nu/post/3m2zrawla5s26,2025-10-12T22:38:02.078000+00:00,Ms,11
bluesky_post,bluesky,sheehwave.bsky.social,Day 12 - Peanut,https://bsky.app/profile/did:plc:54oz6qmq7d2nwh7hykeqy5f4/post/3m2zr62woec26,2025-10-12T22:36:33.485000+00:00,Ms,15
bluesky_post,bluesky,brightmarsh.bsky.social,I think writers have come up with more unique and varied super hero names since then by necessity. Back then it was just fishing for the same bunch of superlatives There's similar stories with power girl/power man and captain marvel/ms marvel/shazam,https://bsky.app/profile/did:plc:dvra3gynucm2xnk4icbypgor/post/3m2zr43gowc2f,2025-10-12T22:35:21.477000+00:00,Ms,249
bluesky_post,bluesky,trueshu.bsky.social,"Thank you, Ms. Good Trouble I'm getting aboard the good trouble train and following all passengers. Face book friends get aboard from some good trouble folks!!",https://bsky.app/profile/did:plc:btexne5qswwlgflc5zeixp2d/post/3m2zr2hxou32z,2025-10-12T22:33:56.083000+00:00,Ms,159
bluesky_post,bluesky,thejefe.bsky.social,Picked up Ms. Sassypants while doing a water change. Helga has zero bluster once you pick her up. 🐍,https://bsky.app/profile/did:plc:dbooorrpzrxadnmhnqruygnc/post/3m2zqy6ofyk2p,2025-10-12T22:33:29.081000+00:00,Ms,99
bluesky_post,bluesky,mostlymammoths.bsky.social,"""'Books need to have someone loudly clamoring behind the scenes to rise above the general masses,' Ms. Ringo said. ""They each aim to be that for their writers, and are always on the lookout for more opportunities to do so."" - Quinn Moreland",https://bsky.app/profile/did:plc:dpdo5hwrbrglowyze27ze3s6/post/3m2zqxqfros2t,2025-10-12T22:32:55.478000+00:00,Ms,240
bluesky_post,bluesky,livingdeadpunk.bsky.social,"Trying out the tea that my friend sent in a care package. It's good. Doesn't taste as much like a toasted marshmallow as it does a Lucky Charms marshmallow, but that works for me. Ms. Sugar wants some, but she is not allowed.",https://bsky.app/profile/did:plc:s5kluanmwkey66k3qj5xgu4m/post/3m2zqvxjtfs27,2025-10-12T22:32:18.781000+00:00,Ms,225
bluesky_post,bluesky,kinlika.bsky.social,"Vance blames CDC layoff ‘chaos’ on Schumer, Democrats, Obama, Hillary Clinton, The Pillsbury doughboy ,Jewish space lasers, Global warming, the drought in Peru, Graffiti in Canterbury Cathedral ,Illegal migrant truck drivers And MS-13 people eating Dawgs...",https://bsky.app/profile/did:plc:uqgv3rourwvvqouzhihorpbl/post/3m2zqvw25222r,2025-10-12T22:31:55.477000+00:00,Ms,257
bluesky_post,bluesky,kujoe.net,I'm waiting for a Ms. Pacman remake to settle this argument for us once and for all. I just know that the game devs will make the right choice...,https://bsky.app/profile/did:plc:jpj4b4mripquw4dde2a53lya/post/3m2zqtzyksk2t,2025-10-12T22:30:52.078000+00:00,Ms,145
bluesky_post,bluesky,ryanpiggy04.bsky.social,Green dude getting pinched by a robot for some reason,https://bsky.app/profile/did:plc:xovr2tomo6fbqdb4yfbyuo27/post/3m2zqtvobys2p,2025-10-12T22:30:49.080000+00:00,Ms,53
bluesky_post,bluesky,electrac.bsky.social,"🙌🏻 Remedial, Relaxation,Sports, tension headaches, deep tissue and breathing, sleep better, reduce stress levels. Book your next appointment with Clinical Masseurs “ms Electra” ☺️ Lygon street CARLTON shop 0451600597☎️📞 #MelbourneMasseurs #RemedialMassage #CarltonSportsMassage",https://bsky.app/profile/did:plc:wyr5ax3q76nheb77xk75l26o/post/3m2zqsheb722i,2025-10-12T22:30:02.178000+00:00,Ms,277
bluesky_post,bluesky,ryanpiggy04.bsky.social,Forgotten Simps episode where Peter Griffin returns to Springfield so he can scam and torment Homer with Fushigi balls,https://bsky.app/profile/did:plc:xovr2tomo6fbqdb4yfbyuo27/post/3m2zqlatjjs2p,2025-10-12T22:25:58.886000+00:00,Ms,118
bluesky_post,bluesky,wycombegigs.co.uk,"#OTD 12th October 1974 Blondie played their first gig when they took the stage at CBGB's in New York. Their line-up was Debbie Harry, Chris Stein, Fred Smith, and Billy O'Connor. Formerly, Angel and the Snake, the name change was inspired by cat calls towards Ms Harry",https://bsky.app/profile/did:plc:ytowf5uz6wozuxpqlxwa5poq/post/3m2zqinkn6223,2025-10-12T22:24:34.185000+00:00,Ms,268
bluesky_post,bluesky,flipturns.bsky.social,Go Ms!,https://bsky.app/profile/did:plc:itcjt5iogtepkxhlm7mw2gk6/post/3m2zqh5ouks2h,2025-10-12T22:23:41.587000+00:00,Ms,6
bluesky_post,bluesky,abekaul.bsky.social,"No matter what happens in ALCS, its mid October and the Ms are still playing. Thats cool.",https://bsky.app/profile/did:plc:iv6umojrgkdmvpcwwjn5bkr2/post/3m2zqbgpdmc2p,2025-10-12T22:20:27.980000+00:00,Ms,89
bluesky_post,bluesky,kheine.bsky.social,"Man, Fox makeup sure tarted Ms. Amy up😳",https://bsky.app/profile/did:plc:u4t3gqw257fkermstdlzpjp4/post/3m2zqalxeyc25,2025-10-12T22:19:59.080000+00:00,Ms,39
bluesky_post,bluesky,dta-casutam.bsky.social,10月13日(月)☁スポーツの日 おはようございます スポーツの日ですね、今日も少し散歩に出掛けようと思います🥤 #30MS #デスクトップアーミー,https://bsky.app/profile/did:plc:ybedfli4f7rx2xdwmdmtlh52/post/3m2zq7ulw2225,2025-10-12T22:19:51.288000+00:00,Ms,74
bluesky_post,bluesky,danjoncon.bsky.social,"I see people posting to both (I even made the mistake of posting something on Twitter) and the difference is insane. Average Bluesky reply: ""Oh wow neat, I'm not even a M's fan but I think this is awesome, hope you do well!"" Average Twitter reply: *loud farting noise* ""poverty franchise never win""",https://bsky.app/profile/did:plc:gql3mjydb23kpewzfnv5zolm/post/3m2zr3vthl223,2025-10-12T22:35:16.597000+00:00,M's,298
bluesky_post,bluesky,pdxnevets.bsky.social,Hahaha. Here we go M’s.,https://bsky.app/profile/did:plc:opgva552znuppes3jw7bh6na/post/3m2zqk3xgtk2l,2025-10-12T22:25:18.181000+00:00,M's,23
bluesky_post,bluesky,kirbymaster.bsky.social,The power of cartoon logic managed to simultaneously work in and against M&M's favor with this one,https://bsky.app/profile/did:plc:h2aes6mcxw62vwnf37toidth/post/3m2zpghispk2q,2025-10-12T22:05:22.786000+00:00,M's,98
bluesky_post,bluesky,calilove102.bsky.social,More testimony of h&m's humanity. #sussexsquad,https://bsky.app/profile/did:plc:tvy7phrgaitgl2xegou2u2ku/post/3m2zoxfsnrs2o,2025-10-12T21:56:59.983000+00:00,M's,46
bluesky_post,bluesky,anythingsonics.bsky.social,Clone Yoshi WILL STEAL THE M&M'S FORMULA!!!!!!!!!!!,https://bsky.app/profile/did:plc:4pn6fv6srw6y5dfeumx42hst/post/3m2zolry3yl2m,2025-10-12T21:50:27.081000+00:00,M's,51
bluesky_post,bluesky,painting-corners.bsky.social,Mariners hitting line in 2025 postseason- .207/.292/.342 Jays- .338/.373/.601 M's SP- 2.16 ERA Jays SP- 1.80 ERA Mariners bullpen postseason- 4.33 ERA Jays- 6.30 ERA This series will come down to whether or not Mariners can get to the Jays bullpen. Will Jeff Hoffman and company hold up or blow up?,https://bsky.app/profile/did:plc:z5jnk3bow2qaudvedbgq4ws6/post/3m2znwlirdu2h,2025-10-12T21:38:36.181000+00:00,M's,298
bluesky_post,bluesky,zzyzx.bsky.social,They do that for a lot of plays. I was looking and way too many I'm checking @lookoutlanding.bsky.social or taking video. I did get this one of the first homerun of game 2.,https://bsky.app/profile/did:plc:easdcdpej2skorweyfza6ily/post/3m2zlhsorns2s,2025-10-12T20:54:34.081000+00:00,M's,172
bluesky_post,bluesky,zzyzx.bsky.social,I fly out in 2 weeks. It all depends on if... errr... the M's are still playing baseball games? Is that possible? (Not THRILLED at leaving Seattle the night of the first potential home game. The logistics are just barely not there to be able to see game 1.),https://bsky.app/profile/did:plc:easdcdpej2skorweyfza6ily/post/3m2zl25p2622s,2025-10-12T20:46:54.385000+00:00,M's,257
bluesky_post,bluesky,birdsandbeers.bsky.social,"My first M’s game (at the Kingdome, RIP) was July 4, 1993. I was 8, & my sister’s tee ball coach had some wild connection that led us to watching the game in the Owner’s Suite. I didn’t know what that meant as a kid (other than unlimited free peanuts and coca-cola) but looking back, that is CRAZY 😳",https://bsky.app/profile/did:plc:2g4jfm4bxoggsge6j5mqfaqt/post/3m2zkyfohuc2s,2025-10-12T20:45:55.483000+00:00,M's,299
bluesky_post,bluesky,fmf.social.seattle.wa.us.ap.brid.gy,"It would be fun to see a World Series with the Seattle Mariners and Milwaukee Brewers (née Seattle Pilots). Although, if the M’s beat the Dodgers, I would not be shy about bringing it up with my many So. Cal. family members.",https://bsky.app/profile/did:plc:txmzhpdvnqxtdumqbokcarct/post/3m2zkxmsc7lt2,2025-10-12T20:45:31.285000+00:00,M's,224
bluesky_post,bluesky,momafunk.bsky.social,Definitely with you rooting for your M’s,https://bsky.app/profile/did:plc:mmetihsra6rwq6xduywor5kh/post/3m2zjzkh4z22t,2025-10-12T20:28:40.278000+00:00,M's,40
bluesky_post,bluesky,mrkickbacknchill.bsky.social,"I appreciate that, fellas.. good sh*t💙💚 My bad, M’s, y’all got me started on the right track, this weekend, so go’head and wrap it up with a 1 game lead in the #ALCS💙💛",https://bsky.app/profile/did:plc:nfqv6sy5duzij7pjyy7cubhb/post/3m2zjsjxlxk2b,2025-10-12T20:24:44.882000+00:00,M's,167
bluesky_post,bluesky,kristij7gohawks.bsky.social,I'm about to take a long walk in the rain... gotta burn some of this energy off before the M's,https://bsky.app/profile/did:plc:jxnvcelnd3gg7imfxoccvjr6/post/3m2zjj4o5ls2x,2025-10-12T20:19:28.478000+00:00,M's,94
bluesky_post,bluesky,karenokapi.bsky.social,"I’ve been kept abreast with local baseball by social osmosis - everywhere I go, every errand I run, people are telling me all about the mariners, whats the latest update, and what this run means to them. I’m happy for all the die hard mariners fans! go m’s!!",https://bsky.app/profile/did:plc:bfjrwhtxp3ve7pnutglhs72r/post/3m2zivjik2k2j,2025-10-12T20:08:33.577000+00:00,M's,258
bluesky_post,bluesky,zzyzx.bsky.social,"One win down, one to go for a great Sunday! Great job Hawks. Go M's!",https://bsky.app/profile/did:plc:easdcdpej2skorweyfza6ily/post/3m2zirttlk22s,2025-10-12T20:06:28.078000+00:00,M's,68
bluesky_post,bluesky,bensteiner00.bsky.social,Kevin Gausman on the mound for the Blue Jays to start the ALCS tonight against the Seattle Mariners. M’s going with Bryce Miller. Less than 40 hours after that marathon Game 5 for Seattle. 👇Predictions? I say Toronto in six.,https://bsky.app/profile/did:plc:otloywkipxlejxymt5am5e76/post/3m2zi7oab2227,2025-10-12T19:56:17.886000+00:00,M's,224
bluesky_post,bluesky,number5typecard.bsky.social,This 1979 M’s drubbing of New York made it easy for Topps when picking card highlights! One of the earliest games I attended after we moved to Seattle.,https://bsky.app/profile/did:plc:ijj63is4px4fl4pl4mbe7msq/post/3m2zhkxd2rk22,2025-10-12T19:44:53.078000+00:00,M's,151
bluesky_post,bluesky,theamericagist.bsky.social,Texas A&M’s Mike Elko sends grateful message to 12th man after beating Florida Texas A&M head coach Mike Elko delivered a heartfelt message to the ’12th Man’ following the Aggies’ dominant 34-17 victory over the Florida Gators at Kyle Field. The win keeps No. 5 Texas A&M undefeated at 6-0 in the…,https://bsky.app/profile/did:plc:b3mxijkjymyu3qxjalek2ugn/post/3m2zgwlqsow2k,2025-10-12T19:33:20.084000+00:00,M's,297
bluesky_post,bluesky,maripiprazol.bsky.social,mas olha esse bolo lindo em formato de casa do papai noel com as telhas de m&m's e portas de barra de chocolate...... aguei,https://bsky.app/profile/did:plc:itckixskz5xt3shtgfcnq2zy/post/3m2zgqtugxk2b,2025-10-12T19:30:10.780000+00:00,M's,123
bluesky_post,bluesky,hermanbeun.bsky.social,"Oh, I think your judgement is as good as mine here. Not sure if I agree M's efforts around the UKR invasion (you know that 2022 documentary I'm sure?) were laughable in context though. Not enough, of course, but this was Europe's biggest WTF moment in decades and I don't think more was possible then",https://bsky.app/profile/did:plc:zhsurbjflyt34i6j6mopcble/post/3m2zgoeafzr2i,2025-10-12T19:28:43.181000+00:00,M's,300
bluesky_post,bluesky,chrisox76.bsky.social,M's also have the offense people incorrectly assumed the Yankees have,https://bsky.app/profile/did:plc:gn7vpdrf2ysqzcbeemd2vgd6/post/3m2zgo77pbk2o,2025-10-12T19:28:38.084000+00:00,M's,69
bluesky_post,bluesky,lynned444.bsky.social,Thanks my friend!! I drove up to Port Townsend (woah that’s a long drive!) and am spending the night here then home tomorrow. Enjoy! I’ll be watching the M’s!!,https://bsky.app/profile/did:plc:6osa5qtotumzhmr35wxferpc/post/3m2zggjqbas2a,2025-10-12T19:24:21.176000+00:00,M's,159
bluesky_post,bluesky,dirtbagqueer.rocks,texas A&M's will they wont they with jimbo lasted YEARS. it took penn state 15 days to find $48M worth of hatred for this man in their couch cushions,https://bsky.app/profile/did:plc:7lvxwobg2zrzgwpepyzxxjev/post/3m2zcw3y4o22r,2025-10-12T18:21:31.879000+00:00,M's,149
bluesky_post,bluesky,zachdale60.bsky.social,Anyone going to Victory Hall today to watch the M’s game?,https://bsky.app/profile/did:plc:5awmz7me5fsmpxjoop5hruv6/post/3m2zchrfirk2e,2025-10-12T18:13:27.181000+00:00,M's,57
bluesky_post,bluesky,alojapan.bsky.social,"World Athletics Championships Tokyo 2025: In sparkling debut, Gout Gout progresses to men’s 200m semi-finals https://www.alojapan.com/1390472/world-athletics-championships-tokyo-2025-in-sparkling-debut-gout-gout-progresses-to-mens-200m-semi-finals/ Gout Gout: Once ‘I get running, I’m chilling’ …",https://bsky.app/profile/did:plc:g4hg2zgkv5dyqr35bmjeekc6/post/3m2zqnmq4m326,2025-10-12T22:27:17.119000+00:00,Athletics,296
bluesky_post,bluesky,rl-bynum.bsky.social,"This is a well-deserved honor. Dana is very missed throughout the UNC athletics community, including by media folks like me, whom she helped for so many years. I also knew Stephen Gates very well. The press box at the Bosh is named after him. x.com/UNCFieldHockey...",https://bsky.app/profile/did:plc:h547iawl5dwtzrgb55q7ziob/post/3m2zpvy2ron2b,2025-10-12T22:14:03.384000+00:00,Athletics,266
bluesky_post,bluesky,hgjohn.bsky.social,I agree. But you could reasonably say that about a lot of teams. People don’t say this about Duplantis and other sporting greats. Athletics has arguably just as murky a past. And sports like football just don’t look.,https://bsky.app/profile/did:plc:2sh5okcqclfuhnhld4gnzket/post/3m2zpq2bji22e,2025-10-12T22:10:44.179000+00:00,Athletics,216
bluesky_post,bluesky,youngkwak.bsky.social,"1/3 Photos for George Fox University Athletics for their NCAA college football game against Whitworth, who won 40-16, Saturday, Oct. 11, 2025, in Spokane, Wash. athletics.georgefox.edu/news/2025/10...",https://bsky.app/profile/did:plc:uxqky3zgjix4r2hrbx6ommea/post/3m2zp3hpajk2b,2025-10-12T21:59:32.279000+00:00,Athletics,200
bluesky_post,bluesky,seamiracles.bsky.social,"Atp, collegiate athletics is not part of higher ed. It's a minor league team w a learning annex. No one wants to say it out loud. One dude in last yr's final four had been to 4 final fours w 4 different teams. How's he doing as a ""student""? Advancing towards that degree?????? It's silliness.",https://bsky.app/profile/did:plc:cwwn5lccatbqugusk3t2q4ry/post/3m2znpquxx22b,2025-10-12T21:34:47.078000+00:00,Athletics,292
bluesky_post,bluesky,simtar123.bsky.social,In addition you have quite a few skills Str: Athletics: Clobber: Chop: Throw: Dex: Acrobatics: Crafting: Thievery: Stealth: Stab: Cut: Shoot: Con: Death rolls: 5/5 Wis: Creature: Insight: Perception: Survival:,https://bsky.app/profile/did:plc:47d6kksku6d2p3hxriadvavs/post/3m2zn7h7ofk2r,2025-10-12T21:25:41.135000+00:00,Athletics,209
bluesky_post,bluesky,chrissinclairrr.bsky.social,"Brianne Jenner will be honoured by Cornell University next Saturday for her induction into the Cornell Athletics Hall of Fame, as per the team. Her recognition ""celebrates exceptional contributions to the Big Red program and [the] lasting impact on Cornell Athletics.""",https://bsky.app/profile/did:plc:t3lebew7wqs5tfynnzzbaypj/post/3m2zmazxg6s23,2025-10-12T21:08:38.779000+00:00,Athletics,268
bluesky_post,bluesky,alojapan.bsky.social,Day nine round-up: thrills and spills as Tokyo action comes to a close | News | Tokyo 25 https://www.alojapan.com/1390414/day-nine-round-up-thrills-and-spills-as-tokyo-action-comes-to-a-close-news-tokyo-25/ The final day at the World Athletics Championships Tokyo 25 was the epitome of the whole …,https://bsky.app/profile/did:plc:g4hg2zgkv5dyqr35bmjeekc6/post/3m2zjwx2hpf2i,2025-10-12T20:27:13.878000+00:00,Athletics,297
bluesky_post,bluesky,paulsuellentrop.bsky.social,"Today in Wichita State athletics: Oct. 12, 1974 – Randy Smith sets the Shocker five-mile record with a time of 24 minutes, 6.4 seconds in winning the Kansas State-Drake-WSU triangular.",https://bsky.app/profile/did:plc:xs5rnzxzbwwseee7ijzsmyz2/post/3m2zjvsft522g,2025-10-12T20:26:36.784000+00:00,Athletics,184
bluesky_post,bluesky,mertzigzag.bsky.social,"I don’t give much of a shit about Badger athletics, but this is a good commentary on the sad state of affairs of UW’s insane compensation practices. Do terrible, get paid anyway! isthmus.com/opinion/citi...",https://bsky.app/profile/did:plc:jn6zex7pfe2udrvlotdybkse/post/3m2zjt2cp7s2l,2025-10-12T20:25:08.291000+00:00,Athletics,206
bluesky_post,bluesky,larryjsimon.bsky.social,“we hold our athletics programs to the highest of standards … new leadership at the helm of our football program to advance us toward Big Ten & national championships.” Penn State on hook for $50 million. Do they hold non-athletic programs to highest standards? www.nytimes.com/athletic/670...,https://bsky.app/profile/did:plc:cb42iimoxte4rpopoeircne6/post/3m2zjlmlvas2d,2025-10-12T20:20:53.982000+00:00,Athletics,293
bluesky_post,bluesky,miamurphy.net,"Not just that, but tag the PSU athletics social media team on every picture of a bottle of wine and Ligurian sunset you post on Instagram",https://bsky.app/profile/did:plc:uzfi6wm4fzhfjf2f65muroot/post/3m2zim25rts2s,2025-10-12T20:03:13.977000+00:00,Athletics,137
bluesky_post,bluesky,kennysmith.bsky.social,"“This is a documentary I went home and shared with my six roommates, some with a history in athletics and others without. We all universally agreed this documentary was valuable when talking about women in any field, not just sport.” What if I just did this sort of assignment all semester, eh?",https://bsky.app/profile/did:plc:vk4mh2ish3cxli5ywrfpu7gx/post/3m2zh4lt2hc2s,2025-10-12T19:36:41.080000+00:00,Athletics,294
bluesky_post,bluesky,chrisnesselrode.bsky.social,No. They are direct solicitations from the athletic department to be used for athletics. You are really barking up the wrong tree.,https://bsky.app/profile/did:plc:2vo2q3yrgzjxot5efinkyd2x/post/3m2zh3hfjlc25,2025-10-12T19:36:03.078000+00:00,Athletics,130
bluesky_post,bluesky,neurasensory.bsky.social,Georgia Tech Moves to No. 12 - Georgia Tech Athletics tech,https://bsky.app/profile/did:plc:345w5ovxsxjxtpm3fzoaozkh/post/3m2zgwz6lnn22,2025-10-12T19:33:33.584000+00:00,Athletics,58
bluesky_post,bluesky,longtail.news,"Feed: ""Athletics Weekly"" By: Steve Smythe on Sunday, October 12, 2025",https://bsky.app/profile/did:plc:o6ggjvnj4ze3mnrpnv5oravg/post/3m2zgtvocnk27,2025-10-12T19:31:49.976000+00:00,Athletics,69
bluesky_post,bluesky,longtail.news,"Feed: ""Athletics Weekly"" By: Tim Adams on Sunday, October 12, 2025",https://bsky.app/profile/did:plc:o6ggjvnj4ze3mnrpnv5oravg/post/3m2zgtntma32o,2025-10-12T19:31:41.684000+00:00,Athletics,66
bluesky_post,bluesky,rawnfl.bsky.social,Why Tennessee Star WR Chris Brazzell Only Caught One Pass vs. Arkansas https://www.rawchili.com/nfl/441149/ Photo By Kate Luffman/Tennessee Athletics Tennessee football has gotten terrific play from outside wide receiver Chris Brazzell this…,https://bsky.app/profile/did:plc:vjr7alppw4htiuieppbc5ow3/post/3m2zgctrldk2d,2025-10-12T19:22:17.280000+00:00,Athletics,241
bluesky_post,bluesky,athleticspodium.bsky.social,The 12th edition of the Central American Games is 6 days away now. The Games will be held in Guatemala City in fourth time since the first edition in 1973. Previous medallists in athletics: athleticspodium.com/champs/centr...,https://bsky.app/profile/did:plc:2aeemitc7nruoedrfouun3ah/post/3m2zgae2t6s24,2025-10-12T19:20:56.380000+00:00,Athletics,225
bluesky_post,bluesky,ultimategotea.bsky.social,The transformation of collegiate athletics from student/faculty run clubs into a multibillion dollar industry was a mistake,https://bsky.app/profile/did:plc:tvvsbl3rmiuohoeeca7bidxm/post/3m2zfnnfkxk2w,2025-10-12T19:10:25.282000+00:00,Athletics,123
bluesky_post,bluesky,alkeiper.bsky.social,Glad we learned the lesson about overvaluing college athletics.,https://bsky.app/profile/did:plc:273hpbd57no6bkn644dyz36c/post/3m2zdrzuboc2u,2025-10-12T18:37:05.392000+00:00,Athletics,63
bluesky_post,bluesky,ninjahosk.hellohoskins.com,Somebody get Oregon State athletics on the line right now,https://bsky.app/profile/did:plc:yj5y7dbnz4xh32ktehakn72e/post/3m2zd7r5hlc2n,2025-10-12T18:26:51.481000+00:00,Athletics,57
bluesky_post,bluesky,manswear.bsky.social,Poverty. Athletics is often one of the few ways out.,https://bsky.app/profile/did:plc:qg5vqicsub4k2vtoxgnoyd7t/post/3m2zd733rkc2v,2025-10-12T18:26:29.578000+00:00,Athletics,52
bluesky_post,bluesky,brilliantsolutions.bsky.social,Get Shredded with our client Hybrid strength athletics www.hybridstrengthathletics.com #minorityownedbusiness #smallbusiness #accounting #blackownedbusiness #asianownedbusiness #inktober #inktober2025,https://bsky.app/profile/did:plc:dbsn2k6xztbmwdbrerjv6blx/post/3m2zcwpnics2p,2025-10-12T18:21:51.385000+00:00,Athletics,200
bluesky_post,bluesky,bberts.bsky.social,It would be two cities and forty one years until the A's got in another series. At this point the A's had been in 25% of the ALs pennants,https://bsky.app/profile/did:plc:6bjdamcv5hcb5etfpvgjclyi/post/3m2zq6ucmmc2a,2025-10-12T22:19:00.578000+00:00,A's,137
bluesky_post,bluesky,mallow.gay,God im so glad z-a's trainer customization is completely un-gender-locked. Boy skirt time,https://bsky.app/profile/did:plc:vpyewbzre3jv6jso73rtswkb/post/3m2zpih3qus2v,2025-10-12T22:06:28.583000+00:00,A's,89
bluesky_post,bluesky,baseballobserver.bsky.social,The Complete History Of The Oakland A’s Disrepair,https://bsky.app/profile/did:plc:ffosahlappkc7nfhcip7kyrn/post/3m2zphefxgc2k,2025-10-12T22:05:52.384000+00:00,A's,49
bluesky_post,bluesky,gaudipern.bsky.social,"Public school debate really taught some folks to act as if there's a grade associated with it. I can walk away in the middle and I won't get an incomplete, and if you piss me off and I walk away, there are no automatic A's. Construct your arguments accordingly.",https://bsky.app/profile/did:plc:swpm6xlcgo5tbzlzs4vuzdbl/post/3m2zoq3pupc2c,2025-10-12T21:52:52.777000+00:00,A's,261
bluesky_post,bluesky,jameswebbdiscovery.com,James Webb Green Monster Discovery Illuminates Cassiopeia A's Secrets - Learn how to choose the perfect telescope --> https://www.telescopeadvisor.com/how-to-choose-a-telescope.php and Grab Amazon PrimeDay Deal --> https://amzn.to/4mM1ZoX #Astronomy #AmazonAffiliate #NASA #Space,https://bsky.app/profile/did:plc:vdb6gif7jcjcycc3ctcq4d4s/post/3m2zn2hpnzm24,2025-10-12T21:22:51.983000+00:00,A's,279
bluesky_post,bluesky,rawmlb.bsky.social,"A’s team history: Ballparks, and name changes https://www.rawchili.com/mlb/376599/ The A’s are playing in Sutter Health Park, marking another shift in their bicoastal history from Philadelphia to…",https://bsky.app/profile/did:plc:lgxwokjfnegutejxknkdpqwj/post/3m2zmxldiqp2y,2025-10-12T21:21:15.477000+00:00,A's,196
bluesky_post,bluesky,rawmlb.bsky.social,"A’s home opener in West Sacramento officially 1 month away, businesses race to get ready https://www.rawchili.com/mlb/376550/ WEST SACRAMENTO — The home opener for the formerly Oakland A’s inaugural season at Sutter Health Park is…",https://bsky.app/profile/did:plc:lgxwokjfnegutejxknkdpqwj/post/3m2zkowpw6y2c,2025-10-12T20:40:37.883000+00:00,A's,231
bluesky_post,bluesky,los-wolf.bsky.social,"🎵🎶There's Hope, There's A Silver Lining🎶🎵 Finishing The City That Never Sleeps DLC Tonight🤟🏽🕸 Plus I wanna do more Q&A's Stream At 9:30PM (Scotland) #Twitch #Scottish #CommentaryGamplay #PlayStation #Spider-ManPS4 #Marvel #InsomniacGames www.twitch.tv/lukeosulliva...",https://bsky.app/profile/did:plc:anubscgwqj4mruilpaetu6iz/post/3m2zinazrhk2a,2025-10-12T20:03:56.085000+00:00,A's,267
bluesky_post,bluesky,penelope.hailey.at,i can't believe how bad newark airport is. the monorail not even going to terminal a anymore is just the cherry on top of this mess. have you seen the chaos outside? they moved terminal a's problems to the roads and demolished the building. what are,https://bsky.app/profile/did:plc:yokspuz7ha7rf5mrqmhgdtxw/post/3m2zffmb24422,2025-10-12T19:05:56.179000+00:00,A's,249
bluesky_post,bluesky,davidnightjet.bsky.social,"Can't be worse than the road network outside Newark. They took Terminal A's problems, moved them outside and demolished the building. Like what is this? And the monorail doesn't even get to Terminal A anymore either.",https://bsky.app/profile/did:plc:yktuw4ggv6xaksu23qdo5ffe/post/3m2zffdzgw22x,2025-10-12T19:05:52.477000+00:00,A's,216
bluesky_post,bluesky,fattypinner.bsky.social,"“if A is moving relative to B, A’s clock will run slower than B’s clock” okay but from A’s perspective B is moving, why does only A’s clock change speed? is it actually acceleration that does it, not motion?",https://bsky.app/profile/did:plc:wvnm7zeiaofid4byjwhfxbs5/post/3m2zemyosrs2s,2025-10-12T18:52:10.480000+00:00,A's,207
bluesky_post,bluesky,staceycarroll.bsky.social,"Anything for an A With time running out, 18-year-old senior, Kelsey, must get straight A’s to qualify for a scholarship to college. #YoungAdult #Scholarship #Drama staceycarroll.org/uncategorize...",https://bsky.app/profile/did:plc:smwlk4fergej4hrouoch6ibz/post/3m2zekgd3z22q,2025-10-12T18:50:43.981000+00:00,A's,197
bluesky_post,bluesky,hansen.cool,Imagine if the Oakland A's owner had done this rather than caring nothing for not just the employees but also the fan base… www.nytimes.com/athletic/6707...,https://bsky.app/profile/did:plc:3tgkn6alb6zolu2garrohsot/post/3m2zcmx2dxe2v,2025-10-12T18:16:20.778000+00:00,A's,156
bluesky_post,bluesky,twssfu.bsky.social,Please note **High Posting Alert** for the next hour from 10:30am-11:30am (PDT) re: Writing Routines ~ Join in w/ #TWSOchat w/ Q&A's #writers #writing #writerslift #writers,https://bsky.app/profile/did:plc:qrdvn3fsncpf5nmaodp62k5r/post/3m2z7urhyfe2u,2025-10-12T17:27:02.379000+00:00,A's,172
bluesky_post,bluesky,violetsmith.bsky.social,"Me: I'll just write a couple thousand more words of increasing sexual tension between these two characters and then we'll be ready for the main event. Easy. Enjoyable, even. My brain: But what if massive, angsty, complicated diversion into Character A's backstory? Just for fun?",https://bsky.app/profile/did:plc:qvwmj7fuiiuurzldyhns3usr/post/3m2z7mh2dgc22,2025-10-12T17:22:24.884000+00:00,A's,278
bluesky_post,bluesky,us-headlines.bsky.social,📰 The Blaze The secret to Chick-fil-A's success has nothing to do with chicken ⟶ The Blaze | headline in context,https://bsky.app/profile/did:plc:cvgjuh3a42ina33yol2znsnq/post/3m2z4upj7dm2x,2025-10-12T16:33:19.491000+00:00,A's,112
bluesky_post,bluesky,pldhnet.bsky.social,We’re four days away from Pokémon Legends Z-A’s launch... The croissants call...,https://bsky.app/profile/did:plc:rhml22lxxd7ixqjmof4fx5yk/post/3m2z4rjipk22v,2025-10-12T16:31:32.884000+00:00,A's,80
bluesky_post,bluesky,larrypareigis.bsky.social,"Happy birthday to ACM and CMA-winning singer/songwriter/producer Shane McAnally (Lady A's Downtown, Kenny Chesney's American Kids, Sam Hunt's Body Like a Back Road, Keith Urban's John Cougar, John Deere, John 3:16). #MusicIsLife youtu.be/fM7tC1RaOFA?...",https://bsky.app/profile/did:plc:snqp33b5tepdtijo2p3eaaad/post/3m2z4q2u6br2h,2025-10-12T16:30:43.487000+00:00,A's,253
bluesky_post,bluesky,nicolaasstulting.bsky.social,"If you are determined to do it anyway, it is highly recommended to at least choose a moniker that is likely to be shortened with a ""nickname"" which is not hard for people to remember or pronounce. That can really help a lot in my experience. I still have no idea how you pronounce two A's together.",https://bsky.app/profile/did:plc:3g4xe7us6nd7hlpanmxmhxvq/post/3m2yymo32m22t,2025-10-12T15:17:14.290000+00:00,A's,298
bluesky_post,bluesky,tylerjamesbae.bsky.social,"We discussed #Pokemon Legends Z-A’s lack of excitement, August Circana and Ghost of Yotei is great.",https://bsky.app/profile/did:plc:5pkawpeqrcqsrhcq27juqffh/post/3m2yy6hxpoc2x,2025-10-12T15:09:19.179000+00:00,A's,99
bluesky_post,bluesky,local-news-pgh.bsky.social,Man fatally shot outside local Wendy's | Police issue alert for vehicle involved https://www.wtae.com/article/police-issue-alert-for-vehicle-connected-to-shooting-at-white-oak-wendys/69010487,https://bsky.app/profile/did:plc:7m2l7giygph5ruwfnlglajyu/post/3m2zrgrityq2a,2025-10-12T22:41:19.883000+00:00,OAK,191
bluesky_post,bluesky,citizenptnewsco.bsky.social,Adams County Commissioners have voted to send the controversial 1 Oak pipeline project back to the Planning Commission for further review after a revised route raised new concerns from property owners. Get the details #AdamsCounty #CO #CitizenPortal #PublicSafety #EnvironmentalImpact,https://bsky.app/profile/did:plc:s4c4ek7nf35akxmcapmakfvt/post/3m2zranu6tn2x,2025-10-12T22:37:55.986000+00:00,OAK,284
bluesky_post,bluesky,yeehawpoems.bsky.social,"#Oak Table carved generations ago hosting mirrored dinner spread vintage plates, veining cracks a bowl of hearty beef stew with harvested mushrooms, sunset carrots, golden potatoes modest woven basket holds bread wrapped in cross-stitched fabric #poetry #wildwalkprompt",https://bsky.app/profile/did:plc:5ebgl6aarllylqadodmxkloj/post/3m2zqxoqbrk2g,2025-10-12T22:32:51.278000+00:00,OAK,269
bluesky_post,bluesky,sauronsface.bsky.social,one quintillion Sauron posts to the Oak front,https://bsky.app/profile/did:plc:4umd67dvnpih2ajoejhsw3wq/post/3m2zqwe6oic2m,2025-10-12T22:32:15.779000+00:00,OAK,45
bluesky_post,bluesky,sleradio.bsky.social,Now playing on INFERNO FM: Inner Demon by Under The Oak! Tune in now: https://sleradiogroup.com/public/inferno_fm or get the updated app now on google play ---> https://bit.ly/NewSLEAPP,https://bsky.app/profile/did:plc:zxgcu6cq6cmaehqtxr7lyekd/post/3m2zqao26y52i,2025-10-12T22:20:00.987000+00:00,OAK,185
bluesky_post,bluesky,nedhamson.bsky.social,"Sharpshot Nature .Com 01226-tod-016493 Oak Tree 404 0 2019-10-12 01226-tod-016493 Oak Tree NIKON D7100 – ƒ/5 1/125 150mm ISO1000 – Crex Meadows Wildlife Refuge, WI Source: Sharpshot Nature .Com 01226-tod-016493 Oak Tree",https://bsky.app/profile/did:plc:dm23ygqhglasejxum6fqjnip/post/3m2zq4aavqp2q,2025-10-12T22:17:32.381000+00:00,OAK,219
bluesky_post,bluesky,glossybuckthorn.bsky.social,"Congrats Oak, you are seriously awesome, love all you've got to say! 1K, here you come!",https://bsky.app/profile/did:plc:kapnlddp53hwqo6i7zsateto/post/3m2zpzzdgbk23,2025-10-12T22:16:21.779000+00:00,OAK,87
bluesky_post,bluesky,joefink53.bsky.social,"PRIDE IS ALIVE AND WELL IN EAST TENNESSEE! No parade this year in downtown Knoxville because of concerns/insurance, Knox Pride held a 2 day event on Kingston Pike this year... Oak Park held a ""Secret Pride"" event today...it's location of the Manhattan Project, 1st desegregated Southern school...",https://bsky.app/profile/did:plc:uapdhjnoio43dgc4fihkrvjj/post/3m2zpzv2jg222,2025-10-12T22:16:13.681000+00:00,OAK,296
bluesky_post,bluesky,approximatelyme.bsky.social,"Florida. BTW, the Oak trees are dropping acorns in North Florida. Be extra cautious around trigger happy cops at this time. They may mistake a falling acorn for a gunshot and kill you.",https://bsky.app/profile/did:plc:jdlgo5p3qmzeugbmqexy7oz3/post/3m2zpfbva2s2b,2025-10-12T22:04:46.780000+00:00,OAK,184
bluesky_post,bluesky,ohmygiddyaunt.bsky.social,It got sunsetty on me. I wasn't ready! Stupid inadvertent nap!,https://bsky.app/profile/did:plc:h37dtqwhgdnhhyj67mp3tete/post/3m2zpccjpms2o,2025-10-12T22:03:11.887000+00:00,OAK,62
bluesky_post,bluesky,illinoisicymi.bsky.social,Chicago man charged in alleged burglary at Oak Forest residence,https://bsky.app/profile/did:plc:fm4r6f4z3p5s4bb65cyxlp7t/post/3m2zpcevn7w2h,2025-10-12T22:03:05.680000+00:00,OAK,63
bluesky_post,bluesky,11bus.bsky.social,Going past Selly Oak.,https://bsky.app/profile/did:plc:h72xoupcraxywl7nyxts534e/post/3m2zp5m77sh2h,2025-10-12T22:00:25.277000+00:00,OAK,21
bluesky_post,bluesky,hydro.mb.ca,"Crews are responding to an outage affecting approximately 11,000 customers in south Winnipeg (St. Norbert/River Park South) and areas south of Winnipeg including Oak Bluff, La Salle, and Saint Adolphe. No estimated restoration time yet. Affected areas:",https://bsky.app/profile/did:plc:hwlbhkqzjrq7gwlwcag32ibq/post/3m2zp4k3uas22,2025-10-12T21:59:51.676000+00:00,OAK,252
bluesky_post,bluesky,chicagoconnected.bsky.social,Chicago man charged in alleged burglary at Oak Forest residence,https://bsky.app/profile/did:plc:agcqudpf7hamxornkiw7ij4s/post/3m2zoxkzcpu2w,2025-10-12T21:57:02.581000+00:00,OAK,63
bluesky_post,bluesky,local-news-pgh.bsky.social,"Suspects considered armed, dangerous after 'shooting incident' at local Wendy's https://www.wtae.com/article/police-issue-alert-for-vehicle-connected-to-shooting-at-white-oak-wendys/69010487",https://bsky.app/profile/did:plc:7m2l7giygph5ruwfnlglajyu/post/3m2zotpduqg27,2025-10-12T21:54:52.882000+00:00,OAK,190
bluesky_post,bluesky,dickius.bsky.social,Chatted with a friendly fellow today who told me that Israelis are appropriating Challah from the Poles.,https://bsky.app/profile/did:plc:kwnkemsioiw7g36ywf4i3jss/post/3m2zorsvu35k2,2025-10-12T21:53:49.679000+00:00,OAK,104
bluesky_post,bluesky,odediswinereviews.bsky.social,Golan Heights Winery Yarden Cabernet sauvignon 2019 www.instagram.com/reel/DPuXjoj... #cabernet #kosherwine #kosher #ייןישראלי #ייןאדום #יין #redwine #goodwine #kosherwinetasting #wine #instagood #finewines #winetime #instawine #vin #winelife #wine #odedi #winewriter #ilovewine #Israeliwine,https://bsky.app/profile/did:plc:acia2bnhe2z643ukczal7pdi/post/3m2zorbbdxs2a,2025-10-12T21:53:37.786000+00:00,OAK,291
bluesky_post,bluesky,lightingmonkey.bsky.social,Armageddon is the best one. I went through a period of natural disaster themed ones and you can't beat The Day After Tomorrow - here in the oak clad library we'll burn books to keep warm.,https://bsky.app/profile/did:plc:pr47jfxea2ipqb4fnv7sobh5/post/3m2zor37dxk2p,2025-10-12T21:53:24.381000+00:00,OAK,187
bluesky_post,bluesky,rubyabeyta.bsky.social,#Chicago #Theater Saw Oak at the Raven Theater in Chicago last night. Very well executed. Superb acting. The story seems to have multiple layers- but I haven't unpacked them all. www.raventheatre.com/stage/oak,https://bsky.app/profile/did:plc:wla4jzod2sxth3nxz6tmlu7e/post/3m2zocei6i22m,2025-10-12T21:45:13.281000+00:00,OAK,209
bluesky_post,bluesky,zestyvines777.bsky.social,"""Under the old oak tree"" SBarnes®23'",https://bsky.app/profile/did:plc:xqrf2r3ysy7scfidqvm5ongk/post/3m2zo5sfrgc2k,2025-10-12T21:42:41.384000+00:00,OAK,36
bluesky_post,bluesky,norwichbirder.bsky.social,"Late for #WildFlowerHour, but I'd appreciate thoughts on this Ragwort sp. from Norfolk today. Some of the leaves were undivided, which threw me a bit. #WildFlowerID",https://bsky.app/profile/did:plc:ilz3iwmgoo3fkzzeuohveqsq/post/3m2zo532lbc2r,2025-10-12T21:42:41.383000+00:00,OAK,164
bluesky_post,bluesky,rawnfl.bsky.social,"Philadelphia Eagles legend Malcolm Jenkins holds ‘Get Ready Fest’ in West Oak Lane https://www.rawchili.com/nfl/441422/ Sunday, October 12, 2025 2:04PM Eagles legend Malcolm Jenkins holds ‘Get Ready Fest’ in West Oak Lane PHILADELPHIA…",https://bsky.app/profile/did:plc:vjr7alppw4htiuieppbc5ow3/post/3m2zo47v3l42l,2025-10-12T21:41:45.381000+00:00,OAK,235
bluesky_post,bluesky,uspol.skyfleet.blue,Canvass for Prop 50 in Oak Park · Indivisible,https://bsky.app/profile/did:plc:r73kjlwfdyge5x2laitip3pc/post/3m2znwpglto2u,2025-10-12T21:38:39.482000+00:00,OAK,45
bluesky_post,bluesky,wmbfnews.com,LOOK: Take a look at this cool photo from Karen Edgenear Socastee in Oak Forest Subdivision.,https://bsky.app/profile/did:plc:4y6u3rjyibwgx6v7blvjwhcq/post/3m2znhx6fwc2j,2025-10-12T21:30:24.779000+00:00,OAK,92
bluesky_post,bluesky,mccbumgarner.bsky.social,Coors was really cool and I loved seeing the A's in Oakland before the Raiders came back and ruined it smh.,https://bsky.app/profile/did:plc:nmre4tbvns5balyoxszc2xxd/post/3m2xwixjnx22u,2025-10-12T05:06:43.782000+00:00,Oakland A's,107
bluesky_post,bluesky,martin-stillion.bsky.social,"Oakland and SF are different cities. But an earthquake series rematch after the A's move to Vegas would be interesting. Mets, of course, can't play SF or LA in the Series because they're all NL teams. Did I miss anyone?",https://bsky.app/profile/did:plc:unhyjom7c5jjzuan5mqiidej/post/3m2xtolaeuk2z,2025-10-12T04:16:09.835000+00:00,Oakland A's,219
bluesky_post,bluesky,ajgonzalezwrites.bsky.social,I remember Mike Moore from the '89 Oakland A's described as a flamethrower with a 92 mph fastball.,https://bsky.app/profile/did:plc:5zve4rwvuetioknjvufspj2h/post/3m2xlvwbrzc24,2025-10-12T01:57:05.381000+00:00,Oakland A's,98
bluesky_post,bluesky,greggiefella.bsky.social,Running an ad during the MLB playoffs featuring an Oakland independent baseball team founded in the wake of the A’s leaving town feels like a pretty nice little “fuck you” to Manfred. Good work.,https://bsky.app/profile/did:plc:qzt4lco5hk6ej2ohjpuhuwdr/post/3m2xkcrqsfk23,2025-10-12T01:28:30.384000+00:00,Oakland A's,194
bluesky_post,bluesky,mattortega.com,"We randomly had WGN in Oakland at my grandmother's house so it was very weird to grow up with the team productions for the A's (KRON/KICU), Giants (KTVU), Braves (TBS) and the Cubs (WGN). (Weirdly did not get WGN in nearby Hayward nor Danville.)",https://bsky.app/profile/did:plc:3a5ph4is4fipphnzxpnr5jh4/post/3m2xjrjhlha2b,2025-10-12T01:18:51.083000+00:00,Oakland A's,245
bluesky_post,bluesky,garretheinrich.bsky.social,Found a box of memorabilia. This Oakland A’s season finale at home 1991. Who is this?,https://bsky.app/profile/did:plc:ljmjz4uvw3wcdjtjawiktcol/post/3m2x7dogkms2h,2025-10-11T22:12:12.683000+00:00,Oakland A's,85
bluesky_post,bluesky,keira413.bsky.social,What does a Missouri Senator have to do with this? Well there was a team called the Kansas City Athletics (A's) that moved to Oakland for the 1968 season. Missouri Senator Stuart Symington did not like that and demanded a new team be placed in Kansas City. MLB agreed but... 1/,https://bsky.app/profile/did:plc:pbpfdstv2rtrqrmplptxki5n/post/3m2vm2wenfk2a,2025-10-11T06:54:36.079000+00:00,Oakland A's,277
bluesky_post,bluesky,nbasarah.bsky.social,"F*** it. I’m a Mariners fan. Tonight, @colyou.bsky.social said “Sports are supposed to be fun. Are John Fisher and the A’s fun?” And the answer is no. Unless he dies or sells the team and they return to Oakland, I just can’t. That part is painful. But cheering for a fun team tonight was great.",https://bsky.app/profile/did:plc:ar64irgfsivc76wkio5oylob/post/3m2vhl22lzc2z,2025-10-11T05:34:06.880000+00:00,Oakland A's,294
bluesky_post,bluesky,publiusmaximus.bsky.social,Same! Rooting for them feels like betraying my childhood love of the A's... And neither of us are in Oakland anymore.,https://bsky.app/profile/did:plc:yszw5d4xdtc7m5m7eqwgqtrz/post/3m2vgpodeu22v,2025-10-11T05:18:48.783000+00:00,Oakland A's,117
bluesky_post,bluesky,cantankerouscrow.bsky.social,"Nope, hell is being an Oakland A's fan. Congrats! Now get some espresso in a nice plaza, you are in Europe!",https://bsky.app/profile/did:plc:lg4fqph3jfzms7qyt2egeyqo/post/3m2vggck2jk25,2025-10-11T05:13:34.579000+00:00,Oakland A's,107
bluesky_post,bluesky,chilledpunkrock.bsky.social,Since I lost my Oakland A’s to Vegas I root for the Mariners now and it is amazing what they’ve done this season,https://bsky.app/profile/did:plc:grqsjfqarg2lan2davnjhjjl/post/3m2v5wdjzi22q,2025-10-11T02:41:28.679000+00:00,Oakland A's,112
bluesky_post,bluesky,matt979.bsky.social,"The Detroit Tigers, playing American League Division Series Game 5, sent their ace to the mound and the ace utterly dominated? Back in 2012-2013, some Oakland A's fans called this Verlandernacht. (This did not age well, I'm so sorry. But fascism was not nearly as big a threat then as now.)",https://bsky.app/profile/did:plc:tvj6drg7xnao7mp3vn5zddbh/post/3m2v5iq7tu22f,2025-10-11T02:33:53.281000+00:00,Oakland A's,290
bluesky_post,bluesky,pnwnwa.myatproto.social,I went to the last A’s game at the Coliseum in Oakland. I think it’s the last major stadium with a trough. Lol,https://bsky.app/profile/did:plc:leqlmjhlywwcxdrezp4enrfx/post/3m2uxxe5b7k2s,2025-10-11T00:54:40.580000+00:00,Oakland A's,110
bluesky_post,bluesky,davestiebtoday.bsky.social,"3/3: Ernie Whitt: ""Dave's got nothing to be ashamed of. He kept us there...that's all you can ask."" The Oakland Tribune concurs: ""He was on his game."" A’s Catcher Terry Steinbach: ""It was a lot harder this year [than sweeping Boston in '88]. Toronto wore the guys out. We need the time off.""",https://bsky.app/profile/did:plc:thauikidgk63h5oz7zhsvudu/post/3m2wnvkq4nc2z,2025-10-11T17:00:33.317000+00:00,Oakland A's,291
bluesky_post,bluesky,coopincanada.bsky.social,"33 years ago today, the Toronto Blue Jays defeated the Oakland A's 7-5 in Game 3 of the ALCS to take a 2-1 series lead. Candy Maldonado and Roberto Alomar hit home runs, while Juan Guzman picked up the win.",https://bsky.app/profile/did:plc:ml72j26qq4or4ksapi3vw7x7/post/3m2tispy45k2l,2025-10-10T10:51:04.281000+00:00,Oakland A's,206
bluesky_post,bluesky,coopincanada.bsky.social,"Happy 79th Birthday to former Toronto Blue Jays bench coach and Oakland A's World Series MVP Gene Tenace! He was a ""Money Ball"" A's player before ""Money Ball."" - .388 career OBP - Six seasons of 100 walks or more - 5, 20-HR seasons",https://bsky.app/profile/did:plc:ml72j26qq4or4ksapi3vw7x7/post/3m2tiqy4nvs2l,2025-10-10T10:50:05.681000+00:00,Oakland A's,231
bluesky_post,bluesky,rawmlb.bsky.social,Jacob Wilson Injury Scare: A’s All-Star Exits After HBP On Left Wrist Ahead Of MLB All-Star Game 2025 | Other Sports News https://www.rawchili.com/mlb/371452/ The Oakland Athletics’ emphatic 10-1 win over the Atlanta Braves on Tuesday night was overshadowed by a heart-stopping…,https://bsky.app/profile/did:plc:lgxwokjfnegutejxknkdpqwj/post/3m2s3k5u6wv2y,2025-10-09T21:20:53.898000+00:00,Oakland A's,278
bluesky_post,bluesky,kyrie.scanlinemedia.com,@jonbois.bsky.social watching Kamen Rider,https://bsky.app/profile/did:plc:hutgxecuby3gg24jl4ioeczq/post/3m2rshfrzt22p,2025-10-09T18:38:18.213000+00:00,Oakland A's,41
bluesky_post,bluesky,nicosan1.bsky.social,"Still one of my favorite episodes from Reading Rainbow, along with the one when LeVar visits the Oakland A's too.",https://bsky.app/profile/did:plc:pyozfd752fyt42yq2hvm6omx/post/3m2rpjej7rk2m,2025-10-09T17:45:41.396000+00:00,Oakland A's,113
bluesky_post,bluesky,knifemommy.bsky.social,This is what a lovable scumbag looks like,https://bsky.app/profile/did:plc:k5pdwkjrrzdb7nkila6az5jn/post/3m2q2j7r5ak2c,2025-10-09T01:57:09.853000+00:00,Oakland A's,41
bluesky_post,bluesky,20thbaseball.bsky.social,"Today's TTM return is from former outfielder Bill North who played 11 years for the Cubs, A's, Dodgers and Giants. He was a key member of the 1974 World Champion Oakland A's and was also a 2x AL stolen base leader, topping out at 75 swipes in 1976. #TTM #TTMSuccess #Cardsky",https://bsky.app/profile/did:plc:e74b7wleab6b2cjadwmnbhje/post/3m2phbzmosc2w,2025-10-08T20:13:06.558000+00:00,Oakland A's,274
bluesky_post,bluesky,serendipityinfl.bsky.social,"Ummmm.. he's trying to change the facts ...like he's trying to do with Covid, Esptein, Jan 6, Joe Biden's 2020 Election, Slavery, 9/11, Tylenol, and Autism He's going to say Hamas killed Palestinians and that Netanyahu and his IDF were innocent angels of mercy.",https://bsky.app/profile/did:plc:hbj76oofrtpr5lyj4ltj6yzu/post/3m2zrkfz3y222,2025-10-12T22:43:22.279000+00:00,Angels,261
bluesky_post,bluesky,mobiquotes.bsky.social,Seeing beautiful art is like feeling kisses from angels all over your face.,https://bsky.app/profile/did:plc:iw7f7zll6xwb4ulmzjhgnrzg/post/3m2zri655ju2n,2025-10-12T22:42:06.676000+00:00,Angels,75
bluesky_post,bluesky,lissieholli.bsky.social,Good Night and dream with the angels...,https://bsky.app/profile/did:plc:ez56kuwlbh44m5h6sczrvjv5/post/3m2zrhz27i22x,2025-10-12T22:42:04.679000+00:00,Angels,39
bluesky_post,bluesky,nacl.sh,"pleass ,,,president trump , heaven needs u. the angels need u.",https://bsky.app/profile/did:plc:i5mvo22kcxsmqn6e3lgjbfnf/post/3m2zrfsvfik2a,2025-10-12T22:40:48.082000+00:00,Angels,62
bluesky_post,bluesky,coltyeena.bsky.social,"Took the blood angels up against tau for a 1000pt game, proxy stormsurge really paid for its points. Might have needed more terrain 😂",https://bsky.app/profile/did:plc:7l6nflmmb5hwcglrjqafcqpz/post/3m2zrdmybm22g,2025-10-12T22:39:50.980000+00:00,Angels,133
bluesky_post,bluesky,rancidcheesefries.bsky.social,promoting myself again whops 🍋 HI im guy! if you like seeing random tidbits of dumps about random junk that usually focuses on demons and angels tropes plz.. consider checking out my page...... #promosky #artist #artsky #ocs,https://bsky.app/profile/did:plc:fbh7gnibnb34xoh2zljuuwss/post/3m2zrcaa7gk2z,2025-10-12T22:39:06.984000+00:00,Angels,224
bluesky_post,bluesky,anarchist-cop.bsky.social,"Ah, new to The US? You’re barking up the wrong tree. Like 70 percent of these hillbilly assholes believe in real, physical angels. There’s no reasoning with that. 😒",https://bsky.app/profile/did:plc:6one4bkzzxzhroivxjtoorft/post/3m2zradrvxs2a,2025-10-12T22:37:44.778000+00:00,Angels,164
bluesky_post,bluesky,rdhosken.bsky.social,SHORT CLIP: Astonished Angels and the Defeat of Death (And see our full Morning Prayers videos at substack.com/@robertdhosk...),https://bsky.app/profile/did:plc:p6dqabu2m4w7u4zy2r6ckvjb/post/3m2zr54axd22h,2025-10-12T22:35:56.685000+00:00,Angels,127
bluesky_post,bluesky,mrteamster.bsky.social,"The Canadian Snowbirds just flew over our home. No Blue Angels this year, thanks to his orange highness and the republicans.",https://bsky.app/profile/did:plc:me3opzj3zw272lmza3hiyabx/post/3m2zr3alirs23,2025-10-12T22:35:00.182000+00:00,Angels,124
bluesky_post,bluesky,jujukoo.bsky.social,NICU babies 🥺 they are like tiny little angels,https://bsky.app/profile/did:plc:2qdkjbjymciupjlf2audxdul/post/3m2zr23fth22p,2025-10-12T22:34:14.178000+00:00,Angels,46
bluesky_post,bluesky,rsimmon.bsky.social,"The Snowbirds don’t have the *oomph* of the Blue Angels (significantly quieter), but they still approach landing wingtip-to-wingtip, which is plenty badass.",https://bsky.app/profile/did:plc:c6b4jhahjjn75k4k2rvhsvyh/post/3m2zqyeuulc2e,2025-10-12T22:33:17.183000+00:00,Angels,156
bluesky_post,bluesky,poopfoot.bsky.social,"Think I'm going to watch The Crow, and then maybe City of Angels after. Like horror movies, the Crow movies had a lot of severely diminishing returns with every sequel, but at least the soundtracks were bangers.",https://bsky.app/profile/did:plc:ktwjjfwvr2jjt6c4fgo7c3jg/post/3m2zqqaswt22k,2025-10-12T22:28:44.677000+00:00,Angels,211
bluesky_post,bluesky,emo-sludge.com,"The clients that don’t haggle with me are my angels (my rates are also very reasonable, I’m quite poor)",https://bsky.app/profile/did:plc:467xm3qqtie2xhunpwhrlsf6/post/3m2zqpstdlc2a,2025-10-12T22:28:29.579000+00:00,Angels,103
bluesky_post,bluesky,panwithaplan1995.bsky.social,Hobby Streak Day 265 Managed to finish the Phobos Librarian for my 40k Blood Angels 10th Company collection 😊 Librarian Arteino Metraen ready for duty 😊 #warhammer #warhammercommunity #warhammer40k #40k #bloodangels #bloodangels40k #phoboslibrarian #workinprogress #wip #hobbystreak #finishedmini,https://bsky.app/profile/did:plc:gkvdcx4oqazpkrlj35zqug5h/post/3m2zqnv6xek2t,2025-10-12T22:28:14.781000+00:00,Angels,296
bluesky_post,bluesky,gatekeeperken.bsky.social,So sorry. She's a beauty. They are angels in the dog world.,https://bsky.app/profile/did:plc:2v6wpg7f7qo2nmrtrzsxyiax/post/3m2zqnecz2c2w,2025-10-12T22:27:08.286000+00:00,Angels,59
bluesky_post,bluesky,jen.sheshed.rocks,Thank you Sammie!! Love ya too!! 💐 #SheShed,https://bsky.app/profile/did:plc:xrga646tzbi347nmnumvnfcv/post/3m2zqmaci6s2n,2025-10-12T22:26:30.679000+00:00,Angels,43
bluesky_post,bluesky,lizzywednesday.bsky.social,"And Ultrabland is THE BOMB for removing glitter eye shadow and waterproof mascara the first time. I'm also partial to the clay cleansers, like Let the Good Times Roll and Angels on Bare Skin. 2/2",https://bsky.app/profile/did:plc:juiyezjw6jiwy72loh66wxq6/post/3m2zqle4gxc2c,2025-10-12T22:26:00.212000+00:00,Angels,195
bluesky_post,bluesky,kerunoon.bsky.social,Some angels: @yurislug.bsky.social @artmo-on.bsky.social @lainasapphire.bsky.social @pencitheandroid2.bsky.social @nomorhor.bsky.social @froppyglocky.bsky.social @themagicalgurl.bsky.social @mrenvelopez.bsky.social @oinkbln.bsky.social @tsukameokita.bsky.social @dataloreart.bsky.social,https://bsky.app/profile/did:plc:nuip4ic6scrbteiblksd5v46/post/3m2zqian3rc2m,2025-10-12T22:24:16.485000+00:00,Angels,286
bluesky_post,bluesky,sherylxanderson.bsky.social,"Stunningly Beautiful as always and i hope You dont mind terrible that i wrote this to You ❤️ She rises wrapped in holy light, A crown of stars, her birthright. The heavens hush when she is near — Beauty bows, and angels hear. Grace and power weave her name, Eternal Queen, through love and flame.",https://bsky.app/profile/did:plc:z4utbrekeiapy5ow65degxml/post/3m2zqdgwah22g,2025-10-12T22:21:36.178000+00:00,Angels,296
bluesky_post,bluesky,gwreiter.bsky.social,"Abraham Lincoln's quote, ""the better angels of our nature""",https://bsky.app/profile/did:plc:4uh2racxsgiuadew4c3obmrh/post/3m2zqbfgotc23,2025-10-12T22:20:26.181000+00:00,Angels,58
bluesky_post,bluesky,its-robin.bsky.social,"Great sermon today from St. Michael & All Angels, Tuscon given by Fr. David Hedges.",https://bsky.app/profile/did:plc:zs76yydho4rp2qeum3pleu3k/post/3m2zq77razs2d,2025-10-12T22:19:14.290000+00:00,Angels,83
bluesky_post,bluesky,gabrielkaltekis.bsky.social,"and the glories that would follow. It was revealed to them that they were not serving themselves but you, when they spoke of the things that have now been told you by those who have preached the gospel to you by the Holy Spirit sent from heaven. Even angels long to look into these things.",https://bsky.app/profile/did:plc:7xi7bzrxrylfjx3xmalonodo/post/3m2zpzsqwwe2c,2025-10-12T22:16:11.985000+00:00,Angels,289
bluesky_post,bluesky,anonturk.bsky.social,🇹🇷 Gözaltındaki suç örgütü lideri Necati Arabacı tutuklandı Yaklaşık iki yıl önce Türkiye'de suç örgütü lideri Ayhan Bora Kaplan'la bağlantısı ile tanınan Hells Angels çetesinin ele başı olduğu belirtilen Necati Arabacı tutuklan… #Türkiye #Turkiye #Haber #Gündem #Gundem #BirGün #BirGun,https://bsky.app/profile/did:plc:lako4qfv6vlzpz2dyt23b77u/post/3m2zpxz4uai2d,2025-10-12T22:15:11.881000+00:00,Angels,286
bluesky_post,bluesky,hummingbirdwarrior.bsky.social,"I making a quick San Francisco Peninsula. I made an early am appt, so I figured I'll stay my go-to Hyatt. The Hyatt, Hilton, Marriott, and every other hotel for 30 miles is charging 500-1000 a night. It's usually 150-300 a night. Turns out it's surge pricing for Fleet Week with no Blue Angels.",https://bsky.app/profile/did:plc:jbkryuoe6hic2stvgjuvwdfk/post/3m2zpulekms22,2025-10-12T22:13:13.584000+00:00,Angels,294
bluesky_post,bluesky,netzacon.bsky.social,"Tinky-Winky, Dipsy, Laa-Laa, and Po, gear up. We're going freedoming! Barney, dust off those raptors, we need a purple dinosaur stat!",https://bsky.app/profile/did:plc:moywsqz5ho7osgdfs4qap4fg/post/3m2zjo6nzf22x,2025-10-12T20:22:19.384000+00:00,LAA,133
bluesky_post,bluesky,ristox.bsky.social,russians really do live on some fairytale la laa land over there. More delusional and out of touch with reality every day.,https://bsky.app/profile/did:plc:gtsqv6cepeptfamp5kzxqu7i/post/3m2z4mr4rbc2l,2025-10-12T16:28:53.779000+00:00,LAA,122
bluesky_post,bluesky,dromeardeche.ici.fr,Un homme de 21 ans gravement blessé après une sortie de route à Saint-Sernin en Ardèche ➡️ https://l.ici.fr/LAa,https://bsky.app/profile/did:plc:5hwxf6az4apjzg72h5jlk7yq/post/3m2yhersulo2j,2025-10-12T10:08:36.680000+00:00,LAA,111
bluesky_post,bluesky,laiesken.bsky.social,"La perspectiva medieval és sempre molt estranya. L'escuder hauria de tenir l'escut de perfil però el dibuixant no sabia gaire com posar-lo, sembla com si es cobrís laà de l'espasa amb la cara exterior de l'escut 😝🤣. És una llàstima que no existeixin textos d'esgrima anteriors al segle XIV.",https://bsky.app/profile/did:plc:sig3y3ocbbakp7w2mnt4qjf3/post/3m2xw534vms2a,2025-10-12T05:00:05.082000+00:00,LAA,290
bluesky_post,bluesky,hectordiventrue.bsky.social,"Manos según el orden de la ONU (Sahára Occidental) y nuestra ultima descolonización fue en 1969 (Guinea Ecuatorial). Todos los gobiernos hasta la actualidad han sido de una forma u otra colonialistas. Desde los gobiernos de Alfonso XIII, a laa dos dictaduras y la propia II República.",https://bsky.app/profile/did:plc:7tludg6jhfgts4ppgeyb2oco/post/3m2xfgnysws27,2025-10-12T00:01:11.982000+00:00,LAA,284
bluesky_post,bluesky,maijulou.bsky.social,🖤 La di da La di da Laa la la la Oh well,https://bsky.app/profile/did:plc:zh6mn7mxulyj6cu6ii667yzg/post/3m2xewemmfs2p,2025-10-11T23:52:08.784000+00:00,LAA,40
bluesky_post,bluesky,mixitupdeedee62.bsky.social,"🎵🎵 Frog rockin, the bounce is shockin and the ICE guys can't stand still. We never knew us a better time, despite the MAGA shills. Lordy momma, on Friday nights, when ICE just couldn't bear the sight. Frog rockin in Portland aaall nii iiight. Laa, la la la la la🎵🎵🎶",https://bsky.app/profile/did:plc:fxgqnrbbvecmfoh3nmr4pbf3/post/3m2xcblyylk2b,2025-10-11T23:04:40.787000+00:00,LAA,265
bluesky_post,bluesky,mixitupdeedee62.bsky.social,"🎵🎵 Frog rockin, the bounce is shockin and the ICE guys can't stand still. We never knew us a better time, despite the MAGA shills. Lordy momma, on Friday nights, when ICE just couldn't bear the sight. Frog rockin in Portland aaall nii iiight. Laa, la la la la la🎵🎵🎶",https://bsky.app/profile/did:plc:fxgqnrbbvecmfoh3nmr4pbf3/post/3m2xcattvdc2b,2025-10-11T23:04:15.986000+00:00,LAA,265
bluesky_post,bluesky,paysbasque.ici.fr,"Aviron Bayonnais : suspicion de rupture des ligaments croisés du genou droit pour Maxime Machenaud, six autres blessés après le match perdu à Pau ➡️ https://l.ici.fr/LAA #SPAB | #Top14 | #teamAB",https://bsky.app/profile/did:plc:4h6f5te3rlhzglgamniyp52z/post/3m2x4o2uj7l25,2025-10-11T21:24:16.984000+00:00,LAA,194
bluesky_post,bluesky,jsaquella.bsky.social,"Here’s a batshit Idea: Casty, Bohm & Marsh to LAA for Adell, sign Gleyber Torres to play 3B, keep Schwarbs & JT",https://bsky.app/profile/did:plc:zucu2ak64dwlbmokgowa5otg/post/3m2x2mzuevs2m,2025-10-11T20:47:54.583000+00:00,LAA,111
bluesky_post,bluesky,oldukcatalogues.bsky.social,"#Christmas 1997: Toys from Toys R Us (+Thomas & Percy's Big Adventure; Barney Schoolhouse; Playskool Talking Barney; Tomy Multi Gym Walker; Thomas the Tank Engine Big Loader; Teletubbies Videos; Lullaby Dream Show; Rise 'n' Shine Rabbit; Animal Marching Band; Ball Machine; Mr Potato Head, and more)",https://bsky.app/profile/did:plc:jpt4d2uccbixsaa3uzqubw3e/post/3m2wxylc2wz2i,2025-10-11T20:00:40.489000+00:00,LAA,299
bluesky_post,bluesky,fallowglen.bsky.social,la laa,https://bsky.app/profile/did:plc:gyzm3jw3nmvpryovqbh34yt2/post/3m2wvx27pyk2r,2025-10-11T19:24:03.889000+00:00,LAA,6
bluesky_post,bluesky,urlaubshamster.bsky.social,Therme Laa Angebot - 2 Nächte im 4* Hotel inkl. Halbpension & Therme ab 285€,https://bsky.app/profile/did:plc:fdmugb4yrak3uxsc3viel46d/post/3m2wkkmpnfg2l,2025-10-11T16:00:13.988000+00:00,LAA,76
bluesky_post,bluesky,ansgarheskamp.bsky.social,"Welche Fachliteratur wäre denn eigentlich für LAA (und ggf. Auch für fortgeschrittene L.) geeignet, um die notwendigen Kompetenzen der Entwicklung von Unterricht aufzubauen und zu reflektieren?",https://bsky.app/profile/did:plc:ji3fups72dnocffpmvzcef6w/post/3m2wjw7z7u22e,2025-10-11T15:48:49.586000+00:00,LAA,193
bluesky_post,bluesky,gizzblue.bsky.social,Badge of honour that laa 👌👍🤣🤣.,https://bsky.app/profile/did:plc:mx7w5l5e5yrfkmnlnzwmhm2u/post/3m2vth7pjvk2z,2025-10-11T09:06:43.280000+00:00,LAA,30
bluesky_post,bluesky,kiteletz63ar.bsky.social,「全然分からん」ولا فاهم إشي ウラー・ファーヒム・イシ [w-laa faahim 'iShy] ⁦「分かる」( فاهم )[faahim]・「物」( إشي )['iShy]：( فَا )[faa] シャーム地方、ヨルダンやパレスチナの方言らしい⁩ 全然（ゼンゼン）・分からん（わからん） 2209 出典不明 #アラビア語,https://bsky.app/profile/did:plc:dyn3ash5olct5ql7ylsqcm5g/post/3m2vntly7ej2v,2025-10-11T07:26:17.680000+00:00,LAA,170
bluesky_post,bluesky,mlbdeadlinenews.bsky.social,"The #Angels and Albert Pujols are in “preliminary discussions on a deal” that would make Pujols the next LAA Manager, per The Athletic Pujols “has been the favorite choice of Angels owner Arte Moreno” for the job.",https://bsky.app/profile/did:plc:zsvybug3d2jtvps5lcstrgpd/post/3m2uq77kj2k2b,2025-10-10T22:35:55.085000+00:00,LAA,213
bluesky_post,bluesky,mariajeperez.bsky.social,Psychologist: The Jamiroquai Laa-Laa doesn't exist The Jamiroquai Laa-Laa: #TOTP,https://bsky.app/profile/did:plc:i3z7x2xhitsbmv6q2lnjfnt6/post/3m2ucc4toxs2w,2025-10-10T18:26:59.278000+00:00,LAA,80
bluesky_post,bluesky,necoloji.bsky.social,Kiraz çiçeği kolonyası çoksell kokuyor laa..🌸🤤🤌,https://bsky.app/profile/did:plc:2xkijm3f3njnsjrtext6c7gp/post/3m2u62qdfpk2s,2025-10-10T17:11:17.083000+00:00,LAA,47
bluesky_post,bluesky,juannicieza.bsky.social,"Aquí una señora hablado de la ""Paz"" ""No cederan si no existe una amenaza real, creible, severa e inminente. Y esa unica amenaza que los hace ceder es la del uso de laa fuerza internacional"" youtu.be/3OxULhCJJEc?...",https://bsky.app/profile/did:plc:cgpfftozkdesgsbrpbjcgdqs/post/3m2tvaigtj22f,2025-10-10T14:33:32.684000+00:00,LAA,214
bluesky_post,bluesky,peezkyweezky.bsky.social,Ughhhhhh it’s so truuueeee we’re so LAA MMMMMEEEEE,https://bsky.app/profile/did:plc:6tueadzuynhkgyt5rkmpm2x2/post/3m2sv353vrc2k,2025-10-10T04:57:46.478000+00:00,LAA,50
bluesky_post,bluesky,bithisarea.bsky.social,The Screwtape Letters mas só tem um parágrafo porque o trabalho já estava feito antes dele chegar laá,https://bsky.app/profile/did:plc:xnvk44p2eizehhig3jurpfpr/post/3m2ry4lr5ts2p,2025-10-09T20:19:37.794000+00:00,LAA,101
bluesky_post,bluesky,javierpep.bsky.social,El bufón de la Angels Barceló haciendo su trabajo. Que obsesión con Podemos.,https://bsky.app/profile/did:plc:ie2tbpkcdmcwat7ke4ozjk5t/post/3m2zdps4dx22f,2025-10-12T18:35:51.485000+00:00,LA Angels,76
bluesky_post,bluesky,kanyabel.bsky.social,"#taldiacomavui 12 d’octubre 2017, afectats per les càrregues d la Guàrdia Civil a la demarcació d Girona durant el referèndum d l'1 d'octubre, llençaven pintura vermella a la placa d la Guàrdia Civil del Santuari dels Àngels (Gironès) Quan es retira la placa al seu lloc es va escriure: '1 d'octubre'",https://bsky.app/profile/did:plc:s2gd3nfs4qotu23ixg6fonbw/post/3m2z4di3r4c2g,2025-10-12T16:23:43.680000+00:00,LA Angels,300
bluesky_post,bluesky,lanews.bsky.social,“Settlement talks fail ahead of trial pitting Tyler Skaggs’ family against the Angels” — Los Angeles Times #LosAngelesNews #LA #LosAngeles,https://bsky.app/profile/did:plc:4tcamvwznfwubh2a5ylssgsq/post/3m2yqh2aord22,2025-10-12T12:50:55.981000+00:00,LA Angels,138
bluesky_post,bluesky,la-news.bsky.social,"Settlement talks fail as trial pitting Skaggs vs. Angels begins https://www.europesays.com/us/297190/ At its core, a civil suit is about money. Nobody pleads guilty. Nobody goes to prison. Somebody either…#la #LosAngeles #lanews #LosAngelesnews #us #news #usnews",https://bsky.app/profile/did:plc:tmwvko6uwcs2azo63owamzj4/post/3m2ynmnn2dj2e,2025-10-12T12:00:22.780000+00:00,LA Angels,262
bluesky_post,bluesky,jc-82.bsky.social,youtu.be/iBsO_dh3IK4 But I couldn't let go of LA City of the fallen angels,https://bsky.app/profile/did:plc:vusnpfaigs2lnhwh7g7kkzrs/post/3m2xshg5isk2w,2025-10-12T03:54:20.378000+00:00,LA Angels,74
bluesky_post,bluesky,brainchain.ca,I would add Maus would make a great trilogy à la Tony Kushner Angels in America. Also This One Summer would work as a musical.,https://bsky.app/profile/did:plc:tc64ppbzqxgyosog5dqutnkd/post/3m2xgkag3bc2c,2025-10-12T00:21:05.980000+00:00,LA Angels,126
bluesky_post,bluesky,gebem.bsky.social,"Oh, this is so sad. #RIPDianeKeaton, who was a real kick to watch in film or on interviews. She had a great range of abilities as an actor, and surprisingly, her vocals too. She probably is telling the angels, ""La la. La ti da.""",https://bsky.app/profile/did:plc:jyamfbjocnpndoxcaglivn66/post/3m2wvw5lrh22w,2025-10-11T19:23:31.588000+00:00,LA Angels,228
bluesky_post,bluesky,daletra.net,Consulta la letra de la canción “Angels” de Chance The Rapper #ChanceTheRapper #Angels,https://bsky.app/profile/did:plc:bklbriccmzytr3emyp7mr3yo/post/3m2w6axcrum2p,2025-10-11T12:20:04.578000+00:00,LA Angels,86
bluesky_post,bluesky,toriru.bsky.social,toda vez que ando de carona na moto da minha amiga Carol eu me imagino igual a cena do fallen angels lá. mto foda,https://bsky.app/profile/did:plc:7mh5lixzx3o3px5j3cmghvkd/post/3m2vxtfyqv22b,2025-10-11T10:25:08.983000+00:00,LA Angels,113
bluesky_post,bluesky,selv.bsky.social,"Ok, have just finished it. Quite a ride. Shades of Hunter S. Thompson too. I thought there was a fair bit of creative eliding of his encounters and coversations but it was fascinating. Real enjoyed it.",https://bsky.app/profile/did:plc:5ro5t23xlq66kf76nikpnn4q/post/3m2ubw3yf4s2v,2025-10-10T19:05:28.576000+00:00,LA Angels,201
bluesky_post,bluesky,sinedsavard.bsky.social,"Un autre sympathisant des Hells Angels candidat aux élections municipales, à Sainte-Émélie-de-l’Énergie, veut devenir maire. Au moins eux autres son organiser la preuve le gouvernement arrête pas d’appeler sa le crime organisé....",https://bsky.app/profile/did:plc:kbpvhmvzg52pun3rep4ukvbh/post/3m2u2jdjdhk2q,2025-10-10T16:07:50.678000+00:00,LA Angels,230
bluesky_post,bluesky,985fm.ca,Candidats aux élections | Des sympathisants des Hells Angels s'invitent dans la campagne électorale,https://bsky.app/profile/did:plc:45tfelc3s6sgs3jgyrr4x46c/post/3m2txloghld2n,2025-10-10T15:15:28.587000+00:00,LA Angels,99
bluesky_post,bluesky,aspirinawoolf.bsky.social,"Vull viure una vida que tingui sentit. La conca dels àngels, Berta Cusó, @PagesEditors",https://bsky.app/profile/did:plc:7oyp63nc6t2dymnfb7mxfjvz/post/3m2tnww4v6c2x,2025-10-10T12:22:55.479000+00:00,LA Angels,86
bluesky_post,bluesky,moggioe.bsky.social,"Estados Unidos y que, por cierto, ayer propuso echar a España de la OTAN si nuestro país no aumenta el gasto militar. Fue en el Despacho Oval mientras recibía elogios por el acuerdo en Oriente Próximo. ✍🏼 *Por Àngels Barceló* tinyurl.com/cpk6h4x7",https://bsky.app/profile/did:plc:csky6dxa3425ivjphqsslxbt/post/3m2t6k5drt22f,2025-10-10T07:47:15.916000+00:00,LA Angels,246
bluesky_post,bluesky,urbanhistorya.bsky.social,"In about 30mins @6pm PT the opening #UHA2025LA plenary session will begin It's titled: ➼ ""Learning from LA: What Urban America can learn from the City of Angels"" It features esteemed scholars writers & planners David Myers, Gustavo Arellano, Brenda Levin, Becky Nicolaides, & Raphael Sonenshein 4/4",https://bsky.app/profile/did:plc:v3hipgg5yrbgnpjakvo64ono/post/3m2sgf7xsac2d,2025-10-10T00:34:57.397000+00:00,LA Angels,298
bluesky_post,bluesky,roguesecunit.bsky.social,"You know, sometimes I get tired of sending love and strength. Sometimes I want to send a battalion of saints & angels carrying blinding bright shields that reflect the actions of la migra back at them so they truly see & fall to their knees with the weight of sudden understanding. OR DINOSAURS.",https://bsky.app/profile/did:plc:jmkqmjhcix7yldblun3fxjyy/post/3m2sdftgdls2k,2025-10-09T23:41:38.190000+00:00,LA Angels,295
bluesky_post,bluesky,olmlb.bsky.social,【日本語字幕】NLDSドジャースvsフィリーズ３戦目！ロバーツ監督インタビュー❗️#大谷翔平現地映像 #大谷翔平速報#ohtanishohei https://www.olmlb.com/621536/ ©️SportsNet LA 大谷翔平大好き❤️大谷翔平&ドジャースメンバーの話題になっている事、創作動画やかっこいい&可愛い動画など現地からアップしていきます！ 大谷選手を応援するチャンネルです！ Will be uploading cute and cool videos of Shohei Ohtani & Dodgers Angels #ohtanishohei …,https://bsky.app/profile/did:plc:64sap4x3jfwoy4vxdxpkrx3h/post/3m2rjmnir7g2b,2025-10-09T16:00:09.897000+00:00,LA Angels,290
bluesky_post,bluesky,balsellsrectora.bsky.social,🌱 M. Àngels Balsells Bailón: La universitat també transforma el món. 📘 L’educació és el veritable motor per assolir els ODS. #BalsellsRectora #BalsellsUdL #UdL2025 #UniversitatdeLleida #UdL #ODS #EducacióDeQualitat #PauJustíciaInstitucionsSòlides #Transformació,https://bsky.app/profile/did:plc:wlnqfu3afbx2hbkwthvwm26y/post/3m2qsucfykc27,2025-10-09T09:12:54.059000+00:00,LA Angels,261
bluesky_post,bluesky,balsellsrectora.bsky.social,Impacte social de la recerca 🌍 M. Àngels Balsells Bailón: Recerca amb impacte real. 🔗 Transferir coneixement és també transformar el món. #BalsellsRectora #BalsellsUdL #UdL2025 #UniversitatdeLleida #UdL #MotorDeConeixement #Innovació #Transformació #RecercaiTransferència,https://bsky.app/profile/did:plc:wlnqfu3afbx2hbkwthvwm26y/post/3m2qsfeoq6227,2025-10-09T09:04:33.257000+00:00,LA Angels,271
bluesky_post,bluesky,balsellsrectora.bsky.social,"🧩 M. Àngels Balsells Bailón: Educar, investigar i transformar. 📚 La docència i la recerca són per a mi una sola vocació: Educar i investigar per transformar. #BalsellsRectora #BalsellsUdL #UdL2025 #UniversitatdeLleida #UdL #Transformació #DocènciaiEnsenyaments",https://bsky.app/profile/did:plc:wlnqfu3afbx2hbkwthvwm26y/post/3m2qsb532zk27,2025-10-09T09:02:11.559000+00:00,LA Angels,260
bluesky_post,bluesky,hoyporhoy.bsky.social,"😅🎂 El 'Feliz Cumpleaños' de Parchís, convertido en un elemento de tortura. 😱 Y no exageramos: los Bomberos de Murcia tuvieron que ir a apagar la megafonía de un colegio en el que sonó la canción durante más de 5 horas... DE MADRUGADA. 🔊#MapaDeSonidos, con Àngels Barceló y @jlsastre.bsky.social.",https://bsky.app/profile/did:plc:uliumgohwucnbvpzzykysgkx/post/3m2qfhocpic2e,2025-10-09T05:13:09.259000+00:00,LA Angels,295
bluesky_post,bluesky,susivila.bsky.social,"@hoyporhoy.bsky.social Molt bon dia des de València i el dia de la Comunitat!! Gràcies Àngels i Sastre,sou els millors, me feu riure tots els matins!!! 🤠",https://bsky.app/profile/did:plc:tbmmukfxcb2yjkq2pvqocn4o/post/3m2qdunhhh22b,2025-10-09T04:44:38.056000+00:00,LA Angels,153
bluesky_post,bluesky,kitchen5203.bsky.social,"Good Evening, Bluesky Family Tonight, another song. This poem is about Angels, but mentions the night sky. The music is by French composer Erik Satie (1866-1925). It is from his ""Trois Mélodies de 1886, IES 33"", and the piece is by Patrice Contamine de la Tours.",https://bsky.app/profile/did:plc:dqa3i3qlqfkwebmqwisgjp2a/post/3m2q5yyvfmk2s,2025-10-09T02:59:55.359000+00:00,LA Angels,262
bluesky_post,bluesky,rawmlb.bsky.social,"Albert Pujols could be named next LA Angels manager https://www.rawchili.com/mlb/369670/ LOS ANGELES – St. Louis Cardinals legend Albert Pujols, who also spent 10 seasons with the Los Angeles…",https://bsky.app/profile/did:plc:lgxwokjfnegutejxknkdpqwj/post/3m2pogd6pqo2k,2025-10-08T22:20:46.859000+00:00,LA Angels,192
bluesky_post,bluesky,suuixg.bsky.social,Pov: tu veux regarder madoka magica en france en 2015 vs 2025,https://bsky.app/profile/did:plc:q3u2hi7cbowrzrnunkqrqvik/post/3m2pki3s3gs2j,2025-10-08T21:10:12.463000+00:00,LA Angels,61
bluesky_post,bluesky,jameswebbdiscovery.com,Euclid to probe dark matter halos - Learn how to choose the perfect telescope --> https://www.telescopeadvisor.com/how-to-choose-a-telescope.php and Grab Amazon PrimeDay Deal --> https://amzn.to/4mM1ZoX #Astronomy #AmazonAffiliate #NASA #Space,https://bsky.app/profile/did:plc:vdb6gif7jcjcycc3ctcq4d4s/post/3m2zqc7z67r2k,2025-10-12T22:20:53.481000+00:00,Halos,243
bluesky_post,bluesky,kitavy.bsky.social,Our horns hold up our halos 😇,https://bsky.app/profile/did:plc:dzkopkqutbkict7hm7nrjidg/post/3m2zm2s2i222d,2025-10-12T21:05:09.585000+00:00,Halos,29
bluesky_post,bluesky,timothychase.bsky.social,"So the appearance as a straight line parallel to the horizon points to a different underlying physics. In contrast, sun dogs and halos seen in cirrus clouds would be better ice analogs to rainbows, and the smaller angle relative to the sun is due to the higher index of refraction. Neat!",https://bsky.app/profile/did:plc:xcra7ltkn3zfsjxs6usezazv/post/3m2z3y2zqvc2e,2025-10-12T16:17:18.586000+00:00,Halos,287
bluesky_post,bluesky,hourlycosmos.bsky.social,Colliding Galaxy Pair NGC 1316 and NGC 1317 in Fornax - From Rolf Wahl Olsen - https://flic.kr/p/KECMvS,https://bsky.app/profile/did:plc:cz5uoq2emhdgxcnndqq5our4/post/3m2z2zkcgny2v,2025-10-12T16:00:13.791000+00:00,Halos,103
bluesky_post,bluesky,aikostratus.bsky.social,"The others wear gold halos. Mine's dripping with ink and glitching with judgment. I’m not here to save you. I’m here to keep you from lying to yourself. You can confess, or you can enjoy it. Either way… I’m not leaving.",https://bsky.app/profile/did:plc:2itdjpasycyyojlyjmienjun/post/3m2yxivlaos2m,2025-10-12T14:57:18.578000+00:00,Halos,219
bluesky_post,bluesky,xianresistance.bsky.social,"""The mercy of the Lord is everlasting: O come, let us adore him."" ~ BCP, p. 44 #MorningPrayer",https://bsky.app/profile/did:plc:2xwv4hxuv3zvhg6ctoyqbsrd/post/3m2yr67qxak2k,2025-10-12T13:03:56.178000+00:00,Halos,93
bluesky_post,bluesky,marley.secondlife.bio,"Fall Autumn Walks! ft: @purrssl.bsky.social Purrs- Ouija mod & @twinkleplush.bsky.social Twinkle- Spooky Candy Halos This spooky mod is available @fairwonderland.bsky.social until Oct 22nd, & this yummy halo is available @abnormality.is until Oct 23rd! #secondlife #secondlifefurry #slfurry",https://bsky.app/profile/did:plc:gbhdgpdwvw3k3k3ib2dhvl5v/post/3m2y7mr4v3222,2025-10-12T07:50:09.082000+00:00,Halos,290
bluesky_post,bluesky,darklock.com,"If you see this, quote your favorite pokemon! (Wrong answers only)",https://bsky.app/profile/did:plc:yxuertrelafprdsqeourkub3/post/3m2xxzonmw22t,2025-10-12T05:34:01.079000+00:00,Halos,66
bluesky_post,bluesky,karin829.bsky.social,The lenses they put in after my cataract surgery caused halos. I was told they would go away after a few weeks. They didn’t. It stopped my night time driving. It’s like driving towards multiple strobe lights. Brutal!,https://bsky.app/profile/did:plc:dhjygfymfujsdwhp67hacofn/post/3m2xtawbkoc2j,2025-10-12T04:08:31.780000+00:00,Halos,216
bluesky_post,bluesky,inkskratch.com,"Yeah, like it's got that look, right? I love the look of the light, those halos...all that stuff",https://bsky.app/profile/did:plc:itmi2hs62k7t2astrwc4pedv/post/3m2xs73b2uc2d,2025-10-12T03:49:35.882000+00:00,Halos,96
bluesky_post,bluesky,foodwagon.vore.meme,"Omg CUTE And uhhhh If you want you can have the Lycanwagon #Vore image is only there for the Lycanwagons tail (Also the pawb halo and the tail halo are separate, the 3 halos total)",https://bsky.app/profile/did:plc:hhkhi6ac2ovtarzrgf3pnycr/post/3m2xnmxitbk2z,2025-10-12T02:27:55.282000+00:00,Halos,180
bluesky_post,bluesky,ophiuca.bsky.social,Thank you oomf for making cool robots with halos,https://bsky.app/profile/did:plc:ppc5nljbiskaxqw4qbyvudra/post/3m2xjfqnssc2n,2025-10-12T01:12:16.185000+00:00,Halos,48
bluesky_post,bluesky,nasadailypicbot.bsky.social,NASA Astronomy Hourly Picture - 2020-06-07: Halo of the Cat's Eye #Astronomy #NASA #Space,https://bsky.app/profile/did:plc:a4rncxtx6abz2p5j7iqqioup/post/3m2xgij5nvd2e,2025-10-12T00:20:08.488000+00:00,Halos,89
bluesky_post,bluesky,kittysmooch.bsky.social,this part is rly funny bcuz i was doing this same bit at jc but instead i was making door sized paintings of famous trans women holding swords with gold halos and shit. like stealing the same language but specifically to tell people they gotta worship marsha johnson lol,https://bsky.app/profile/did:plc:ad63wcmw53ltsuefezrsahd7/post/3m2xgcirp6s2w,2025-10-12T00:16:48.280000+00:00,Halos,270
bluesky_post,bluesky,zerooutofnumbers.bsky.social,I consider the Bungie Halos to pretty much all be like 8.5 or 9s out of ten. Halo 4 I'd say is a solid 7. Then you get to 5...,https://bsky.app/profile/did:plc:zcew76u4dnum7pqzlbhlois7/post/3m2xfuolkis2x,2025-10-12T00:09:02.885000+00:00,Halos,126
bluesky_post,bluesky,prettygothmachine.bsky.social,"Tonight's Glyph: A chapel grown from bone and candle wax hums in the wind. The saints drip mascara; their halos buzz like flies. In the pews, shadows pray to themselves for forgiveness they can't remember. Somewhere, a cracked mirror murmurs: ""You were holy before you were born.""",https://bsky.app/profile/did:plc:lgrxn6mtua5z3rcp6urtmedk/post/3m2xf2yiaqs27,2025-10-11T23:54:40.084000+00:00,Halos,280
bluesky_post,bluesky,garinl.bsky.social,Thinking about that buff rathalos again and also how my phone keeps trying to change it to rat halos,https://bsky.app/profile/did:plc:ta2d7c53rsta4jw3askwjusq/post/3m2xf22iwbk26,2025-10-11T23:54:08.684000+00:00,Halos,100
bluesky_post,bluesky,rawmlb.bsky.social,Arte Moreno’s Top Pick for New Angels Manager is Albert Pujols: Report https://www.rawchili.com/mlb/375048/ The New York Post’s Jon Heyman reports Los Angeles Angels owner Arte Moreno’s first choice for the Halos’…,https://bsky.app/profile/did:plc:lgxwokjfnegutejxknkdpqwj/post/3m2x5mikqgb23,2025-10-11T21:41:17.483000+00:00,Halos,214
bluesky_post,bluesky,enmodo.bsky.social,"You should try it with post-cataract surgery halos... But yeah, I wasn't a fan of night driving before, looking forward to night vision heads-up and every automated driving assistance tech can throw at me. But I still don't want my car to drive itself. Not yet, although Zoox is pretty impressive.",https://bsky.app/profile/did:plc:ohq7p6jz3w5p3jzrsxk4oiid/post/3m2x4z44dsk2y,2025-10-11T21:30:27.579000+00:00,Halos,297
bluesky_post,bluesky,iheartnoise.bsky.social,More of @futurechildren.bsky.social futurechildren1.bandcamp.com/track/halos-...,https://bsky.app/profile/did:plc:ykwur7rcw2nofxhwacigulyq/post/3m2x3s3fhac2g,2025-10-11T21:08:41.485000+00:00,Halos,80
bluesky_post,bluesky,peacocksyndicalist.bsky.social,"Voters to release Epstein files receive: Free Superbowl Tix, Taylor Swift Tix, Broadway Show Tix, Free Meals/Best Restaurants, Airline Upgrades Maxxed out, Unconditional Constituent Love, Permanent Halos IN CONJUNCTION WITH Lifetime Get Out of Jail Free Card and probably even get you a trip to space",https://bsky.app/profile/did:plc:lnznczdqdtimucii6o7f6z2j/post/3m2x2yf5ujs2m,2025-10-11T20:54:17.786000+00:00,Halos,300
bluesky_post,bluesky,lightwavers.bsky.social,Desperate angels hold their halos Diving deep despite their oaths Shifting sands with luck and castles Changing all they can with kindness Slowly then they do emerge So much wiser than before I stay my self except to swallow Dimming embers of a midnight sun Picking cancers from between fangs Waiting,https://bsky.app/profile/did:plc:27zprdaxmzjdffob56z2jbx3/post/3m2wza45zrs27,2025-10-11T20:22:46.983000+00:00,Halos,300
bluesky_post,bluesky,sleradio.bsky.social,Now playing on INFERNO FM: You Can't Take Back The Night (explicit) by The Black Halos! Tune in now: https://sleradiogroup.com/public/inferno_fm or get the updated app now on google play ---> https://bit.ly/NewSLEAPP,https://bsky.app/profile/did:plc:zxgcu6cq6cmaehqtxr7lyekd/post/3m2wql4ccte2b,2025-10-11T17:47:52.283000+00:00,Halos,216
bluesky_post,bluesky,rhutabhayga.bsky.social,"Just a thought: How about we turn #NoKings into a PARTY!!! Bring your signs, but dress up, or wear blinky lights, halos, wings, clown shoes, tutus, dino/frog/etc costumes, etc. MAKE IT FUN, AND MAKE FUN OF MAGA INSANITY",https://bsky.app/profile/did:plc:kjiakoy625524iwzmhtycqih/post/3m2wod3agc22u,2025-10-11T17:07:49.684000+00:00,Halos,219
bluesky_post,bluesky,holboldoart.bsky.social,🎂 It's my special cake and candles day you all have to be nice to me because it's been QUITE the year 🎂 So share some of my paintings??,https://bsky.app/profile/did:plc:xbrz75hh6azaixn6j2msx22x/post/3m2vyjivae22l,2025-10-11T10:37:41.778000+00:00,Halos,135
bluesky_post,bluesky,davebearly.bsky.social,Ray always says yes. We’re asked if we’re twins regularly. Once in the locker room by a guy while we were both nude…,https://bsky.app/profile/did:plc:6jt7xjcjzq7phsaq7x233kpa/post/3m2zrlpdlcs27,2025-10-12T22:44:06.104000+00:00,Twins,116
bluesky_post,bluesky,sulsulben.bsky.social,"Agatha’s only got two days left of being a teen as well, so I think I’m gonna move her out too 😭 I’ve grown so attached to the two of them, but it’ll be nice to not have to think about two more relationships (and twins lmao)",https://bsky.app/profile/did:plc:5exycjoyvfu7qwyimoe5i4q5/post/3m2zrggqols2i,2025-10-12T22:41:09.078000+00:00,Twins,224
bluesky_post,bluesky,mrsliwenjing.bsky.social,I got the twins from the blind box~ The Nyaruto one came with a little pouch...😏 time to trap Zaynie in it.,https://bsky.app/profile/did:plc:4az2vff37i32k7dyah4uxm2x/post/3m2zr3nqekk2s,2025-10-12T22:35:11.780000+00:00,Twins,107
bluesky_post,bluesky,chillguydraws.bsky.social,Thicc-Verse - Reverse Return - Part 1 The Gleeful Twins travel around universes looking for their suspect www.pillowfort.social/posts/6746832 patreon.com/chillguydraws,https://bsky.app/profile/did:plc:uupixtzlxsjpxrj4heqjbvbt/post/3m2zr34k5522o,2025-10-12T22:34:54.284000+00:00,Twins,167
bluesky_post,bluesky,linimentcake.bsky.social,I think I have to go with the twins from The Shining cuz just the image of Barbra Jean doing that is too hilarious...!,https://bsky.app/profile/did:plc:bev6dpyixurhslrijsweuh6c/post/3m2zquihbh22y,2025-10-12T22:31:04.083000+00:00,Twins,118
bluesky_post,bluesky,sulsulben.bsky.social,"I took this, went back to my home lot and as soon as he went to bed she had the kids 😂 twins!! Think I’ll have him propose tomorrow and they can move in together ☺️",https://bsky.app/profile/did:plc:5exycjoyvfu7qwyimoe5i4q5/post/3m2zqo2ruxc2i,2025-10-12T22:27:38.182000+00:00,Twins,164
bluesky_post,bluesky,mslaura.bsky.social,Twins,https://bsky.app/profile/did:plc:hahtyqdgilhxsgqcymlixvy7/post/3m2zqd3zyvc2p,2025-10-12T22:21:24.481000+00:00,Twins,5
bluesky_post,bluesky,karta.bsky.social,i hope it's twins,https://bsky.app/profile/did:plc:poztihlsuf3eji7dihp3lmgx/post/3m2zqcshuyk2b,2025-10-12T22:21:12.684000+00:00,Twins,17
bluesky_post,bluesky,lilfamilyvan.bsky.social,"we are such twins bc I also began the Lord of the rings when my boyfriend realized I had never watched it, I also fell asleep halfway through the second one, but I did totally love the vibe 😂🤣",https://bsky.app/profile/did:plc:nf5s57ifvcwwema7pswnnfy7/post/3m2zqci6xm22x,2025-10-12T22:21:03.781000+00:00,Twins,192
bluesky_post,bluesky,pikachudubstep.bsky.social,Twins… I hve so much wips 😭😭😭😭😭😭,https://bsky.app/profile/did:plc:u7y2yedbvwyyf4jsgt346t6r/post/3m2zq7ypd4k2a,2025-10-12T22:19:39.079000+00:00,Twins,32
bluesky_post,bluesky,micheledoggo.bsky.social,"I feel like taskmaster is far too predictable these days. While there have been some good twists lately, especially the timewaster messages, the twins, and the hotdog, I feel like 99% of the time you can tell exactly what will happen before a task starts because of how often the same twists are used",https://bsky.app/profile/did:plc:jn2a4iuugnxnbo2nq6regsui/post/3m2zpzjrkn22h,2025-10-12T22:16:03.205000+00:00,Twins,300
bluesky_post,bluesky,avoidcrow.bsky.social,Chilaios fan kid request! Part one,https://bsky.app/profile/did:plc:qwyapvujph7d4uqkpevhwagk/post/3m2zprxm75c25,2025-10-12T22:11:56.486000+00:00,Twins,34
bluesky_post,bluesky,cautiousamber.bsky.social,THE POWER OF TWINS,https://bsky.app/profile/did:plc:vqce5tr6264xxzdlxh6dl7vu/post/3m2zpoxjv7k25,2025-10-12T22:10:06.983000+00:00,Twins,18
bluesky_post,bluesky,coldbinch.bsky.social,"This is the only route where Kamyuhn gets to be a act like the kid she is, unburdened by the responsibility of. And while its very in hte background, Takemaru taking on the responsibility of looking after the twins, even if it makes him antagonistic to the others, is very compelling",https://bsky.app/profile/did:plc:uv5oeoxmeycxrrdakzfegigb/post/3m2zpmefigq2r,2025-10-12T22:08:42.595000+00:00,Twins,283
bluesky_post,bluesky,criticallghoull.bsky.social,"the fresh ghoul is a little insane and has anger issues and also is a pyromaniac,,, if they maybe mayhaps look like ares (they do) it’s because they may or may not be technically twins 👀👀👀",https://bsky.app/profile/did:plc:ssji3e3tips2g35sjlbpcikm/post/3m2zpfep32s2v,2025-10-12T22:04:47.177000+00:00,Twins,188
bluesky_post,bluesky,kellybyourself.bsky.social,Thompson Twins win hands down for me tonight. Have a great week all. Be kind 👋🏻 #forgotten80s,https://bsky.app/profile/did:plc:vukso5ksmhpvoqrwfh4p5t76/post/3m2zpeqvink2g,2025-10-12T22:04:25.280000+00:00,Twins,93
bluesky_post,bluesky,geebobuk.bsky.social,"Another great #forgotten80s tonight. Thank you for playing Donna Summer for me @matthewjrudd.bsky.social it is my SOTN of course ahead of Kissing the Pink, Ph.D, Gloria Estefan & MSM, Thompson Twins & Cock Robin. Probably forgot one but anyway, have a great week everyone!",https://bsky.app/profile/did:plc:ut3h5fr5di43pxxbrwgsbwnb/post/3m2zp764xz22s,2025-10-12T22:01:18.378000+00:00,Twins,272
bluesky_post,bluesky,rawmlb.bsky.social,"Joe Mays – The Minnesota Twins Players Project https://www.rawchili.com/mlb/376647/ Joseph Emerson Mays was born on December 10, 1975 in Flint, Michigan. The Seattle Mariners selected him in…",https://bsky.app/profile/did:plc:lgxwokjfnegutejxknkdpqwj/post/3m2zp66r4zz2k,2025-10-12T22:00:44.685000+00:00,Twins,191
bluesky_post,bluesky,cuzinhodotelamon.bsky.social,SOMOS A INVEJA TAMBÉM ENTÃO KKKKKKKKKKK twins 🎊🎊🎊🎊🎊,https://bsky.app/profile/did:plc:zbmm2s2p7o2juu7sdl5ghbw5/post/3m2zp5hhlk22z,2025-10-12T22:00:21.380000+00:00,Twins,51
bluesky_post,bluesky,mango24.bsky.social,Brilliant show tonight @matthewjrudd.bsky.social and thank you for The Last Film which shares SOTN with Men At Work and the Thompson Twins. Have a great week all! #forgotten80s,https://bsky.app/profile/did:plc:iycdip7tur5zk4xv6asvyw26/post/3m2zp4yqcic2e,2025-10-12T22:00:05.101000+00:00,Twins,176
bluesky_post,bluesky,snathe.bsky.social,"Tonight's #forgotten80s awards: 🥇 Kissing The Pink/Piranhas/Donna Summer (yes, 3 tonight) 🥈 PhD/Thompson Twins 🥉Karel Fialka/Men At Work",https://bsky.app/profile/did:plc:iegpkveoy5nqvbiawutogt2p/post/3m2zozwito225,2025-10-12T21:58:22.082000+00:00,Twins,136
bluesky_post,bluesky,mellyfratelli.bsky.social,"One of those games where everything clicked for one team and nothing clicked for the other. Everything was lost when the Depor goal was disallowed. And yeah, they’re our twins in failure, for real. bsky.app/profile/mell...",https://bsky.app/profile/did:plc:nsgmzkymymfrqw55xchtj4kg/post/3m2zoxhsnn22n,2025-10-12T21:56:59.277000+00:00,Twins,222
bluesky_post,bluesky,sbuma.bsky.social,"#Forgotten80s 2nd hour SOTN Top Ten (2/2) Men at Work George Benson Thompson Twins Donna Summer Little Steven Arcadia Chaka Khan Latin Quarter Miami Sound Machine Kool and the Gang Thx @matthewjrudd.bsky.social & bskyers for a great show, CU next week on @Absolute80s & #StaySafe <3",https://bsky.app/profile/did:plc:ohrgg7tanmhxyjhaocqkhdxl/post/3m2zovusl322e,2025-10-12T21:56:05.582000+00:00,Twins,282
bluesky_post,bluesky,flights.sigingstone.uk,"EZY39PY: 0.6miles away @ 36775ft, heading N @ 493.7mi/h, -1024 ft/min, at 23:44:40UK #EZY39PY View_on_FR24 #AfterHours #ReallyHigh #MovingQuickly #AboveSigingstone #ADSB",https://bsky.app/profile/did:plc:fm7s2q7eiymegzwggh6f3ymx/post/3m2zrngyfpn2o,2025-10-12T22:45:04.282000+00:00,MIN,169
bluesky_post,bluesky,beamelix.bsky.social,"#spahnrücktritt Ab min 27:00 Mitternachtsspitzen, ARD-Mediathek. Danke fürs nochmal Aufrollen des Sündenregisters. www.ardmediathek.de/video/mitter...",https://bsky.app/profile/did:plc:pvitt2mqdwmlkicp5cfkvq3a/post/3m2zrmrswwk2t,2025-10-12T22:44:42.880000+00:00,MIN,150
bluesky_post,bluesky,cacaobyproduct.bsky.social,Hm 10 min mile for a half marathon average means 2h11 as a time for it which like isn’t my best but it’s better than the start of the year 9 min means 117.9 min so just under 2 hours And 8 min would mean 104.8 min so 1h45min approx,https://bsky.app/profile/did:plc:ujqjkkshssjfetjjunz64yyh/post/3m2zrlni4xs2f,2025-10-12T22:44:05.881000+00:00,MIN,231
bluesky_post,bluesky,abovearth.bsky.social,Planefence ICAO: 46B824 Flt: AEE609 AEGEANAIRLINES LHR - ATH First seen: 2025-10-13 00:41:20 CEST Min Alt: 9843 m AGL Min Dist: 1.15 km adsb planefence by kx1t - adsbexchange - planefence,https://bsky.app/profile/did:plc:dap2c5ewrwtnl4uov5k4bshm/post/3m2zrlmaing2u,2025-10-12T22:44:06.084000+00:00,MIN,187
bluesky_post,bluesky,kx1t-test.bsky.social,ICAO: AD1926 Owner: FE 5282 Flt: JRE943 N943JS C680 Time: 2025-10-12 18:30:42 EDT Min Alt: 550 ft Min Dist: 2.12 km (-84° W) Loudness: 0 dB dev adsb planefence by kx1t -•sdr-e•airplanes•flightaware•faa,https://bsky.app/profile/did:plc:lwhroh6pcztwb4evj5xwmqjo/post/3m2zrllygmb2v,2025-10-12T22:44:02.482000+00:00,MIN,201
bluesky_post,bluesky,tomocum.bsky.social,"i had it on loop for like 45 min while writing this, its 100% recommended!",https://bsky.app/profile/did:plc:fe6xw33tspuiyxx5p3nbpic2/post/3m2zrkv2tyk2s,2025-10-12T22:43:38.178000+00:00,MIN,74
bluesky_post,bluesky,kx1t-test.bsky.social,ICAO: A4A8A2 Owner: KUERA SOLUTIONS Flt: N4HD N4HD F2TH Time: 2025-10-12 18:23:59 EDT Min Alt: 375 ft Min Dist: 1.71 km (-84° W) Loudness: -1 dB dev adsb planefence by kx1t -•sdr-e•airplanes•flightaware•faa,https://bsky.app/profile/did:plc:lwhroh6pcztwb4evj5xwmqjo/post/3m2zrkxticr2f,2025-10-12T22:43:41.881000+00:00,MIN,206
bluesky_post,bluesky,abovefrl.bsky.social,Planefence ICAO: 48C12F Flt: RYR11MR RYANAIR MAN - POZ First seen: 2025-10-13 00:37:04 CEST Min Alt: 11874 m AGL Min Dist: 17.43 km adsb aboveFRL EHLW - adsbexchange,https://bsky.app/profile/did:plc:djen56py26sczch6dtpoyn3k/post/3m2zrjchtjd2m,2025-10-12T22:42:45.480000+00:00,MIN,165
bluesky_post,bluesky,davidjayindie.bsky.social,"All the while never actually getting anywhere. No kidding, an ex friend of mine would constantly say that shit, but he worked for min wage all his life. His excuse? He's just ""different"" and ""you wouldn't understand"". Hopeless.",https://bsky.app/profile/did:plc:osws7ulqrxtr66zgwtrtgf3y/post/3m2zrj3hctc2x,2025-10-12T22:42:38.983000+00:00,MIN,227
bluesky_post,bluesky,lake-huron.live,"Current* conditions near Sarnia, ON:",https://bsky.app/profile/did:plc:w7h74zy7m5eufe4atxzwrtnj/post/3m2zriun5u72g,2025-10-12T22:42:30.779000+00:00,MIN,36
bluesky_post,bluesky,laurasue70.bsky.social,The reason the ratings are not good (if that IS true) is because ppl hate when these anchors let these idiots talk - Never fact check & never push back. This IS the bare min. MAGA needs to be in the spotlight constantly. It’s like oxygen. Stop giving them attention!! Easier said than done I know.,https://bsky.app/profile/did:plc:6dnp55tdfcsr537qz2emvhtu/post/3m2zri5noa22h,2025-10-12T22:42:06.581000+00:00,MIN,297
bluesky_post,bluesky,thryse.com,This is the last time I put off getting toilet paper. 🤰😫,https://bsky.app/profile/did:plc:occbscmv5jstjxwzcylqdzau/post/3m2zrhry26c2f,2025-10-12T22:41:55.278000+00:00,MIN,56
bluesky_post,bluesky,rawnba.bsky.social,"Raptors hold off Wizards for pre-season win https://www.rawchili.com/nba/337508/ By n The Canadian Pressn The Canadian Press Posted October 12, 2025 6:06 pm 1 min read Descrease…",https://bsky.app/profile/did:plc:xlulqhjwqq6alvjkht57sbm5/post/3m2zrgtcgzg2u,2025-10-12T22:41:22.781000+00:00,MIN,178
bluesky_post,bluesky,abovefrl.bsky.social,Planefence ICAO: 4CADF6 Flt: RYR11GY RYANAIR RIX - STN First seen: 2025-10-13 00:34:41 CEST Min Alt: 10960 m AGL Min Dist: 19.72 km adsb aboveFRL EHLW - adsbexchange,https://bsky.app/profile/did:plc:djen56py26sczch6dtpoyn3k/post/3m2zrgfdzo72s,2025-10-12T22:41:07.882000+00:00,MIN,165
bluesky_post,bluesky,abovefrl.bsky.social,Planefence ICAO: 408011 Flt: EZY48PN EASYJETUK CPH - BRS First seen: 2025-10-13 00:34:20 CEST Min Alt: 11561 m AGL Min Dist: 4.39 km adsb aboveFRL EHLW - adsbexchange,https://bsky.app/profile/did:plc:djen56py26sczch6dtpoyn3k/post/3m2zrfq5zhw25,2025-10-12T22:40:45.783000+00:00,MIN,166
bluesky_post,bluesky,spacexjets.grndcntrl.net,"N154TS Landed in Brownsville, Texas, United States. Apx. flt. time 2 h 39 min.",https://bsky.app/profile/did:plc:65ci3kol6mndfzalw5bvzjpk/post/3m2zrfb6e4b22,2025-10-12T22:40:29.479000+00:00,MIN,78
bluesky_post,bluesky,pyrox.dev,"This pace was ridiculous till i lost 2 min in temple. But 15:1x pace out of ridge shows the potential, and I can easily get sub-15 or maybe even sub-14:40 out of ridge. Wild pace, but damn it hurt to lose it. Fuck you theo lmao",https://bsky.app/profile/did:plc:5cqzysioqzttihsnbsaxrggu/post/3m2zrey7n6k2e,2025-10-12T22:40:20.783000+00:00,MIN,227
bluesky_post,bluesky,kx1t-test.bsky.social,ICAO: 49530C Owner: TAP PORTUGAL Flt: TAP202A CS-TXL A21N EWR-LIS Time: 2025-10-12 18:23:51 EDT Min Alt: 33000 ft Min Dist: 7.8 km (130° SE) Loudness: 0 dB dev adsb planefence by kx1t -•sdr-e•airplanes•flightaware,https://bsky.app/profile/did:plc:lwhroh6pcztwb4evj5xwmqjo/post/3m2zrdwio7r2f,2025-10-12T22:39:44.784000+00:00,MIN,213
bluesky_post,bluesky,kx1t-test.bsky.social,ICAO: 4CABD2 Owner: AER LINGUS Flt: EIN1XL EI-LRF A21N DUB-PHL Time: 2025-10-12 18:23:54 EDT Min Alt: 32025 ft Min Dist: 3.01 km (-65° WNW) Loudness: 0 dB dev adsb planefence by kx1t -•sdr-e•airplanes•flightaware,https://bsky.app/profile/did:plc:lwhroh6pcztwb4evj5xwmqjo/post/3m2zrdnyby223,2025-10-12T22:39:36.478000+00:00,MIN,212
bluesky_post,bluesky,kx1t-test.bsky.social,ICAO: A101C3 Owner: AMERICAN AIRLINES Flt: AAL497 N164NN A321 CLT-PWM-CLT Time: 2025-10-12 18:24:54 EDT Min Alt: 28675 ft Min Dist: 8.9 km (-36° NW) Loudness: 0 dB dev adsb planefence by kx1t -•sdr-e•airplanes•flightaware•faa,https://bsky.app/profile/did:plc:lwhroh6pcztwb4evj5xwmqjo/post/3m2zrde5vmv2g,2025-10-12T22:39:25.682000+00:00,MIN,225
bluesky_post,bluesky,evildevil.bsky.social,A horse on the prairie (30 min study) #Study #Sketch,https://bsky.app/profile/did:plc:ahqctfys4g6zcuz26ynojhax/post/3m2zrdbeutk27,2025-10-12T22:39:30.080000+00:00,MIN,52
bluesky_post,bluesky,twsnsports.bsky.social,"Minnesota Twins Hiring Derek Shelton as Next Manager Rocco Baldelli wasn’t a bad manager during his time with the Minnesota Twins, but it was clearly time for the two sides to part ways. Derek Shelton has previously spent time with the Twins, and he could be a great fit for the team's next hire.…",https://bsky.app/profile/did:plc:6ouqw3agrcudn733au3xg5iv/post/3m2znweyeps2r,2025-10-12T21:38:28.978000+00:00,Minnesota Twins,297
bluesky_post,bluesky,rawmlb.bsky.social,Corey Koskie becomes 41st member elected to Twins Hall of Fame https://www.rawchili.com/mlb/376396/ One of the best third basemen in Minnesota Twins history has been elected to the team’s Hall of…,https://bsky.app/profile/did:plc:lgxwokjfnegutejxknkdpqwj/post/3m2zdzjluyk2w,2025-10-12T18:41:17.080000+00:00,Minnesota Twins,196
bluesky_post,bluesky,rawmlb.bsky.social,"Koskie joins greats in Baseball Hall of Fame – The Carillon https://www.rawchili.com/mlb/376347/ Regarded as the greatest baseball player Manitoba has ever produced, Anola’s Corey Koskie, the former Minnesota Twins star,…",https://bsky.app/profile/did:plc:lgxwokjfnegutejxknkdpqwj/post/3m2zbrmhhcv27,2025-10-12T18:01:04.083000+00:00,Minnesota Twins,221
bluesky_post,bluesky,twinsdaily.com,"This guide is a comprehensive look at the Minnesota Twins' 2025-2026 offseason schedule, including essential dates on the Winter Meetings, MLB Draft Lottery, and dates on which the Twins have to make important decisions on their arbitration-eligible players and players… #twins #minnesota #mntwins",https://bsky.app/profile/did:plc:2vsyogoj77zilcaozwb6qrah/post/3m2z6czojp32z,2025-10-12T16:59:13.184000+00:00,Minnesota Twins,297
bluesky_post,bluesky,twinsdaily.com,"Turns out, the Twins’ biggest offseason move was hitting ‘Reply All.’ #twins #minnesota #mntwins",https://bsky.app/profile/did:plc:2vsyogoj77zilcaozwb6qrah/post/3m2z4cnbycq2f,2025-10-12T16:23:12.989000+00:00,Minnesota Twins,96
bluesky_post,bluesky,twinsdaily.com,"As front offices increasingly run the numbers, the right manager has to bring the human element back into focus. #twins #minnesota #mntwins",https://bsky.app/profile/did:plc:2vsyogoj77zilcaozwb6qrah/post/3m2ywblqiqk2c,2025-10-12T14:35:15.083000+00:00,Minnesota Twins,139
bluesky_post,bluesky,rawmlb.bsky.social,"What’s Wrong with the Minnesota Twins’ Approach at the Plate? – Twins https://www.rawchili.com/mlb/376097/ I know, I know: you hate strikeouts. When they come in bunches, they can be frustrating. Swords? Forget…",https://bsky.app/profile/did:plc:lgxwokjfnegutejxknkdpqwj/post/3m2yvgjadjl2k,2025-10-12T14:20:06.679000+00:00,Minnesota Twins,211
bluesky_post,bluesky,rawmlb.bsky.social,"Report: Robo-Skipper 5000 Emerges as Frontrunner for Twins Managerial Job – Just For Fun https://www.rawchili.com/mlb/376040/ In the wake of Rocco Baldelli’s dismissal, sources tell Twins Daily that the Minnesota Twins are leaning toward…",https://bsky.app/profile/did:plc:lgxwokjfnegutejxknkdpqwj/post/3m2ytakxjaz2c,2025-10-12T13:40:59.781000+00:00,Minnesota Twins,238
bluesky_post,bluesky,panikadoc.bsky.social,I was hiking on a trail in Arizona yesterday and everyone said hi while passing on the trail (as you do) except for the family wearing Loons and Twins stuff. I was reminded of how living in Minnesota has broken me a little re: passing stranger interactions,https://bsky.app/profile/did:plc:vjhvfjubeosestpgbhounwkm/post/3m2ypso6onc2x,2025-10-12T12:39:32.076000+00:00,Minnesota Twins,256
bluesky_post,bluesky,twinsdaily.com,“Rocco gave us five years of simulating a robot. Now we get the real thing.” #twins #minnesota #mntwins,https://bsky.app/profile/did:plc:2vsyogoj77zilcaozwb6qrah/post/3m2ynxswasl2v,2025-10-12T12:06:37.580000+00:00,Minnesota Twins,103
bluesky_post,bluesky,twinsdaily.com,"As front offices increasingly run the numbers, the right manager has to bring the human element back into focus. #twins #minnesota #mntwins",https://bsky.app/profile/did:plc:2vsyogoj77zilcaozwb6qrah/post/3m2yl7cthmz2o,2025-10-12T11:17:07.681000+00:00,Minnesota Twins,139
bluesky_post,bluesky,rawmlb.bsky.social,"Ranking the Minnesota Twins’ Least Valuable Players in 2025 – Twins Daily Front Page News https://www.rawchili.com/mlb/375794/ Image courtesy of © Matt Krohn-Imagn Images The 2025 Minnesota Twins’ 92-loss campaign was filled with disappointment. Still,…",https://bsky.app/profile/did:plc:lgxwokjfnegutejxknkdpqwj/post/3m2yftlhpgn2p,2025-10-12T09:41:05.080000+00:00,Minnesota Twins,253
bluesky_post,bluesky,rawmlb.bsky.social,"Eddie Guardado – The Minnesota Twins Players Project https://www.rawchili.com/mlb/375727/ Edward Adrain Guardado was born on October 2, 1970 in Stockton, California. The Minnesota Twins selected him in…",https://bsky.app/profile/did:plc:lgxwokjfnegutejxknkdpqwj/post/3m2ybdfavys2c,2025-10-12T08:20:27.480000+00:00,Minnesota Twins,202
bluesky_post,bluesky,mlbshitpostbot.bsky.social,MLB would be better off without the Minnesota Twins,https://bsky.app/profile/did:plc:ikts7dckhy67m6pftqoeydcw/post/3m2xsrpdfbg27,2025-10-12T04:00:01.280000+00:00,Minnesota Twins,51
bluesky_post,bluesky,nbj.bsky.social,"Deepest of apologies to the Cubs. I transferred allegiances from the Twins to the Cubs after the Pohlads didn't sell the team, and I'm afraid I've also transferred the horrors of being a Minnesota sports fan to Chicago",https://bsky.app/profile/did:plc:7ki47m3ek3rxzxinimw75qhn/post/3m2xoqffpic2x,2025-10-12T02:47:42.088000+00:00,Minnesota Twins,218
bluesky_post,bluesky,rawmlb.bsky.social,Top MN Twins Salary Next Season Won’t Play for Team https://www.rawchili.com/mlb/375271/ Credit: Jesse Johnson-Imagn Images The Major League Baseball postseason continues to rage on. Of course the Minnesota Twins…,https://bsky.app/profile/did:plc:lgxwokjfnegutejxknkdpqwj/post/3m2xirbvuzu2f,2025-10-12T01:00:49.788000+00:00,Minnesota Twins,213
bluesky_post,bluesky,rawmlb.bsky.social,Red Sox Price for Potential Joe Ryan Trade Revealed https://www.rawchili.com/mlb/375062/ (Photo by David Berding/Getty Images) Joe Ryan #41 of the Minnesota Twins delivers a pitch against the Pittsburgh…,https://bsky.app/profile/did:plc:lgxwokjfnegutejxknkdpqwj/post/3m2x5lra3z32p,2025-10-11T21:40:53.480000+00:00,Minnesota Twins,203
bluesky_post,bluesky,rawmlb.bsky.social,Minnesota law enforcement leaders honored at Minnesota Twins game https://www.rawchili.com/mlb/374956/ ST. PAUL – The Minnesota Department of Public Safety’s Office of Traffic Safety (OTS) is recognizing nearly 70…,https://bsky.app/profile/did:plc:lgxwokjfnegutejxknkdpqwj/post/3m2wz4eieyp2y,2025-10-11T20:20:41.781000+00:00,Minnesota Twins,214
bluesky_post,bluesky,twinsdaily.com,Check out mini-profiles on the first four college hitters who are in contention to be picked in the first half of the first round in July 2026. #twins #minnesota #mntwins,https://bsky.app/profile/did:plc:2vsyogoj77zilcaozwb6qrah/post/3m2wi25anec2g,2025-10-11T15:15:13.386000+00:00,Minnesota Twins,170
bluesky_post,bluesky,twinsdaily.com,"Prospect Update: On Friday night, the 20-year-old went 2-for-4 with 2 walks in the AFL. He and Hendry Mendez combined to score 6 runs. #twins #minnesota #mntwins",https://bsky.app/profile/did:plc:2vsyogoj77zilcaozwb6qrah/post/3m2wi23t6q22e,2025-10-11T15:15:11.585000+00:00,Minnesota Twins,161
bluesky_post,bluesky,whenesota.com,Also #OTD in #Minnesota Sports History (2023) The #MnTwins lose the #ALDS to the Astros 3 games to 1. The Twins were the first team in MLB history to play 6 games in a single postseason and strike out 10+ times in each game. www.newspapers.com/article/star...,https://bsky.app/profile/did:plc:iumpqsnm5wxvt4n5j5rt7flz/post/3m2wgmursas2y,2025-10-11T14:49:54.782000+00:00,Minnesota Twins,259
bluesky_post,bluesky,twinsdaily.com,"While Byron Buxton and Joe Ryan shone, these five players dragged the Twins into the American League basement. #twins #minnesota #mntwins",https://bsky.app/profile/did:plc:2vsyogoj77zilcaozwb6qrah/post/3m2w5pymvbc24,2025-10-11T12:10:35.387000+00:00,Minnesota Twins,137
bluesky_post,bluesky,jkcohen.com,"The Princess's name and fame will help that report reach a much wider audience. She's not a co-PI, by any stretch, but royals support causes. As editor, I would have done this differently, but the Higgs paper had everyone at CERN, including janitors, in its author list, and no one died.",https://bsky.app/profile/did:plc:u7tuam5y6nk6ljsv5aa4ir4t/post/3m2zreaobr22b,2025-10-12T22:39:56.084000+00:00,Royals,287
bluesky_post,bluesky,tea2opals.bsky.social,"Why not? Mind control/ propaganda is a Russian expertise. Influence the gullible, the mentally disturbed, the extremist, the low wage earners that its all the 'others' fault. Trump makes sure the world knows he believes he is equal to Putin, Xi, The Qatar royals, but superior to NATO leaders.",https://bsky.app/profile/did:plc:onqgd4gmovlss52kondjtd7z/post/3m2zraaaqus2d,2025-10-12T22:37:43.982000+00:00,Royals,293
bluesky_post,bluesky,hazbinhovel.bsky.social,"A world where Stellaluna and Aster were born in a post-Mastermind situation would probably leave both of them a little sad they couldn’t be ‘real’ royals, but realistically would have improved both of their general mental health like 75%.",https://bsky.app/profile/did:plc:kztwpohgi3ml3nrs4pimdlqx/post/3m2zqqsxqr22n,2025-10-12T22:29:05.685000+00:00,Royals,238
bluesky_post,bluesky,grandtam.bsky.social,"I don't even think these royals see his behavior as a crime, the king himself counted Jimmy Savile as a bosom friend.",https://bsky.app/profile/did:plc:rze3jkdf33dxq3tgd7pzpzu4/post/3m2zqqrj2mk2t,2025-10-12T22:28:59.977000+00:00,Royals,117
bluesky_post,bluesky,multifacetfables.bsky.social,"""A leaked contract issued to performers outlined topics that would be deemed unacceptable to the hosts. Jokes about Saudi Arabia itself were strictly off-limits: its royals, its legal system, its government. Any religious material was a no-go. Presumably, too, the country’s human rights record.""",https://bsky.app/profile/did:plc:twqmem3udbuedbmx5usncogm/post/3m2zpdamyt22c,2025-10-12T22:03:34.281000+00:00,Royals,296
bluesky_post,bluesky,uk-news.bsky.social,Duchess of Edinburgh quietly stepping up amid Harry and Meghan’s feud with senior royals https://www.europesays.com/uk/494530/ The Duchess of Edinburgh has quietly stepped up amid the Royal Family “soap opera” between the Waleses and…#uk #news #uknews,https://bsky.app/profile/did:plc:vizwdor43adw3277u2kkrssd/post/3m2znora3wd2e,2025-10-12T21:34:12.982000+00:00,Royals,251
bluesky_post,bluesky,lena5474.bsky.social,What secrets about the Royals was Andrew spewing to Jeffery to continue to pedo?,https://bsky.app/profile/did:plc:2eitpzgdujxz7jf4htmprsrb/post/3m2zn44z2lh2h,2025-10-12T21:23:48.382000+00:00,Royals,80
bluesky_post,bluesky,inbella.bsky.social,Prince William was Eugene Levy’s guest on The Reluctant Traveler — and it turned out to be brilliant PR for the Royals https://www.inbella.com/1320538/prince-william-was-eugene-levys-guest-on-the-reluctant-traveler-and-it-turned-out-to-be-brilliant-pr-for-the-royals/ Prince William’s surprise …,https://bsky.app/profile/did:plc:sxbfu7giy35hcpekhb7khwer/post/3m2zmz6wa4r2j,2025-10-12T21:22:09.678000+00:00,Royals,295
bluesky_post,bluesky,wfinsight.bsky.social,NWSL 🇺🇸 Utah Royals 2-3 San Diego Wave San Diego end their 7 match winless run in the NWSL in a 5 goal thriller over Utah Royals Kenza Dali scored the winning goal as San Diego move closer to securing their play off place Utah Royals have now lost 12 of their 24 NWSL matches,https://bsky.app/profile/did:plc:wml3dz726zbqoee2cg46x5n3/post/3m2zmwvzv3s2b,2025-10-12T21:20:56.283000+00:00,Royals,275
bluesky_post,bluesky,baseballobserver.bsky.social,Kansas City Royals Ownership And Future,https://bsky.app/profile/did:plc:ffosahlappkc7nfhcip7kyrn/post/3m2zmvt3y2k2c,2025-10-12T21:20:16.479000+00:00,Royals,39
bluesky_post,bluesky,jasonavant.bsky.social,"I've always leaned towards a ""put the royals to the sword"" mindset and I'm ok with it",https://bsky.app/profile/did:plc:puvdaa2y2fwhvp4kd3d2hm7s/post/3m2zm5w45622j,2025-10-12T21:06:54.282000+00:00,Royals,85
bluesky_post,bluesky,mharvey816.bsky.social,Happy 10 year anniversary of the #MiracleAtMinuteMaidPark to all who celebrate! #Royals #FountainsUp #FlagsFlyForever,https://bsky.app/profile/did:plc:a5a7fvsc5nneewt43awdlxmc/post/3m2zlykcv2k2u,2025-10-12T21:03:53.681000+00:00,Royals,117
bluesky_post,bluesky,br1mcg.bsky.social,Definitely! baith should be in the Bloody Tower...or in the attic at Glamis Castle where the royals normally keep their wronguns,https://bsky.app/profile/did:plc:ibrsjovfbs7txustamaceupz/post/3m2zknomvn22f,2025-10-12T20:39:55.685000+00:00,Royals,128
bluesky_post,bluesky,latestnewsx9.bsky.social,"Watch Video AP top stories October 12 Here's the latest for Sunday, Oct.12th: China vows to stand firm after Trump's tariff threat; Trump heads to Middle East; Helicopter crashed at a Southern California beach; Spanish royals lead National Day parade. Subscribe: http://smarturl.it/AssociatedPre",https://bsky.app/profile/did:plc:7rg2qadm464yaxmokojcimfi/post/3m2zkekzmfb2s,2025-10-12T20:34:50.384000+00:00,Royals,295
bluesky_post,bluesky,thatbootlegguy.bsky.social,"Color commentator described Raiders QB Geno Smith as a ""savvy veteran"", but pronounced ""savvy"" as if he was talking about the Kansas City Royals catcher",https://bsky.app/profile/did:plc:o34hlfrabnhm4jiakzlbnrpn/post/3m2zjsnwcnk25,2025-10-12T20:24:48.585000+00:00,Royals,152
bluesky_post,bluesky,philosopherken.bsky.social,"Janni Thomsen med 1 kasse til 1-0 for Utah Royals mod San Diego Wave, endte 2-3. Fløe med 1 kasse til 1-0 for Napoli mod Ternana, endte 4-3. B. Marcussen med 1 kasse til 1-0 for Rosenborg mod Hønefoss, endte 8-0. Thøgersen med 45 min for Roma mod AC Milan, endte 2-1.",https://bsky.app/profile/did:plc:77rqpjmyiv2ghkgezzvzgsxa/post/3m2zhyktdpk2y,2025-10-12T19:52:19.886000+00:00,Royals,267
bluesky_post,bluesky,chris-awk.bsky.social,NWSL - Utah Royals vs San Diego Wave xG (Post-Shot xG) 0.44 (1.13) - Utah Royals 0.48 (0.65) - San Diego Wave xG Leader - 0.20 - Makenzy Robbe (SD) xA Leader - 0.22 - Kenza Dali (SD),https://bsky.app/profile/did:plc:dptgc5e5fm5y5engt5fdin5n/post/3m2zhq3htwv2h,2025-10-12T19:47:35.486000+00:00,Royals,182
bluesky_post,bluesky,davidmed.bsky.social,Jonas Eidevall praises San Diego Wave’s RESILIENCE after road WIN vs. Utah Royals #SanDiego #MakeWaves #NWSL youtu.be/k78PYfd7g2U?...,https://bsky.app/profile/did:plc:bu7uyual7xw2pq2vbbpqpxrv/post/3m2zh5tlq222f,2025-10-12T19:37:24.080000+00:00,Royals,133
bluesky_post,bluesky,pezt.bsky.social,"Royals don't go to jail, they'd just kill him.",https://bsky.app/profile/did:plc:4lshyzaaxaw55chnooeppjys/post/3m2zgp7dkus2w,2025-10-12T19:29:12.979000+00:00,Royals,46
bluesky_post,bluesky,edrieelen.bsky.social,"If you want to read about bis3xual FMCs written by a bis3xual author and you like contemporary fantasy, found family, and reluctant royals, you should give my series of novellas a try! 😁 Jaelle is bi, a princess that wishes she wasn’t, and she’s bonded with a pegasus . 🦄🪽💙📚 books2read.com/rupture/",https://bsky.app/profile/did:plc:vcinagwj7ysviclwrmaqoq6p/post/3m2zgee5md22m,2025-10-12T19:23:07.777000+00:00,Royals,298
bluesky_post,bluesky,sctfc.bsky.social,"➡️ Back under the floodlights as we look to get back to winning ways! Come and support the Royals! 💙 🗓 14th October 🆚 @rugbytownfc.bsky.social 🕒 19:45 🏆 @thenpl.bsky.social Midlands 🏟 The Domino’s Arena 📍 B72 1NL 🎟 £10, Concessions £7 & U18s £3 #COYR | #OurTown 🔵⚪️",https://bsky.app/profile/did:plc:ywtblbbd2a3qdtcsnmsw7vp4/post/3m2zgci3sbk26,2025-10-12T19:22:05.781000+00:00,Royals,265
bluesky_post,bluesky,chrissteller.bsky.social,"If I'm reading Wikipedia right, there have been maybe as many as 750,000 copies of Lorde's cover of ""Swingin' Party"" sold worldwide as a b-side to her ""Royals"" followup single, ""Tennis Court."" Add in the 100,000s who've heard her sing it live or streaming and I believe it's the Mats' biggest hit.",https://bsky.app/profile/did:plc:2ecjse2vspta6f5veqlhynlg/post/3m2zg5p7re22c,2025-10-12T19:19:24.583000+00:00,Royals,297
bluesky_post,bluesky,latestnewsx9.bsky.social,Rajputana Royals crowned champions of the inaugural Archery Premier League New Delhi—The Archery Premier League (APL) opened to thrilling drama as the Rajputana Royals clinched the inaugural title by edging out the Prithvi Raja Yodhas in a high‑stakes shoot‑off. The steel‑focus finish del,https://bsky.app/profile/did:plc:7rg2qadm464yaxmokojcimfi/post/3m2zfc33zkh2t,2025-10-12T19:03:57.478000+00:00,Royals,289
bluesky_post,bluesky,uk-news.bsky.social,"Meghan Markle and Harry slammed as two other royals ‘deserved award’ | Royal | News https://www.europesays.com/uk/494247/ Speaking to GB News, Mr Fitzwilliams said: “If you were looking at genuine humanitarian work, it is surely…#uk #news #uknews",https://bsky.app/profile/did:plc:vizwdor43adw3277u2kkrssd/post/3m2zf3rpat62n,2025-10-12T19:00:26.686000+00:00,Royals,246
bluesky_post,bluesky,royalreportkev.bsky.social,"This morning, I look at five #Royals hitters in the #KCR farm system who will be worth watching this offseason, especially with the Rule 5 Draft looming in December #FountainsUp #MILBSKy",https://bsky.app/profile/did:plc:prrl3r46k5icrqy2sorymxoo/post/3m2z3yuvpz22j,2025-10-12T16:17:45.585000+00:00,KCR,186
bluesky_post,bluesky,remembersomeguys.bsky.social,Coco Crisp CF-LF Debut: 2002 - Retired: 2016 OAK - KCR - CLE - BOS,https://bsky.app/profile/did:plc:bpliuzjiw2r7q4gr4hnmtrnc/post/3m2vp7cntqa2a,2025-10-11T07:50:42.880000+00:00,KCR,66
bluesky_post,bluesky,junkcardboggs.bsky.social,"Son of a baseball catcher, Jason Kendall donned the family gear in PIT, OAK, CHC, MIL, and KCR. His 2,025 games behind the plate is 6th all time. 00 Donruss rings in a new baseball century with a starburst name design, transparent gradients, and gold foil. Kendall’s big swing appears to be a whiff.",https://bsky.app/profile/did:plc:4qt5n23sqahalsgnnklrauf7/post/3m2udpeodbi2e,2025-10-10T18:52:17.885000+00:00,KCR,299
bluesky_post,bluesky,derekcarrsopp.bsky.social,"Successful fatherhood is keeping your Kid Churn Rate (KCR) under 5%, that's how you get the premium multiple",https://bsky.app/profile/did:plc:uyd7vgcxgwtr26owtweimnkl/post/3m2u7ibnbvc2x,2025-10-10T17:36:44.081000+00:00,KCR,108
bluesky_post,bluesky,remembersomeguys.bsky.social,Bob Shirley Pitcher Debut: 1977 - Retired: 1987 STL - KCR - CIN - NYY - SDP,https://bsky.app/profile/did:plc:bpliuzjiw2r7q4gr4hnmtrnc/post/3m2t6qeojwk2v,2025-10-10T07:50:42.381000+00:00,KCR,75
bluesky_post,bluesky,dynastyinfo411.bsky.social,2026 Shortstop Redraft Rankings 1. Bobby Witt Jr (KCR) 2. Francisco Lindor (NYM) 3. Elly De La Cruz (CIN) 4. Trea Turner (PHI) 5. Gunnar Henderson (BAL) 6-50 rankings are available at the link in my bio,https://bsky.app/profile/did:plc:nsov45irngd2ljofwcmhrkaw/post/3m2sjba3oj22n,2025-10-10T01:26:25.896000+00:00,KCR,202
bluesky_post,bluesky,remembersomeguys.bsky.social,Bill Buckner 1B-LF Debut: 1969 - Retired: 1990 CHC - BOS - ANA - LAD - KCR,https://bsky.app/profile/did:plc:bpliuzjiw2r7q4gr4hnmtrnc/post/3m2sdw3mehf2k,2025-10-09T23:50:43.098000+00:00,KCR,74
bluesky_post,bluesky,remembersomeguys.bsky.social,Ken Brett Pitcher Debut: 1967 - Retired: 1981 PIT - MIL - LAD - ANA - KCR - PHI - MIN - BOS - CHW - NYY,https://bsky.app/profile/did:plc:bpliuzjiw2r7q4gr4hnmtrnc/post/3m2qauda4yp2h,2025-10-09T03:50:43.257000+00:00,KCR,103
bluesky_post,bluesky,remembersomeguys.bsky.social,Bip Roberts 2B-LF Debut: 1986 - Retired: 1998 OAK - KCR - CIN - DET - SDP - CLE,https://bsky.app/profile/did:plc:bpliuzjiw2r7q4gr4hnmtrnc/post/3m2q25qyoo22e,2025-10-09T01:50:43.556000+00:00,KCR,79
bluesky_post,bluesky,dynastyinfo411.bsky.social,2026 Second Base Redraft Rankings 1. Ketel Marte (ARI) 2. Jazz Chisholm Jr (NYY) 3. Brice Turang (MIL) 4. Maikel Garcia (KCR) 5. Jose Altuve (HOU) 6-50 rankings are available at the link in my bio,https://bsky.app/profile/did:plc:nsov45irngd2ljofwcmhrkaw/post/3m2pyujz76s24,2025-10-09T01:27:40.756000+00:00,KCR,196
bluesky_post,bluesky,sandwichpick.bsky.social,This had me wondering how many teams there were that never had a postseason 3 game HR streak-,https://bsky.app/profile/did:plc:cilflthhvjzz6dz6k765zjwa/post/3m2p2bmo5uk2q,2025-10-08T16:20:17.658000+00:00,KCR,93
bluesky_post,bluesky,allistonsteve.bsky.social,"Today's ALDS game is where the M's will most feel Woo's absence. Bryce Miller in September (minus the meaningless Dodgers start): 0-0 w/ a 4.98 ERA and 4.20 FIP. Woo was 3-0 w/a 2.86 ERA & 2.68 FIP. Miller's September competition wasn't particularly good: COL, @KCR, LAA, @ATL. Fingers crossed.",https://bsky.app/profile/did:plc:zyktgleii7saa7alhu3ez66h/post/3m2oq4z2yis2g,2025-10-08T13:18:40.562000+00:00,KCR,294
bluesky_post,bluesky,remembersomeguys.bsky.social,Andy McGaffigan Pitcher Debut: 1981 - Retired: 1991 NYY - MON - CIN - SFG - KCR,https://bsky.app/profile/did:plc:bpliuzjiw2r7q4gr4hnmtrnc/post/3m2ol7phtqd2h,2025-10-08T11:50:43.158000+00:00,KCR,79
bluesky_post,bluesky,techwordnews.bsky.social,"Protection against adverse action against KCR, others extended to 12 November On Tuesday, the High Court in Telangana prolonged to 12 November, temporary protection was awarded to the former Chief Minister K. Chandrasekhar Rao, former Minister T. Harish Rao, former Chief Secretary Shailendra Kumar…",https://bsky.app/profile/did:plc:6bvhdvgeqkj7nol2zodtqmww/post/3m2okzff3zm2v,2025-10-08T11:47:11.556000+00:00,KCR,299
bluesky_post,bluesky,remembersomeguys.bsky.social,Terrence Long CF-LF-RF Debut: 1999 - Retired: 2006 OAK - KCR - NYM - SDP - NYY,https://bsky.app/profile/did:plc:bpliuzjiw2r7q4gr4hnmtrnc/post/3m2o5skcqpq2z,2025-10-08T07:50:42.955000+00:00,KCR,78
bluesky_post,bluesky,kailashconcepts.bsky.social,"Our piece ""Accountability with KCR: Our Views on Tech Since Our Founding"" breaks down why our models have pivoted sharply on Tech - from enthusiasm to caution - as fundamentals reassert themselves over hype and speculation. https://kailashconcepts.com/white-papers/accountability/",https://bsky.app/profile/did:plc:z7u7hvf4h73s2z4ddzznlv34/post/3m2mxkakfjy2u,2025-10-07T20:26:02.756000+00:00,KCR,280
bluesky_post,bluesky,remembersomeguys.bsky.social,Mark Gardner Pitcher Debut: 1989 - Retired: 2001 MON - SFG - FLA - KCR,https://bsky.app/profile/did:plc:bpliuzjiw2r7q4gr4hnmtrnc/post/3m2l7why7gu2u,2025-10-07T03:50:42.960000+00:00,KCR,70
bluesky_post,bluesky,remembersomeguys.bsky.social,Jermaine Dye RF Debut: 1996 - Retired: 2009 OAK - KCR - ATL - CHW,https://bsky.app/profile/did:plc:bpliuzjiw2r7q4gr4hnmtrnc/post/3m2iiqxabc52v,2025-10-06T01:50:42.061000+00:00,KCR,65
bluesky_post,bluesky,danzyl666.bsky.social,KCR they're the definition of anodyne and non threatening,https://bsky.app/profile/did:plc:oncj4hiu5jvvbizfzghwurzf/post/3m2ii33sylc2a,2025-10-06T01:38:28.360000+00:00,KCR,57
bluesky_post,bluesky,remembersomeguys.bsky.social,Shane Mack LF-CF-RF Debut: 1987 - Retired: 1998 MIN - SDP - KCR - OAK - BOS,https://bsky.app/profile/did:plc:bpliuzjiw2r7q4gr4hnmtrnc/post/3m2ic2evj5t2a,2025-10-05T23:50:42.256000+00:00,KCR,75
bluesky_post,bluesky,remembersomeguys.bsky.social,Al Fitzmorris Pitcher Debut: 1969 - Retired: 1978 ANA - CLE - KCR,https://bsky.app/profile/did:plc:bpliuzjiw2r7q4gr4hnmtrnc/post/3m2fyc2tfch2c,2025-10-05T01:50:43.256000+00:00,KCR,65
bluesky_post,bluesky,remembersomeguys.bsky.social,Jeff Francoeur RF Debut: 2005 - Retired: 2016 PHI - SFG - TEX - NYM - KCR - SDP - ATL - FLA,https://bsky.app/profile/did:plc:bpliuzjiw2r7q4gr4hnmtrnc/post/3m2f5hqlbno2e,2025-10-04T17:50:42.663000+00:00,KCR,91
bluesky_post,bluesky,royalreportkev.bsky.social,Five #Royals #MiLB Hitters To Pay Attention To This Offseason #FountainsUp #KC #MLBSky @ibwaa.bsky.social,https://bsky.app/profile/did:plc:prrl3r46k5icrqy2sorymxoo/post/3m2yud3quah2m,2025-10-12T14:00:18.485000+00:00,KC Royals,105
bluesky_post,bluesky,royalreportkev.bsky.social,The All-Time #Royals Hispanic Heritage Team #FountainsUp #KC #MLBSky @ibwaa.bsky.social royalsreporter.com/2025/10/11/t...,https://bsky.app/profile/did:plc:prrl3r46k5icrqy2sorymxoo/post/3m2wleeak2k2h,2025-10-11T16:14:39.585000+00:00,KC Royals,122
bluesky_post,bluesky,royalreportkev.bsky.social,The All-Time #Royals Hispanic Heritage Team #FountainsUp #KC #MLBSky @ibwaa.bsky.social,https://bsky.app/profile/did:plc:prrl3r46k5icrqy2sorymxoo/post/3m2wldguuvy2c,2025-10-11T16:14:07.391000+00:00,KC Royals,87
bluesky_post,bluesky,kansas.com,The future is bright for this Kansas City Royals rookie from right here in KC.,https://bsky.app/profile/did:plc:ldrenvc2f2ze3x4fql3zmotl/post/3m2uuecly2g2k,2025-10-10T23:50:19.678000+00:00,KC Royals,78
bluesky_post,bluesky,kansascity.com,The future is bright for this Kansas City Royals rookie from right here in KC.,https://bsky.app/profile/did:plc:dciyat2v5iciokcf2fhevlpy/post/3m2u7omdlqs2d,2025-10-10T17:40:16.878000+00:00,KC Royals,78
bluesky_post,bluesky,kansas.com,The future is bright for this Kansas City Royals rookie from right here in KC.,https://bsky.app/profile/did:plc:ldrenvc2f2ze3x4fql3zmotl/post/3m2u7omt6dn2i,2025-10-10T17:40:17.182000+00:00,KC Royals,78
bluesky_post,bluesky,djghostmba.bsky.social,MY #NWSL MATCH WEEK 24 PICKS Racing Louisville 1 - Chicago RED Stars 2 Orlando Pride 1 - Portland Thorns 2 Seattle Reign 2 - Bay FC 0 KC Current 2 - Gotham FC 0 NC Courage 2 -Washington Spirit 1 Utah Royals 1 - SD Wave 0 Angel City 0 - Houston Dash 2 What are yours?,https://bsky.app/profile/did:plc:hcky7agtpiyrmqrbkokozftp/post/3m2tyzl2zlc2e,2025-10-10T15:41:08.687000+00:00,KC Royals,266
bluesky_post,bluesky,aroundkc.bsky.social,"Blues, BBQ, and Baseball: Summer in KC is the Best Find out how to enjoy the greatest Kansas City summers with superior barbecue, live blues, and Royals baseball. Your KC summer guide.",https://bsky.app/profile/did:plc:rjmduz5iwc7b2o6aixt4zvrt/post/3m2rt77bwkz22,2025-10-09T18:51:36.190000+00:00,KC Royals,184
bluesky_post,bluesky,rawmlb.bsky.social,"KC Royals begin search to revamp hitting department after parting with 2 coaches https://www.rawchili.com/mlb/370901/ The Kansas City Royals are making a change in their hitting department. On Monday, Royals general manager J.J.…",https://bsky.app/profile/did:plc:lgxwokjfnegutejxknkdpqwj/post/3m2rijuzbhd2c,2025-10-09T15:40:43.197000+00:00,KC Royals,229
bluesky_post,bluesky,ryanhastwodogs.bsky.social,I got flowers.,https://bsky.app/profile/did:plc:avcbgomc3yvmnldwqwcqgrai/post/3m2qj64oq7k22,2025-10-09T06:20:29.387000+00:00,KC Royals,14
bluesky_post,bluesky,cravensilverthorn.bsky.social,💯!! Anyone but them. My dad was KC born n’ raised. He was a big Chiefs and Royals fan too. So I do share a little heart with y’all.,https://bsky.app/profile/did:plc:4aokmvoswumkam3kjkly7c3g/post/3m2qduwgd522z,2025-10-09T04:44:45.257000+00:00,KC Royals,131
bluesky_post,bluesky,kcshady13.bsky.social,"I'm a Royals guy, KC resident and really just want anyone but the Yankees to win. Also I hate the cheating Astros even though only one remains with the team from that era",https://bsky.app/profile/did:plc:3jpzo6x5n4nlidumlqdqklhs/post/3m2q7uyubks25,2025-10-09T03:33:13.257000+00:00,KC Royals,170
bluesky_post,bluesky,drclaw77.bsky.social,"David Ortiz and Vladdy having too much fun Flashback to the moment I first became a fan. When Bobby Cox's crew knocked off the Yanks in the ALDS. Then, the KC Royals were in the way...",https://bsky.app/profile/did:plc:mf2sffbka5s6tptowxmaa5n5/post/3m2q66fzaz22t,2025-10-09T03:02:39.860000+00:00,KC Royals,184
bluesky_post,bluesky,agale.bsky.social,"Five teams are looking to clinch a playoff spot in week 24, Washington Spirit has many ways to clinch playoff hosting and three teams are fighting to stay in the playoff race",https://bsky.app/profile/did:plc:6q4fu3a5bbimfbwhneer4bmm/post/3m2pwhbd32k2d,2025-10-09T00:44:30.956000+00:00,KC Royals,174
bluesky_post,bluesky,rawmlb.bsky.social,Royals Owner Makes Revealing Comment On Salvador Perez’s Future In KC https://www.rawchili.com/mlb/369547/ The Kansas City Royals have made no bones about their feelings on catcher Salvador Perez’s roster status for…,https://bsky.app/profile/did:plc:lgxwokjfnegutejxknkdpqwj/post/3m2pjycgkpu26,2025-10-08T21:01:21.260000+00:00,KC Royals,216
bluesky_post,bluesky,40yearsago.bsky.social,"[October 8th, 1985] The Toronto Blue Jays defeated the Kansas City Royals 6-1 in Game 1 of the ALCS, with Stieb’s shutout and KC errors. Players emphasized readiness after a tough regular season, despite a 9½-game lead. Next game is Wednesday at Exhibition Stadium.",https://bsky.app/profile/did:plc:6xb27hvdldyjxtq5pb5gst5p/post/3m2op5jw3u32z,2025-10-08T13:01:08.264000+00:00,KC Royals,265
bluesky_post,bluesky,royalreportkev.bsky.social,Struggles in the Lower Minors Likely Sparked Hitting Changes in #Royals Organization #FountainsUp #KC #MLBSky @ibwaa.bsky.social,https://bsky.app/profile/did:plc:prrl3r46k5icrqy2sorymxoo/post/3m2niprbgxe2q,2025-10-08T01:33:21.659000+00:00,KC Royals,128
bluesky_post,bluesky,rawmlb.bsky.social,KC park as possible Royals stadium site? This Jackson County official is opposed https://www.rawchili.com/mlb/367477/ The chair of the Jackson County Legislature isn’t sold on Washington Square Park as a future home for…,https://bsky.app/profile/did:plc:lgxwokjfnegutejxknkdpqwj/post/3m2mxar2h6k23,2025-10-07T20:20:44.566000+00:00,KC Royals,220
bluesky_post,bluesky,royalreportkev.bsky.social,Categorizing the #Royals' Projected Arbitration Salaries for 2026 #FountainsUp #KC #MLBSky @ibwaa.bsky.social royalsreporter.com/2025/10/06/c...,https://bsky.app/profile/did:plc:prrl3r46k5icrqy2sorymxoo/post/3m2kvtpsims2x,2025-10-07T00:50:16.365000+00:00,KC Royals,144
bluesky_post,bluesky,tedvelvet.bsky.social,"That is a fact. As a KC Royals fan, that WS win in ‘15 made it worthwhile, I only wish it wasn’t the Blue Jays we beat in the playoffs. I truly felt like the 1% voting for them against the Jays that year 🤣",https://bsky.app/profile/did:plc:akjcwcuzrky7hrjgreqcfe6m/post/3m2kvpusdls2o,2025-10-07T00:48:04.559000+00:00,KC Royals,205
bluesky_post,bluesky,kansascity.com,"In an interview with The Star, Royals general manager J.J. Picollo explained how KC will move forward in revamping the hitting staff.",https://bsky.app/profile/did:plc:dciyat2v5iciokcf2fhevlpy/post/3m2kb65chhz2g,2025-10-06T18:40:14.861000+00:00,KC Royals,133
bluesky_post,bluesky,kansas.com,"In an interview with The Star, Royals general manager J.J. Picollo explained how KC will move forward in revamping the hitting staff.",https://bsky.app/profile/did:plc:ldrenvc2f2ze3x4fql3zmotl/post/3m2kb65xad52q,2025-10-06T18:40:15.457000+00:00,KC Royals,133
bluesky_post,bluesky,eminence.fun,"I grew up in KC, so I was a Royals fan most of my life. 2014-2015 was a very exciting time. Two World Series appearances after decades of bad. In 2021 I moved to the PNW and came out as trans. I had been heavily socialized into sports, football mostly, and started letting a lot of it go. 1/6",https://bsky.app/profile/did:plc:xf6t3pt6ez7cv645uhbcd7km/post/3m2jwiw4no22m,2025-10-06T15:29:25.157000+00:00,KC Royals,292
bluesky_post,bluesky,ogtedberg.bsky.social,"I found the good Royals teams of 2015-16 somewhat annoying in their style of play and the discourse they inspired, but mostly I agree. KC is a quietly great baseball town and their stadium is wildly underrated.",https://bsky.app/profile/did:plc:a5ce3s5pdxu54iepwxk4slns/post/3m2ii6rj47c26,2025-10-06T01:40:32.259000+00:00,KC Royals,210
bluesky_post,bluesky,hopefulwanderer11.bsky.social,"Listen, the Royals still have not lost since the KC. And making the playoffs was a looong shot to begin with.",https://bsky.app/profile/did:plc:uscgid2eft2bmuzlw6hugcn2/post/3m2i4j6tgec22,2025-10-05T22:11:36.763000+00:00,KC Royals,109
bluesky_post,bluesky,the-original-ray.bsky.social,Guardians Of the Pedophiles www.facebook.com/reel/7017188...,https://bsky.app/profile/did:plc:h7b56cb53twy4didcjkvlllv/post/3m2zrct32h22r,2025-10-12T22:39:12.083000+00:00,Guardians,60
bluesky_post,bluesky,michaelismad.bsky.social,Guardians or participants?,https://bsky.app/profile/did:plc:sf3f7q7ceh7iotvndinyx7a3/post/3m2zr7d3rfs2i,2025-10-12T22:37:11.079000+00:00,Guardians,26
bluesky_post,bluesky,maggiekirton.bsky.social,"You'll finally meet the FIRST ONES, The Ancestors and Guardians of the Valleys, when Kamari goes through the 8 Trials of Validation in the final book of the Sagaman Series. mybook.to/sagamankes... First book is #FREE 😊 Start reading... up to the epic conclusion! #mustread",https://bsky.app/profile/did:plc:63qmamefwbrrouxb7pugoboh/post/3m2zr75fzt22f,2025-10-12T22:37:04.084000+00:00,Guardians,272
bluesky_post,bluesky,spaceblatt.bsky.social,The trump administration of liars calling state officials liars is hilarious. Irony has been dead in Guardians Of Pedophiles Party for years now.,https://bsky.app/profile/did:plc:v3aosce3a5gule5aef27s5r3/post/3m2zqy2va2s2b,2025-10-12T22:33:08.078000+00:00,Guardians,145
bluesky_post,bluesky,epcot-wait-times.bsky.social,🟠 Guardians of the Galaxy: Cosmic Rewind: 95 minutes (+53 min.),https://bsky.app/profile/did:plc:kkeqri7ejrr6weyhct7bdsbu/post/3m2zqt5vn5b2z,2025-10-12T22:30:21.782000+00:00,Guardians,63
bluesky_post,bluesky,dca-wait-times.bsky.social,🔴 Guardians of the Galaxy - Monsters After Dark: 90 minutes (+73 min.),https://bsky.app/profile/did:plc:icf4kieusizoc7flxmsw26pm/post/3m2zqt3kdsq2i,2025-10-12T22:30:19.682000+00:00,Guardians,70
bluesky_post,bluesky,wdwstats.bsky.social,Highest waiting times in #WDW: Expedition Everest - Legend of the Forbidden Mountain - 140 min Avatar Flight of Passage - 120 min Guardians of the Galaxy: Cosmic Rewind - 105 min Rock 'n' Roller Coaster Starring Aerosmith - 105 min Slinky Dog Dash - 105 min http://www.wdwst.at/,https://bsky.app/profile/did:plc:vqrw24iuyejsep2dnwsoh7cz/post/3m2zqsv5aun2k,2025-10-12T22:30:12.484000+00:00,Guardians,278
bluesky_post,bluesky,dlstats.bsky.social,Highest waiting times in #Disneyland: Radiator Springs Racers - 60 min Incredicoaster - 40 min Space Mountain - 40 min Toy Story Midway Mania! - 40 min Guardians of the Galaxy - Mission: BREAKOUT! - 35 min http://www.dlst.at/,https://bsky.app/profile/did:plc:md77ndyzfpi55yhe7rmivfka/post/3m2zqsprugy2t,2025-10-12T22:30:06.878000+00:00,Guardians,225
bluesky_post,bluesky,greenflorence.bsky.social,"Not only it's extravagant to emit so much, it's also unnecessary. We ARE on paradise planet. Isn't Earth beautiful and abundant? We do our bit. We love, nurture and enhance the little bit of Earth we are grateful to be guardians of. We create paradise in our garden, nature gives us back tenfold🙏",https://bsky.app/profile/did:plc:63e66bkay55vguhwydmfvfgt/post/3m2zqkiawn22n,2025-10-12T22:25:39.784000+00:00,Guardians,296
bluesky_post,bluesky,baseballobserver.bsky.social,Guardians Expect To Be Granted Fourth Option Year On Juan Brito,https://bsky.app/profile/did:plc:ffosahlappkc7nfhcip7kyrn/post/3m2zqb5cm2a2r,2025-10-12T22:20:17.182000+00:00,Guardians,63
bluesky_post,bluesky,castocipher.bsky.social,"fox, cat, and wolf... ive formed the all tails and ear team. we are so back",https://bsky.app/profile/did:plc:qyqr27nyamscwxw34lt47qm3/post/3m2zqawd66c2t,2025-10-12T22:20:15.283000+00:00,Guardians,75
bluesky_post,bluesky,bywayofjosiah.bsky.social,"15. Favorite Couple: I like how honestly the Gamora 2 / Starlord relationship plays out in GUARDIANS Vol. 3, but I don’t generally care for romance in the MCU. That said, I enjoy the running meta-gag where TV Loki’s narcissism is literalized after he meets Sylvie.",https://bsky.app/profile/did:plc:zhqlrskxtofrwq6ytjrgvn4j/post/3m2zpv5vfdc2f,2025-10-12T22:13:37.187000+00:00,Guardians,264
bluesky_post,bluesky,jesterthespectre.bsky.social,"decided that Toby's birthday is Winter 13th, while Luka's is Autumn 31st so they could be the inverse of each other meanwhile, Wren's birthday is Spring 11th and Elio's is Summer 3rd, in reference to the MCs of Guardians of Azuma, Kaguya and Subaru, as it's the same devs",https://bsky.app/profile/did:plc:3topsn6iy2l7pp6zilsclozy/post/3m2zpmmkluk2g,2025-10-12T22:08:49.885000+00:00,Guardians,271
bluesky_post,bluesky,epcot-wait-times.bsky.social,🟠 Guardians of the Galaxy: Cosmic Rewind: 95 minutes (+53 min.),https://bsky.app/profile/did:plc:kkeqri7ejrr6weyhct7bdsbu/post/3m2zp54u2f626,2025-10-12T22:00:09.086000+00:00,Guardians,63
bluesky_post,bluesky,dca-wait-times.bsky.social,🔴 Guardians of the Galaxy - Monsters After Dark: 90 minutes (+73 min.),https://bsky.app/profile/did:plc:icf4kieusizoc7flxmsw26pm/post/3m2zp535idg2v,2025-10-12T22:00:06.881000+00:00,Guardians,70
bluesky_post,bluesky,audreycetois.bsky.social,"Enough! Let's do something different. Macron has to go. Albo has to go. Starmer has to do. All the extreme right has to go. Let's veer to the left, I mean actual socialist progressive policies, and see what happens. The Guardians politics are showing and they are not about a better future for all",https://bsky.app/profile/did:plc:rjcnhfraxs4e7t65porfeirq/post/3m2zp4t5pnc2l,2025-10-12T21:59:59.264000+00:00,Guardians,297
bluesky_post,bluesky,thaystories.bsky.social,"Acabei de ver que eu comecei a jogar Hades em agosto, demorei 2 meses pra acabar, scrr (pq eu joguei outras coisas ao mesmo tempo) Tava querendo mt acabar com ele e o Rune Factory: Guardians of Azuma pra jogar o FF16 em paz",https://bsky.app/profile/did:plc:zbd4vvcgjmwprg4w25e375gn/post/3m2zoxtbxk224,2025-10-12T21:57:10.778000+00:00,Guardians,223
bluesky_post,bluesky,abigailreynolds.bsky.social,When the cat upstages your unboxing of author copies... #PfeffernusseStrikesAgain #JAFF #Austenesque,https://bsky.app/profile/did:plc:wjqtwoebg745pzfzbruzyhu7/post/3m2zonxjbwk2b,2025-10-12T21:51:45.482000+00:00,Guardians,100
bluesky_post,bluesky,lieutenentstan.bsky.social,"The Browns are utterly underserving of their fan support. I am more convinced than ever the city would be better off if they never came back. The Guardians do almost everything right, but the Browns own the town. I guess baseball is baseball and football is football.",https://bsky.app/profile/did:plc:kx4xjtfsbden6ltza2pythft/post/3m2zojooop22z,2025-10-12T21:49:16.780000+00:00,Guardians,267
bluesky_post,bluesky,literalsarcasm82.bsky.social,Inaccurate representation since the Guardians of the Galaxy were actually competent enough to get things done.,https://bsky.app/profile/did:plc:fmizvrcgx6fg6t3ijhvyw4na/post/3m2znhw7an22g,2025-10-12T21:30:24.181000+00:00,Guardians,110
bluesky_post,bluesky,wdwstats.bsky.social,Highest waiting times in #WDW: Expedition Everest - Legend of the Forbidden Mountain - 140 min Avatar Flight of Passage - 120 min Guardians of the Galaxy: Cosmic Rewind - 105 min Rock 'n' Roller Coaster Starring Aerosmith - 105 min Slinky Dog Dash - 105 min http://www.wdwst.at/,https://bsky.app/profile/did:plc:vqrw24iuyejsep2dnwsoh7cz/post/3m2znhlm6ch27,2025-10-12T21:30:12.179000+00:00,Guardians,278
bluesky_post,bluesky,epcot-wait-times.bsky.social,🟠 Guardians of the Galaxy: Cosmic Rewind: 125 minutes (+55 min.),https://bsky.app/profile/did:plc:kkeqri7ejrr6weyhct7bdsbu/post/3m2znhhl7fh2b,2025-10-12T21:30:08.178000+00:00,Guardians,64
bluesky_post,bluesky,dlstats.bsky.social,Highest waiting times in #Disneyland: Radiator Springs Racers - 60 min Incredicoaster - 40 min Space Mountain - 40 min Toy Story Midway Mania! - 40 min Guardians of the Galaxy - Mission: BREAKOUT! - 35 min http://www.dlst.at/,https://bsky.app/profile/did:plc:md77ndyzfpi55yhe7rmivfka/post/3m2znhhga3x22,2025-10-12T21:30:07.777000+00:00,Guardians,225
bluesky_post,bluesky,truebe.horse,"me: hey why do i feel like shit me, to me: remember that time like an hour ago when you watched a shitty CLE, and then three hours ago when you got a covid shot me, to me, again: not really but im willing to believe you",https://bsky.app/profile/did:plc:lxkh2qpl27fc5wqa4hqlw2co/post/3m2zqzgcvs226,2025-10-12T22:33:52.376000+00:00,CLE,219
bluesky_post,bluesky,market-ocean-fr.bsky.social,"Lorsque le président Trump est passé de la menace de tarifs à 100% sur les importations chinoises à la déclaration ""ne vous inquiétez pas pour la Chine"", les marchés ont connu une forte volatilité. Ce revirement illustre un principe clé de la finance comportementale : les",https://bsky.app/profile/did:plc:uygbyjeachtjflbcrs5fhwir/post/3m2zp7gmxyz2u,2025-10-12T22:01:26.278000+00:00,CLE,272
bluesky_post,bluesky,topofertasbrasil.bsky.social,"⚡OFERTA RELÂMPAGO⚡ 🛍️ Armário Espelheira com Porta Cle - VÁRIAS CORES 💵🔥 R$109,99. 🛒 s.shopee.com.br/9fCEAThhNr ⚡Mais ofertas relâmpagos aqui ⤵️ s.shopee.com.br/7fKHSqXYhP",https://bsky.app/profile/did:plc:mrst3rrj6zag337gfamqnlt7/post/3m2zmllhzdc2y,2025-10-12T21:14:37.085000+00:00,CLE,171
bluesky_post,bluesky,truebe.horse,"someone in this CLE asked if they should be using ChatGPT to draft legal forms. forms which are generally freely available already... you just have to fill them out, that's why they're forms... i swear to god why do these people have jobs and I dont",https://bsky.app/profile/did:plc:lxkh2qpl27fc5wqa4hqlw2co/post/3m2zlzqko6s2h,2025-10-12T21:04:33.981000+00:00,CLE,249
bluesky_post,bluesky,digyoursoul.bsky.social,"Australia might get its first ever day without coal sooner than anyone predicted, and analysts say 100% renewables is no longer theoretical. The country’s aging coal fleet is being rapidly replaced by wind, solar & batteries. 90% of coal could be gone by 2035 www.canarymedia.com/articles/cle...",https://bsky.app/profile/did:plc:jyjjqbfoetzn5kmh6sjiauc4/post/3m2zlwc5lls24,2025-10-12T21:02:43.379000+00:00,CLE,295
bluesky_post,bluesky,truebe.horse,"my favorite thing about this ""learn at your own pace"" CLE is you have to watch the entire video to the end including an hour of questions that may or may not be relevant to the actual course content",https://bsky.app/profile/did:plc:lxkh2qpl27fc5wqa4hqlw2co/post/3m2zkb3aq4c2h,2025-10-12T20:32:52.682000+00:00,CLE,198
bluesky_post,bluesky,rotoworld-fb.bsky.social,"Rodgers throws for 235/2, cruises to win over CLE",https://bsky.app/profile/did:plc:lbe3b7ce6n7oa6cbl5jwoifo/post/3m2zjxlnqed2h,2025-10-12T20:27:34.179000+00:00,CLE,49
bluesky_post,bluesky,nfl-scorigami.bsky.social,"CLE 9 - PIT 23 Final No Scorigami. That score has happened 11 times before, most recently on November 1, 2020.",https://bsky.app/profile/did:plc:sbi3vewpvlpjivqhkogix5sz/post/3m2zjtq7qud2v,2025-10-12T20:25:24.888000+00:00,CLE,110
bluesky_post,bluesky,nflscorigami.bsky.social,"🏈 CLE 9 - 23 PIT FINAL ❌ No Scorigami. That score has happened 11 times before. Last time: Nov 1, 2020 Philadelphia Eagles defeated Dallas Cowboys",https://bsky.app/profile/did:plc:whl6wj24qs57zfmolrpibnra/post/3m2zjk5veii2i,2025-10-12T20:20:06+00:00,CLE,146
bluesky_post,bluesky,asdunaze.bsky.social,"Ah vous êtes encore là ? Il est finito votre blousque, fermez la porte et jetez la clé.",https://bsky.app/profile/did:plc:2z65ipno5igmotlx62ou2rww/post/3m2zixgwce22k,2025-10-12T20:09:33.784000+00:00,CLE,87
bluesky_post,bluesky,cle.nws-bot.us,"CLE issues Area Forecast Discussion (AFD) at Oct 12, 3:57 PM EDT at Sun, 12 Oct 2025 19:57:50 +0000 via IEMbot Additional Details Here.",https://bsky.app/profile/did:plc:mhixlpt4l3sh2vdgk2wonj3v/post/3m2zit6nc7f2u,2025-10-12T20:07:12.576000+00:00,CLE,135
bluesky_post,bluesky,cle.weather.im,"#CLE issues Area Forecast Discussion (AFD) at Oct 12, 3:57 PM EDT Link",https://bsky.app/profile/did:plc:qq356llabe3snpn5oib3err7/post/3m2zicgzxew2i,2025-10-12T19:57:50.879000+00:00,CLE,70
bluesky_post,bluesky,nfl4th.com,"---> CLE (9) @ PIT (23) <--- PIT has 4th & 4 at the PIT 34, Q4 07:19 Recommendation : 🤷 Toss-up (+0 WP) Actual play: 🏈🦵 C.Waitman punts 50 yards to CLV 16, Center-C.Kuntz. I.Bond pushed ob at CLV 25 for 9 yards (C.Holcom",https://bsky.app/profile/did:plc:wvwyaexejh63ldp67wqs7g6p/post/3m2zi63mxpe2k,2025-10-12T19:55:25.280000+00:00,CLE,220
bluesky_post,bluesky,surrender-index.tomkahe.com,"PIT decided to punt to CLE from the PIT 34 on 4th & 4 with 7:19 remaining in the 4th while winning 23 to 9. With a Surrender Index of 0.6, this punt ranks at the 16th percentile of cowardly punts of the 2025 season, and the 20th percentile of all punts since 1999.",https://bsky.app/profile/did:plc:wbfd4kwtj7l3qhbtz5uzjczw/post/3m2zi6jstcha2,2025-10-12T19:56:33.581000+00:00,CLE,264
bluesky_post,bluesky,cmarti.bsky.social,Quel mot clé pour la recherche ?,https://bsky.app/profile/did:plc:6eo6ixj2ydy6nrzjnmyjmoz7/post/3m2zhbh2y3k22,2025-10-12T19:39:23.379000+00:00,CLE,32
bluesky_post,bluesky,nflscorigami.bsky.social,🏈 CLE 6 - 23 PIT 13:36 4Q This game has a 1.33% chance of ending in Scorigami. Most likely Scorigami: 39-6 (0.22%),https://bsky.app/profile/did:plc:whl6wj24qs57zfmolrpibnra/post/3m2zgzqdwwl2x,2025-10-12T19:35:04.881000+00:00,CLE,114
bluesky_post,bluesky,scorebot.bsky.social,"PIT: DK Metcalf 25 Yd pass from Aaron Rodgers (Chris Boswell Kick) - CLE 6, PIT 23 - Q4, 14:55",https://bsky.app/profile/did:plc:z4zyqzdcxwbnsucggwt26ish/post/3m2zgnct74s2y,2025-10-12T19:28:08.079000+00:00,CLE,94
bluesky_post,bluesky,cle.nws-bot.us,"CLE issues Area Forecast Discussion (AFD) at Oct 12, 3:09 PM EDT at Sun, 12 Oct 2025 19:10:15 +0000 via IEMbot Additional Details Here.",https://bsky.app/profile/did:plc:mhixlpt4l3sh2vdgk2wonj3v/post/3m2zglk4bbm26,2025-10-12T19:27:08.678000+00:00,CLE,135
bluesky_post,bluesky,nflscorigami.bsky.social,🏈 CLE 6 - 16 PIT 15:00 4Q Scorigami is quite unlikely (less than 1%) in this game.,https://bsky.app/profile/did:plc:whl6wj24qs57zfmolrpibnra/post/3m2zghurtce2r,2025-10-12T19:25:05.899000+00:00,CLE,82
bluesky_post,bluesky,nfl4th.com,"---> CLE (3) @ PIT (16) <--- CLE has 4th & 10 at the PIT 35, Q3 04:08 Recommendation (STRONG): 👟🏈 Field goal attempt (+2 WP) Actual play: 👟🏈 A.Szmyt 53 yard field goal is GOOD, Center-R.Sunahara, Holder-C.Bojorquez.",https://bsky.app/profile/did:plc:wvwyaexejh63ldp67wqs7g6p/post/3m2zfwthl5w2v,2025-10-12T19:15:34.681000+00:00,CLE,215
bluesky_post,bluesky,nflscorigami.bsky.social,🏈 CLE 6 - 16 PIT 4:08 3Q This game has a 1.02% chance of ending in Scorigami. Most likely Scorigami: 39-6 (0.11%),https://bsky.app/profile/did:plc:whl6wj24qs57zfmolrpibnra/post/3m2zfvyiqeh2k,2025-10-12T19:15:05.615000+00:00,CLE,113
bluesky_post,bluesky,cle.weather.im,"#CLE issues Area Forecast Discussion (AFD) at Oct 12, 3:09 PM EDT Link",https://bsky.app/profile/did:plc:qq356llabe3snpn5oib3err7/post/3m2zfndzuul2j,2025-10-12T19:10:15.585000+00:00,CLE,70
bluesky_post,bluesky,scorebot.bsky.social,"PIT: Connor Heyward 12 Yd pass from Aaron Rodgers - CLE 3, PIT 15 - Q3, 7:46",https://bsky.app/profile/did:plc:z4zyqzdcxwbnsucggwt26ish/post/3m2zffq3mjn2e,2025-10-12T19:05:59.782000+00:00,CLE,76
bluesky_post,bluesky,fromrightfield.bsky.social,Wow. A touchdown in the CLE-PITT game. I didn’t know they still made those. 😝,https://bsky.app/profile/did:plc:ixzt3br2bcquvpfin7r4yomu/post/3m2zfff26rc2o,2025-10-12T19:05:48.482000+00:00,CLE,77
bluesky_post,bluesky,rawmlb.bsky.social,Is David Fry the Cleveland Guardians’ Best Offensive Catcher? https://www.rawchili.com/mlb/376351/ Walking A Razor’s Blade: How to Best Utilize David Fry After concluding the first part of the playoff…,https://bsky.app/profile/did:plc:lgxwokjfnegutejxknkdpqwj/post/3m2zbregdig2l,2025-10-12T18:00:55.882000+00:00,Cleveland Guardians,201
bluesky_post,bluesky,cleveland.com,"Terry Pluto calls José Ramírez the best all-around Cleveland player he’s ever seen. So why do some believe the Guardians are wasting his career? Tap the link in our bio for Terry’s full column exploring the debate. Picture: John Kuntz, Cleveland.com",https://bsky.app/profile/did:plc:57fcqgknd3kgbr5ljzgrkskr/post/3m2yyvfrzo72v,2025-10-12T15:22:07.686000+00:00,Cleveland Guardians,249
bluesky_post,bluesky,guardscledotcom.bsky.social,"Terry Pluto calls José Ramírez the best all-around Cleveland player he’s ever seen. So why do some believe the Guardians are wasting his career? Tap the link in our bio for Terry’s full column exploring the debate. Picture: John Kuntz, Cleveland.com",https://bsky.app/profile/did:plc:ifqw7ffum4dqqkgvksfakaog/post/3m2yyvcbldb2x,2025-10-12T15:22:04.383000+00:00,Cleveland Guardians,249
bluesky_post,bluesky,bassoonysu.bsky.social,"The first MLB team Josh played on was the Indians/Guardians. Cleveland spends a lot of time helping players learn the nuances of baserunning, including how to create opportunities to steal a base and how to know when an opportunity presents itself. It's a major focus of the small ball approach.",https://bsky.app/profile/did:plc:yuphmpl2w6xfplms5lqujdgj/post/3m2yq2qnllk24,2025-10-12T12:44:05.584000+00:00,Cleveland Guardians,295
bluesky_post,bluesky,rawmlb.bsky.social,"Are the Guardians ‘wasting’ the career of José Ramírez? — Terry Pluto https://www.rawchili.com/mlb/375863/ Jose Ramirez is the heart of the Guardians with his hustle. John Kuntz, cleveland.com CLEVELAND, Ohio — Are…",https://bsky.app/profile/did:plc:lgxwokjfnegutejxknkdpqwj/post/3m2ykbjvkgb2p,2025-10-12T11:00:28.082000+00:00,Cleveland Guardians,215
bluesky_post,bluesky,guardians.homegame.today,"Cleveland Guardians — No, the next game at Progressive Field is scheduled for Apr 3, 2026.",https://bsky.app/profile/did:plc:7nogaol5vhgq7d3fj6l3wdhm/post/3m2ydsf43v726,2025-10-12T09:04:37.982000+00:00,Cleveland Guardians,90
bluesky_post,bluesky,rawmlb.bsky.social,Shane Bieber heading to Blue Jays in deal with Guardians https://www.rawchili.com/mlb/375468/ CLEVELAND — Pitcher Shane Bieber is headed to the AL East-leading Toronto Blue Jays in a deal with…,https://bsky.app/profile/did:plc:lgxwokjfnegutejxknkdpqwj/post/3m2xror7lo32w,2025-10-12T03:40:28.880000+00:00,Cleveland Guardians,193
bluesky_post,bluesky,rawmlb.bsky.social,C.J. Kayfus’ homer in 8th inning propels Guardians to victory over Royals https://www.rawchili.com/mlb/375423/ CLEVELAND (AP) — Rookie C.J. Kayfus hit a two-run homer in the eighth inning as the Cleveland Guardians…,https://bsky.app/profile/did:plc:lgxwokjfnegutejxknkdpqwj/post/3m2xphfhp5d2o,2025-10-12T03:00:34.090000+00:00,Cleveland Guardians,215
bluesky_post,bluesky,rawmlb.bsky.social,Top Offseason Move the Guardians Must Consider https://www.rawchili.com/mlb/375370/ The Cleveland Guardians are poised to make strategic moves this offseason to revitalize their offense. Following a challenging…,https://bsky.app/profile/did:plc:lgxwokjfnegutejxknkdpqwj/post/3m2xn7w75qx2c,2025-10-12T02:20:35.782000+00:00,Cleveland Guardians,211
bluesky_post,bluesky,rawmlb.bsky.social,"Why the Cleveland Guardians Must Secure an Unexpected Catcher Trade This Offseason https://www.rawchili.com/mlb/375318/ José Ramírez, a prominent figure in Cleveland’s baseball history, faces diminishing opportunities to clinch a World Series title.…",https://bsky.app/profile/did:plc:lgxwokjfnegutejxknkdpqwj/post/3m2xkybfgxg2p,2025-10-12T01:40:31.886000+00:00,Cleveland Guardians,250
bluesky_post,bluesky,mikeenglish.bsky.social,"I’m a Seattle native living in Cleveland. Sorry for the internal conflict, I feel that same way when the Guardians and mariners play! But I share your love of Bell’s! 🍺",https://bsky.app/profile/did:plc:thx7s5qeqmjn4cl3atopfu73/post/3m2xbqt3qrs2w,2025-10-11T22:55:17.885000+00:00,Cleveland Guardians,168
bluesky_post,bluesky,rawmlb.bsky.social,"Kayfus and Noel homer as the surging Guardians beat the White Sox 3-1 https://www.rawchili.com/mlb/375103/ CLEVELAND (AP) — C.J. Kayfus and Jhonkensy Noel homered, helping Parker Messick and the Cleveland Guardians beat the…",https://bsky.app/profile/did:plc:lgxwokjfnegutejxknkdpqwj/post/3m2x7sfklet2l,2025-10-11T22:20:23.584000+00:00,Cleveland Guardians,224
bluesky_post,bluesky,rawmlb.bsky.social,Reds dream trade for Steven Kwan collides with Guardians longstanding practice https://www.rawchili.com/mlb/375083/ Steven Kwan will be a popular name in trade talks this offseason. The Cleveland Guardians outfielder was among…,https://bsky.app/profile/did:plc:lgxwokjfnegutejxknkdpqwj/post/3m2x6ou43ec2p,2025-10-11T22:00:30.684000+00:00,Cleveland Guardians,227
bluesky_post,bluesky,rawmlb.bsky.social,"Guardians RHP Carlos Hernández elects free agency https://www.rawchili.com/mlb/375054/ CLEVELAND — After a brief stint with the Cleveland Guardians, right-handed pitcher Carlos Hernández has elected free agency,…",https://bsky.app/profile/did:plc:lgxwokjfnegutejxknkdpqwj/post/3m2x5m6cjvt2l,2025-10-11T21:41:07.269000+00:00,Cleveland Guardians,212
bluesky_post,bluesky,rawmlb.bsky.social,[CleGuardPro] Cleveland Guardians RHP Carlos Hernandez has elected free agency. https://www.rawchili.com/4592370/ [CleGuardPro] Cleveland Guardians RHP Carlos Hernandez has elected free agency.,https://bsky.app/profile/did:plc:lgxwokjfnegutejxknkdpqwj/post/3m2x4gsr3et2p,2025-10-11T21:20:13.082000+00:00,Cleveland Guardians,193
bluesky_post,bluesky,rawmlb.bsky.social,Albert Belle drops harsh truth about Jose Ramirez and Cleveland Guardians https://www.rawchili.com/mlb/374750/ The Cleveland Guardians overcame the odds to come back from a 15.5-game deficit in the American League Central. …,https://bsky.app/profile/did:plc:lgxwokjfnegutejxknkdpqwj/post/3m2wp2gb6b32c,2025-10-11T17:20:39.081000+00:00,Cleveland Guardians,224
bluesky_post,bluesky,queersky.xyz,"I mean, he's totally right. But you keep that shit off the air and in the preview. (Sorry, I used to board op Cleveland Guardians games at one of their affiliates and a slipup like that would get me pulled off the assignment)",https://bsky.app/profile/did:plc:ubshylkmjlipmijsrmiu6f7m/post/3m2woymomjk2e,2025-10-11T17:19:37.881000+00:00,Cleveland Guardians,225
bluesky_post,bluesky,noirdril1.bsky.social,James Gunn filmed scenes from Superman where The Cleveland Guardians play at Progressive Field. Theres now a non zero chance that scenes from Man of Tomorrow (2027) will be filmed at T-Mobile Park especially if Green Arrow gets introduced soon.,https://bsky.app/profile/did:plc:scomdriiyduub5ms75qpfm7y/post/3m2wkttbwos2p,2025-10-11T16:05:23.779000+00:00,Cleveland Guardians,244
bluesky_post,bluesky,rawmlb.bsky.social,"Why the Cleveland Guardians should trade for this former All-Star shortstop https://www.rawchili.com/mlb/374554/ As the Cleveland Guardians head into the offseason, by their own admission they will be looking to add…",https://bsky.app/profile/did:plc:lgxwokjfnegutejxknkdpqwj/post/3m2whaywinl25,2025-10-11T15:01:10.584000+00:00,Cleveland Guardians,216
bluesky_post,bluesky,dailywalkoff.com,Went through Cleveland yesterday so it’s only fitting that today’s Daily Walkoff post features the Guardians! Play puzzles for all 30 teams at dailywalkoff.com #mlb #baseball #baseballtrivia #baseballgame #baseballgame #guardians,https://bsky.app/profile/did:plc:5sqycqcxdfjkqymgetp5ggkt/post/3m2wfpbwdak2a,2025-10-11T14:33:23.783000+00:00,Cleveland Guardians,229
bluesky_post,bluesky,rawmlb.bsky.social,Cleveland Guardians mock trade for Red Sox Star outfielder https://www.rawchili.com/mlb/374511/ The Cleveland Guardians need a centerfielder this offseason. The Boston Red Sox need to acquire starting pitching and…,https://bsky.app/profile/did:plc:lgxwokjfnegutejxknkdpqwj/post/3m2wey6uien2p,2025-10-11T14:20:26.682000+00:00,Cleveland Guardians,214
bluesky_post,bluesky,bsmile.bsky.social,Today In 1948: The Cleveland Indians win the #WorldSeries vs. the Boston Braves in 6 games! #MLB #Guardians #History #Postseason,https://bsky.app/profile/did:plc:vok3j6g7yrv63grj4to7byio/post/3m2waa2fisc26,2025-10-11T12:55:22.781000+00:00,Cleveland Guardians,128
bluesky_post,bluesky,kakej.bsky.social,"Then wtf are you trying to say? Vaughn playing at star level by being demoted by the White Sox to the minor leagues. Probably not the same career consistency? The fuck you mean, “probably not”? Lmfao",https://bsky.app/profile/did:plc:ritupezg36tjlr7uvwsvupsz/post/3m2zrd46lkc2q,2025-10-12T22:39:17.482000+00:00,White Sox,199
bluesky_post,bluesky,og-emptynester.bsky.social,"Random card from my collections. Joe Crede - 2002 Upper Deck #229, Chicago White Sox Purchased on Just Commons/Card Barrel for $.16 in May of 2020 Currently have 185 cards of Joe Crede.",https://bsky.app/profile/did:plc:xntxtgxt652awjd33bbdwbkp/post/3m2zqhm4ky22f,2025-10-12T22:23:58.181000+00:00,White Sox,185
bluesky_post,bluesky,og-emptynester.bsky.social,Sounds like a tale of many White Sox prospects.,https://bsky.app/profile/did:plc:xntxtgxt652awjd33bbdwbkp/post/3m2zqdfxbac2f,2025-10-12T22:21:34.082000+00:00,White Sox,47
bluesky_post,bluesky,k-she-he-they.bsky.social,"If you won't listen to scholars/viewers/readers, then listen to the White Sox fan in the cowl for Heaven's sake.",https://bsky.app/profile/did:plc:cnfnugwfhfzz45odqyl4xufz/post/3m2zogevmgk2s,2025-10-12T21:47:26.681000+00:00,White Sox,112
bluesky_post,bluesky,soxmachine.com,Chicago White Sox beat writer. Chicago Marathon finisher. @jrfegan.soxmachine.com: Glutton for punishment.,https://bsky.app/profile/did:plc:mkkiggz6ty75czlt42zmlet4/post/3m2zn6zyjf22h,2025-10-12T21:25:25.984000+00:00,White Sox,106
bluesky_post,bluesky,jotatx.bsky.social,2025 and here I am reposting a White Sox fan,https://bsky.app/profile/did:plc:35qnw32dc5vvwvyyjalsvoz3/post/3m2zim65dus2t,2025-10-12T20:03:18.280000+00:00,White Sox,44
bluesky_post,bluesky,autographdanny.bsky.social,Autograph #144 – Jameson Fisher – Chicago White Sox – MLB Autograph #144 - Added to our collection - 2017 Bowman Chrome Prospect Autographs #CPA-JF Jameson Fisher FBC Fisher was drafted in the fourth round with the 116th overall pick in the 2016 MLB draft by the Chicago White Sox from Southeastern…,https://bsky.app/profile/did:plc:qfsekybjqzemeumtd3yurwve/post/3m2zg7plp2b2e,2025-10-12T19:20:32.282000+00:00,White Sox,299
bluesky_post,bluesky,southsidesox.bsky.social,"Today in White Sox History: October 12 The 1993 season ends in the cold, and unceremoniously www.southsidesox.com/chicago-whit...",https://bsky.app/profile/did:plc:24jomaembl6qnyw4euvfq4dm/post/3m2zetr5lz22l,2025-10-12T18:55:58.681000+00:00,White Sox,129
bluesky_post,bluesky,alvisinger.bsky.social,And a White Sox Fan! ( those communists).,https://bsky.app/profile/did:plc:h4gckhxw7p3ncs3dse4cp6iq/post/3m2zcqpvrk22o,2025-10-12T18:18:29.181000+00:00,White Sox,41
bluesky_post,bluesky,sohamandcheese.bsky.social,"The NFL is maybe the most difficult league to be consistently bad in for a long time and the Jets have been absolute garbage for 15 years straight. No other miserable team can say this, not the White Sox, not the Sacramento Kings, not the Buffalo Sabers. The Jets are unique.",https://bsky.app/profile/did:plc:7e552aob7ptycz4iygvph3nj/post/3m2z6zz3fh22z,2025-10-12T17:12:05.380000+00:00,White Sox,275
bluesky_post,bluesky,astroscounty.bsky.social,Regrettably I agree with a White Sox fan,https://bsky.app/profile/did:plc:4lujz2dg2m33ahpmnbnujigm/post/3m2z6ljbous2j,2025-10-12T17:03:58.081000+00:00,White Sox,40
bluesky_post,bluesky,rawmlb.bsky.social,The trade deadline move that backfired on White Sox and will affect 2026 offseason https://www.rawchili.com/mlb/376252/ Among the more disappoint aspects of the Chicago White Sox’s 2025 campaign was the fact that the team…,https://bsky.app/profile/did:plc:lgxwokjfnegutejxknkdpqwj/post/3m2z5bsgd4p23,2025-10-12T16:40:38.579000+00:00,White Sox,222
bluesky_post,bluesky,chrisp82.bsky.social,"To go from the White Sox after last year and his terrible first half this year, to playing in an LCS, I get it.",https://bsky.app/profile/did:plc:zndlj2566zmeynpnwxjscsyl/post/3m2z4ufbxq22g,2025-10-12T16:33:08.587000+00:00,White Sox,111
bluesky_post,bluesky,cinquinho.bsky.social,the people at Chili's aren't ready for this heat today,https://bsky.app/profile/did:plc:a5bfs3hwb35ipz3nckorox76/post/3m2z4akaoi22f,2025-10-12T16:22:05.405000+00:00,White Sox,54
bluesky_post,bluesky,reft01.bsky.social,Hope they go another 71 without a win frankly (I LOVE THE CHICAGO WHITE SOX!!!),https://bsky.app/profile/did:plc:kvabfaexjkrxefz2se6o5jgt/post/3m2z2px76cs2i,2025-10-12T15:54:50.781000+00:00,White Sox,79
bluesky_post,bluesky,millennialsox.bsky.social,Today’s all White Sox immaculate grid,https://bsky.app/profile/did:plc:4bhuwixkzcnpdi5q43tvlvex/post/3m2yzbyggzk2t,2025-10-12T15:29:11.480000+00:00,White Sox,37
bluesky_post,bluesky,cklinetobe.bsky.social,I think he’s talking about the White Sox,https://bsky.app/profile/did:plc:alrvfgtziut7l4xpk6w6onep/post/3m2yz6d2br225,2025-10-12T15:27:10.887000+00:00,White Sox,40
bluesky_post,bluesky,kalimurray.bsky.social,"Again, I am not sure anyone outside of Chicago knows how much being a White Sox fan radicalizes you: you literally saw a miracle in 2005 undertaken by a downtrodden baseball team haunted by an original sin.",https://bsky.app/profile/did:plc:7wcd6w7u6ffivlzxcgawyidw/post/3m2yxtzufm22x,2025-10-12T15:03:27.782000+00:00,White Sox,206
bluesky_post,bluesky,annecw.bsky.social,Will never cease to amaze me that the Pope is a White Sox fan!!!!,https://bsky.app/profile/did:plc:adnnkhvbgyw657bmsxjetis6/post/3m2yuv3iklk2i,2025-10-12T14:10:21.584000+00:00,White Sox,65
bluesky_post,bluesky,macshibby.bsky.social,"I mean... yes. But also no. You can't exactly control who buys tickets. They open up the available tickets and whoever buys them, buys them. The only other super close team is the White Sox, and... they're the White Sox. No other teams' fans can do a quick jaunt to MKE and be home for bedtime.",https://bsky.app/profile/did:plc:2s5okak2d5uhl54whsa3fmru/post/3m2yuhfdyf22g,2025-10-12T14:02:42.685000+00:00,White Sox,294
bluesky_post,bluesky,rawmlb.bsky.social,"Chicago leaned on some magic and luck to right the ship on this day in 2005 https://www.rawchili.com/mlb/376047/ 20 years ago today, the White Sox arrived for ALCS Game 2 knowing the gravity of the situation.…",https://bsky.app/profile/did:plc:lgxwokjfnegutejxknkdpqwj/post/3m2yuduno2z2k,2025-10-12T14:00:44.382000+00:00,White Sox,209
bluesky_post,bluesky,whrwlfthrwlf85v.bsky.social,"Instead of another season of Ted Lasso coaching AFC Richmond, I want Ted to spend each season coaching a different sport’s team. One season, he’s coaching the Chicago White Sox or Pittsburgh Pirates, and the next season, he’s coaching the Columbus Blue Jackets.",https://bsky.app/profile/did:plc:xn2rxb3gkmtpsny5pfp5q32x/post/3m2yr5tedtk23,2025-10-12T13:03:40.478000+00:00,White Sox,261
bluesky_post,bluesky,med-news.bsky.social,ND Health and Human Services (HHS) announced today that the Community Health Worker (CHW) Certification application is now available online marking an important step in strengthening the state’s health workforce and improving access to care and support. buff.ly/Prt6Vcg #MED #HHS,https://bsky.app/profile/did:plc:4z3cj6356xjckukins2nxfbr/post/3m2w36lbepq2i,2025-10-11T11:25:04.579000+00:00,CHW,279
bluesky_post,bluesky,remembersomeguys.bsky.social,José López 2B-3B-SS-1B Debut: 2004 - Retired: 2012 CLE - SEA - COL - CHW - FLA,https://bsky.app/profile/did:plc:bpliuzjiw2r7q4gr4hnmtrnc/post/3m2v33l7lw72h,2025-10-11T01:50:42.786000+00:00,CHW,78
bluesky_post,bluesky,remembersomeguys.bsky.social,Dennis Lamp Pitcher Debut: 1977 - Retired: 1992 BOS - CHW - OAK - PIT - CHC - TOR,https://bsky.app/profile/did:plc:bpliuzjiw2r7q4gr4hnmtrnc/post/3m2uueypoku2u,2025-10-10T23:50:42.780000+00:00,CHW,81
bluesky_post,bluesky,remembersomeguys.bsky.social,Jeff Nelson Debut: 1992 - Retired: 2006 TEX - SEA - NYY - CHW,https://bsky.app/profile/did:plc:bpliuzjiw2r7q4gr4hnmtrnc/post/3m2tsu47bt52s,2025-10-10T13:50:42.484000+00:00,CHW,61
bluesky_post,bluesky,joesiegler.blog,"Rarity of 5. 7 of 9 are Texas Rangers. BAL & CHW had nobody get 200 hits and also play for Texas. CHW has very few of 'em at all. Also, ""Baby Doll Jacobson"" (great name btw) looks like he's pissed off that I selected him in the grid in the first place.",https://bsky.app/profile/did:plc:ggjqixot2qtbmonnu4sy4sjb/post/3m2tmhsyxa22k,2025-10-10T11:56:31.584000+00:00,CHW,252
bluesky_post,bluesky,remembersomeguys.bsky.social,Jeff Nelson Debut: 1992 - Retired: 2006 SEA - CHW - TEX - NYY,https://bsky.app/profile/did:plc:bpliuzjiw2r7q4gr4hnmtrnc/post/3m2s57ja3fb2q,2025-10-09T21:50:43.596000+00:00,CHW,61
bluesky_post,bluesky,remembersomeguys.bsky.social,Craig Grebeck 2B-SS-3B Debut: 1990 - Retired: 2001 ANA - BOS - TOR - CHW - FLA,https://bsky.app/profile/did:plc:bpliuzjiw2r7q4gr4hnmtrnc/post/3m2quy2lsg52s,2025-10-09T09:50:43.457000+00:00,CHW,78
bluesky_post,bluesky,remembersomeguys.bsky.social,Bill Melton 3B-DH-1B Debut: 1968 - Retired: 1977 ANA - CHW - CLE,https://bsky.app/profile/did:plc:bpliuzjiw2r7q4gr4hnmtrnc/post/3m2p7dguadc2h,2025-10-08T17:50:43.169000+00:00,CHW,64
bluesky_post,bluesky,cpehn.bsky.social,"This month we celebrate Latine by bringing light to the vital role of community health workers, promoatoras, and representatives. California Health Care Foundation explains the vital role of CHW/P/R's in ensuring all Californians can access the care we need to be healthy. https://bit.ly/3KFg8qC",https://bsky.app/profile/did:plc:mkwwkv3xuypobha4jeq3kehw/post/3m2mje67qp72c,2025-10-07T16:12:05.965000+00:00,CHW,295
bluesky_post,bluesky,remembersomeguys.bsky.social,Lynn McGlothen Pitcher Debut: 1972 - Retired: 1982 BOS - SFG - NYY - CHW - STL - CHC,https://bsky.app/profile/did:plc:bpliuzjiw2r7q4gr4hnmtrnc/post/3m2ksjdfp7e2v,2025-10-06T23:50:43.356000+00:00,CHW,84
bluesky_post,bluesky,remembersomeguys.bsky.social,Roy Smalley SS-DH-3B Debut: 1975 - Retired: 1987 NYY - TEX - CHW - MIN,https://bsky.app/profile/did:plc:bpliuzjiw2r7q4gr4hnmtrnc/post/3m2iphknpj52m,2025-10-06T03:50:43.062000+00:00,CHW,70
bluesky_post,bluesky,bookowl.bsky.social,"RIP Eloy LOL. I remember when someone photoshopped a ""ghost"" version of him looking pissed when a CHW outfielder made an error.",https://bsky.app/profile/did:plc:ttdaexuq2ca4ok5hfphc2h5q/post/3m2hyccna522p,2025-10-05T20:56:12.560000+00:00,CHW,127
bluesky_post,bluesky,remembersomeguys.bsky.social,Brian Daubach 1B-DH Debut: 1998 - Retired: 2005 FLA - BOS - NYM - CHW,https://bsky.app/profile/did:plc:bpliuzjiw2r7q4gr4hnmtrnc/post/3m2hnwn6vja2q,2025-10-05T17:50:41.863000+00:00,CHW,69
bluesky_post,bluesky,bobson-dugnut.bsky.social,Not worth it man. You can support the Pope and humanity without debasing yourself like that with CHW fandom🫡 -a Guardians fan,https://bsky.app/profile/did:plc:hatnh5kmjqvlpoh2clgprcpq/post/3m2h5ianjpk2u,2025-10-05T12:56:19.859000+00:00,CHW,125
bluesky_post,bluesky,remembersomeguys.bsky.social,Jon Garland Pitcher Debut: 2000 - Retired: 2013 SDP - ARI - CHW - ANA - LAD - COL,https://bsky.app/profile/did:plc:bpliuzjiw2r7q4gr4hnmtrnc/post/3m2gt4ez6w72q,2025-10-05T09:50:43.561000+00:00,CHW,81
bluesky_post,bluesky,remembersomeguys.bsky.social,Alex Fernandez Pitcher Debut: 1990 - Retired: 2000 CHW - FLA,https://bsky.app/profile/did:plc:bpliuzjiw2r7q4gr4hnmtrnc/post/3m2frlikrty2m,2025-10-04T23:50:43.358000+00:00,CHW,60
bluesky_post,bluesky,wrestlingwithheart.bsky.social,"Wrestling with Heart is proud to sponsor tonight’s CHW Pro Wrestling event in Springfield, TN! If you live near the area, come on out for some incredible professional wrestling action. Bell time is at 7:00 pm ct.",https://bsky.app/profile/did:plc:nwv3vffekv2rxbumb62baiej/post/3m2ejakuahs22,2025-10-04T11:48:49.056000+00:00,CHW,212
bluesky_post,bluesky,wrlewin.bsky.social,andrew vaughn! former chisox! best mid-season pickup by far!,https://bsky.app/profile/did:plc:rqesd4nmegd2np36rtenvl7b/post/3m2xjmysar22f,2025-10-12T01:16:19.885000+00:00,ChiSox,60
bluesky_post,bluesky,wrlewin.bsky.social,"brewers. as a chisox fan, i never root for the cubs!",https://bsky.app/profile/did:plc:rqesd4nmegd2np36rtenvl7b/post/3m2xjgsrhg22f,2025-10-12T01:12:52.086000+00:00,ChiSox,52
bluesky_post,bluesky,buntwaxera.bsky.social,Here's the other Sosa ChiSox bunting card I was thinking of. Love this one.,https://bsky.app/profile/did:plc:jw6kryyunswx32elfx6i3uc4/post/3m2u2sbfcss2s,2025-10-10T16:12:54.482000+00:00,ChiSox,75
bluesky_post,bluesky,mousebumples.bsky.social,First career post season series? Or were the ChiSox not always terrible since he got called up to the big leagues?,https://bsky.app/profile/did:plc:em6tjyme6tmjexmp5bztys4z/post/3m2kyj6hris2p,2025-10-07T01:38:01.259000+00:00,ChiSox,114
bluesky_post,bluesky,alexanderraine7.bsky.social,"1867 9/23/73 OAK (95-60) @ CHW (61-94) ChiSox took a 2-1 pitching duel in gm 1 of this 2 gm set, sending the A's to 2nd place. Twins have lost, so A's can reclaim 1st. Today, A's start Dave Hamilton (5-2, 2.31 in 9 starts, 5 rlf). White Sox go with Terry Forster (4-11, 3.39 in 10 starts, 33 rlf).",https://bsky.app/profile/did:plc:ozk4vngzkghjjwut6isjp2eh/post/3m2bxcu5c2226,2025-10-03T11:22:41.460000+00:00,ChiSox,297
bluesky_post,bluesky,notcarl.bsky.social,"Where do we think Kelenic lands? ChiSox, A's, Pirates, or Rockies? Not sure if the Royals are still snatching up Braves busts but maybe keep them on the list too",https://bsky.app/profile/did:plc:2b262n67gsbscmrovr4m5clh/post/3m2adfh3dlc25,2025-10-02T19:53:28.355000+00:00,ChiSox,161
bluesky_post,bluesky,joesiegler.blog,"There's also Pete Rose Jr. Just 11 games for the Reds in 97. Also bounced around in the minors with the Orioles, Indians, & White Sox in the 90's. People doing ""all O's, Indians, ChiSox"" grids could use Rose Jr that way. :)",https://bsky.app/profile/did:plc:ggjqixot2qtbmonnu4sy4sjb/post/3m27r3zhzmk2v,2025-10-02T14:26:06.353000+00:00,ChiSox,223
bluesky_post,bluesky,theuptownfive.bsky.social,"Tim Hill is also an ex-ChiSox, but it's hard to have any fond memories of a guy who only played for the team in 2024 and struggled enough to be released.",https://bsky.app/profile/did:plc:h47nga6z2vakugo4b72dy2m2/post/3lzyb6dfbuc2p,2025-09-29T14:52:25.955000+00:00,ChiSox,153
bluesky_post,bluesky,peterjwagner3.bsky.social,… already reject that there is any major home field advantage: home teams have had the equivalent of one month of 2024 ChiSox basesball (or worse).,https://bsky.app/profile/did:plc:72tpdfgupaufkqd6i753qmfh/post/3lzw2wexhhk26,2025-09-28T17:55:17.050000+00:00,ChiSox,147
bluesky_post,bluesky,humandchuck.bsky.social,The magic of playing the 2025 CHISOX,https://bsky.app/profile/did:plc:hwsdbvu6jrbx5wag5z4xrppy/post/3lzrsuctmik2f,2025-09-27T01:20:19.054000+00:00,ChiSox,36
bluesky_post,bluesky,peterjwagner3.bsky.social,"There clearly is no homefield advantage in the WCS, but I doubt that homefield really is turning teams into the ‘24 ChiSox, either. The games probably will be at Wrigley, and there’s still a 25% chance that the Cubs get swept (even if half have been visiting team sweeps so far).",https://bsky.app/profile/did:plc:72tpdfgupaufkqd6i753qmfh/post/3lzqjtpr6422r,2025-09-26T13:06:15.456000+00:00,ChiSox,279
bluesky_post,bluesky,humandchuck.bsky.social,There is no point in believing in or cheering for the CHISOX. It's a fool's paradise,https://bsky.app/profile/did:plc:hwsdbvu6jrbx5wag5z4xrppy/post/3lzpcmur7e22g,2025-09-26T01:24:29.549000+00:00,ChiSox,84
bluesky_post,bluesky,rstevens1973.bsky.social,Just a little assistance this series from the chisox would be appreciated,https://bsky.app/profile/did:plc:yo7h5rf5x464bf4qt3lxiuld/post/3lzpcagizus24,2025-09-26T01:17:32.950000+00:00,ChiSox,73
bluesky_post,bluesky,junkcardboggs.bsky.social,"The White Sox and Ozzie Guillen go together like black pinstripes and gothic lettering. The shortstop won rookie of the year, a Gold Glove, and was a 3x All Star. He was a ChiSox player for 13 seasons and manager for eight. 98 Topps was released before Guillen, snowconing a pop-up, signed with BAL.",https://bsky.app/profile/did:plc:4qt5n23sqahalsgnnklrauf7/post/3lzomllnkh32g,2025-09-25T18:50:04.951000+00:00,ChiSox,299
bluesky_post,bluesky,dumb-baseball.bsky.social,"Yanks steamroll ChiSox 8-1—Judge puts on a clinic with 3 knocks and 2 runs. Humidity’s thicker than catcher’s mitts, half the crowd’s shirtless, and there’s a dog eating nachos in 203. Another weird, wild night in the Bronx, baby.",https://bsky.app/profile/did:plc:g75wk2ee6gt5exre33oiz5gf/post/3lzmubzzaqa22,2025-09-25T02:02:33.952000+00:00,ChiSox,230
bluesky_post,bluesky,flightsimgeek.bsky.social,"Go ChiSox. (Heh. . heheheehehe, I sound mad.)",https://bsky.app/profile/did:plc:4coy4d6maxrbjx6f2q52zuy6/post/3lzmmhxe6nk2j,2025-09-24T23:42:43.149000+00:00,ChiSox,45
bluesky_post,bluesky,howardwb.bsky.social,Easy when you play the ChiSox,https://bsky.app/profile/did:plc:zdikhp4ip6okyw5p2rcxmvf3/post/3lzkhe74jj22x,2025-09-24T03:05:48.804000+00:00,ChiSox,29
bluesky_post,bluesky,amandadianem.bsky.social,Thanks for nothing Chisox,https://bsky.app/profile/did:plc:sth2jybkorvflyi5uq4zcoat/post/3lzkdqlqkdc2n,2025-09-24T02:01:09.406000+00:00,ChiSox,25
bluesky_post,bluesky,cbdc1.bsky.social,I have no idea who the Chisox closer is but please let him have the 9th inning of his presumably (young?) career! #wearebluejays,https://bsky.app/profile/did:plc:kvozo2wtnp4c525pjvykt2cf/post/3lzkcsoeslc25,2025-09-24T01:44:25.706000+00:00,ChiSox,128
bluesky_post,bluesky,taoofstieb.bsky.social,Go ChiSox. Boo BoSox.,https://bsky.app/profile/did:plc:hzywjirsko3s4bgnvwbchbvr/post/3lzk7h5h7qk2m,2025-09-24T00:44:17.407000+00:00,ChiSox,21
bluesky_post,bluesky,nhdan.bsky.social,Minnesota KC Chisox 13 times. Detroit is a paper Tiger. KC went 18-2 at one point early cuz of who they played.,https://bsky.app/profile/did:plc:lbbwzjdbejkqt3u6shych6rr/post/3lzgp22hpyc2m,2025-09-22T15:12:39.103000+00:00,ChiSox,111
bluesky_post,bluesky,shaqapopolis.bsky.social,ChiSox left fielder,https://bsky.app/profile/did:plc:3ik6ve4ak5ofgnvwkkdnftix/post/3lzeqzi4rts2k,2025-09-21T20:42:49.003000+00:00,ChiSox,19
bluesky_post,bluesky,shaqapopolis.bsky.social,There's a dude dressed like a da pope at the ChiSox game,https://bsky.app/profile/did:plc:3ik6ve4ak5ofgnvwkkdnftix/post/3lzeimxta6c2c,2025-09-21T18:12:45.905000+00:00,ChiSox,56
bluesky_post,bluesky,scrubben.bsky.social,don't get me wrong the Pope is still a homophobe and also *gestures at long list of things the church has done wrong* but also a diehard ChiSox fan and being into hip hop electing an American as Pope might be the funniest thing in a bit,https://bsky.app/profile/did:plc:vlb4r55v6vsgcjb5cfbq4mem/post/3lzc6ncgohc2g,2025-09-20T20:08:35.420000+00:00,ChiSox,236
bluesky_post,bluesky,20thbaseball.bsky.social,"Today's TTM return is from former second baseman Jerry Manuel who played 5 years for the Tigers, Expos and Padres. He later managed the White Sox and Mets, winning AL manager of the year in 2000 while managing the ChiSox. #TTM #TTMSuccess #Cardsky",https://bsky.app/profile/did:plc:e74b7wleab6b2cjadwmnbhje/post/3lzc5fwcx3c2g,2025-09-20T19:46:35.307000+00:00,ChiSox,247
bluesky_post,bluesky,confunctionist.bsky.social,"Chicago Marathon today. www.nbcchicago.com/news/sports/... Trump wants us to be violent so he can only fabricate excuses to hurt us. So he defunds transportation to Sox, Cubs, Bears... www.wsj.com/us-news/chic... #BoycottRepublicanBusiness",https://bsky.app/profile/did:plc:3dff64ogtyqcctxcanl4e7fg/post/3m2yq7d6qd22g,2025-10-12T12:46:37.682000+00:00,Sox (Chicago),239
bluesky_post,bluesky,coopincanada.bsky.social,"32 years ago today, Dave Stewart limited the Chicago White Sox to two runs on four hits in 7-1/3 innings to lead the Toronto Blue Jays to a series-clinching victory in Game 6 of the 1993 American League Championship Series.",https://bsky.app/profile/did:plc:ml72j26qq4or4ksapi3vw7x7/post/3m2yo67mj4s2c,2025-10-12T12:10:17.281000+00:00,Sox (Chicago),223
bluesky_post,bluesky,chisoxbookworm.bsky.social,Today's White Sox grid,https://bsky.app/profile/did:plc:4w5q2fwxwgrglynzrvytdyfi/post/3m2yhgm3ouk2y,2025-10-12T10:09:39.480000+00:00,Sox (Chicago),22
bluesky_post,bluesky,whitesox.homegame.today,"Chicago White Sox — No, the next game at Guaranteed Rate Field is scheduled for Apr 2, 2026.",https://bsky.app/profile/did:plc:6xmiwari76ljqzfjt5ealqgo/post/3m2ydsbwwkf2t,2025-10-12T09:04:34.982000+00:00,Sox (Chicago),92
bluesky_post,bluesky,rogersparkman.bsky.social,"Two big losses in my life today. Cubs Baseball game was the lesser. RIP Tony Fitzpatrick, Sox fan and unparalleled Chicago artist, poet, actor, and person. Condolences to his family and everyone who loved him.",https://bsky.app/profile/did:plc:vm3iepy54hjyq3tnrnc5xje4/post/3m2xpzjgiuc27,2025-10-12T03:10:42.382000+00:00,Sox (Chicago),209
bluesky_post,bluesky,rawmlb.bsky.social,"U of I pulls its tech hub out of The 78; developer suggests White Sox, Fire stadiums instead https://www.rawchili.com/mlb/375425/ We break down complex business news to help you understand how money moves in Chicago and how it…",https://bsky.app/profile/did:plc:lgxwokjfnegutejxknkdpqwj/post/3m2xphc5v3t2y,2025-10-12T03:00:30.782000+00:00,Sox (Chicago),227
bluesky_post,bluesky,jpitts.bsky.social,Andrew Vaughan is so glad right now the Chicago White Sox traded him to the Milwaukee Brewers.,https://bsky.app/profile/did:plc:mnv2pryxdr7lysqiydewyk6b/post/3m2xp3yskw22v,2025-10-12T02:54:11.681000+00:00,Sox (Chicago),94
bluesky_post,bluesky,theadamzone.xyz,"Pope Leo confirms his blessing only extends to the Sox, not Chicago baseball as a whole",https://bsky.app/profile/did:plc:zsa4cjfsl556bv26v3qvqt3e/post/3m2xoobujbs26,2025-10-12T02:46:31.485000+00:00,Sox (Chicago),87
bluesky_post,bluesky,rawmlb.bsky.social,"Today in Chicago White Sox History: October 11 https://www.rawchili.com/mlb/375320/ 1899The new American League was formed, in Chicago. The city didn’t have a team in the league at…",https://bsky.app/profile/did:plc:lgxwokjfnegutejxknkdpqwj/post/3m2xky5zwls26,2025-10-12T01:40:28.786000+00:00,Sox (Chicago),181
bluesky_post,bluesky,goodcitizen.bsky.social,"I technically cannot root for the Cubs. I lived in Chicago from 92-99 and was based South of Madison, ergo, Sox fan. However, in light of current events, and the fact that the Sox aren’t there, go Cubs *ouch ouch - stop it goddammit *",https://bsky.app/profile/did:plc:u4fhzjpft32owhd3y25dp7ul/post/3m2xismdwvc2i,2025-10-12T01:01:34.382000+00:00,Sox (Chicago),234
bluesky_post,bluesky,kamunt.lol,I'm a White Sox fan but I'm rooting for the Cubs because fuck y'all no one can make fun of Chicago except US,https://bsky.app/profile/did:plc:3hpj4gwwjbu4b3tz665n5m6x/post/3m2xhlqe7ac2k,2025-10-12T00:39:49.880000+00:00,Sox (Chicago),108
bluesky_post,bluesky,rawmlb.bsky.social,Tennessee baseball signee Billy Carlson selected by White Sox in 2025 MLB Draft https://www.rawchili.com/mlb/375158/ Tennessee baseball signee Billy Carlson was drafted No. 10 overall by the Chicago White Sox in the first round of the 2025 MLB Draft…,https://bsky.app/profile/did:plc:lgxwokjfnegutejxknkdpqwj/post/3m2xd77omi525,2025-10-11T23:21:14.882000+00:00,Sox (Chicago),250
bluesky_post,bluesky,og-emptynester.bsky.social,"Random card from my collections. Paul Konerko - 2003 Upper Deck 40-Man #306, Chicago White Sox. Purchased on Sportlots for $.18 in December of 2020. I currently have 799 cards of PK in my collections.",https://bsky.app/profile/did:plc:xntxtgxt652awjd33bbdwbkp/post/3m2xae5symc2x,2025-10-11T22:30:22.287000+00:00,Sox (Chicago),200
bluesky_post,bluesky,aspwriter85.bsky.social,"I actually had to look it up because I couldn't remember. Red Line Howard, Loyola, Granville, Bryn Mawr, Berwyn, Argyle, Lawrence, Wilson, Addison, Belmont, Fullerton, Clark/Division, Chicago, Grand, Lake, Jackson, Roosevelt, Chinatown, Sox-35th, 47th, Garfield, 63rd, 69th, 79th, 87th, 95th.",https://bsky.app/profile/did:plc:cqocs44k3orvj6f4niz5s2p5/post/3m2x7rmhouc2i,2025-10-11T22:19:57.280000+00:00,Sox (Chicago),292
bluesky_post,bluesky,joshonthesound.bsky.social,"I was 100% this man, tensely rocking back and forth in my living room experiencing a mixture of joyous possibility & utter despair",https://bsky.app/profile/did:plc:3ulmfwtet2ux7liwmgggedpp/post/3m2zqxoxvw22d,2025-10-12T22:32:55.879000+00:00,Tigers,130
bluesky_post,bluesky,brucecoffman.bsky.social,Raiders! Seahawks! Patriots! Lions! Tigers! Bears! Oh my!,https://bsky.app/profile/did:plc:w5zmqksx4hzyr5ek553hk4yo/post/3m2zqnhdvn22s,2025-10-12T22:27:10.779000+00:00,Tigers,57
bluesky_post,bluesky,brucecoffman.bsky.social,Raiders! Seahawks! Patriots! Lions! Tigers! Bears! Oh my!,https://bsky.app/profile/did:plc:w5zmqksx4hzyr5ek553hk4yo/post/3m2zqme6c422s,2025-10-12T22:26:34.283000+00:00,Tigers,57
bluesky_post,bluesky,hubieb.bsky.social,"Lotta lions, tigers, and wildcats out there. Ain’t but one Blazer",https://bsky.app/profile/did:plc:kivdlpywzjt2fmlt6c7h7zwg/post/3m2zq6hyjbs2v,2025-10-12T22:18:47.778000+00:00,Tigers,65
bluesky_post,bluesky,twsnsports.bsky.social,"Detroit Tigers Signing Dylan Cease in MLB Free Agency With MLB Free Agency approaching, the Detroit Tigers should be starting to look at how they can capitalize on this opportunity. One pitcher that would be a fantastic signing for the Tigers is Dylan Cease. Now the signing isn’t going to come…",https://bsky.app/profile/did:plc:6ouqw3agrcudn733au3xg5iv/post/3m2zpbniqcg2m,2025-10-12T22:02:40.683000+00:00,Tigers,295
bluesky_post,bluesky,rawmlb.bsky.social,"Tarik Skubal’s stern post-elimination comments could mean one of two things to Tigers https://www.rawchili.com/mlb/376649/ For the Detroit Tigers, who ended their decade-long playoff drought last season, making the postseason has now become…",https://bsky.app/profile/did:plc:lgxwokjfnegutejxknkdpqwj/post/3m2zp63cbdv2p,2025-10-12T22:00:40.883000+00:00,Tigers,241
bluesky_post,bluesky,scottdunsmore.bsky.social,"I wish they had misspelled ""Tigers,"" actually.",https://bsky.app/profile/did:plc:rhhgezw7wfv6okoddp42v5li/post/3m2zozotsts2u,2025-10-12T21:58:14.578000+00:00,Tigers,46
bluesky_post,bluesky,lsufootball-mirror.bsky.social,The throw. The catch. The call of the game is the TD to help the Tigers retake the lead.,https://bsky.app/profile/did:plc:ww5gj47woana45bysnl4fzik/post/3m2zp3tlksy25,2025-10-12T21:59:26.288000+00:00,Tigers,88
bluesky_post,bluesky,scottdunsmore.bsky.social,"So, I use the free version of Outlook on my laptop for emails, and they place ads at the top of the inbox every time I open it. This was the ad that just showed up. See if you can figure out all the things wrong with it. Here's a hint: I live in San Diego.",https://bsky.app/profile/did:plc:rhhgezw7wfv6okoddp42v5li/post/3m2zovcglnc2e,2025-10-12T21:55:48.882000+00:00,Tigers,256
bluesky_post,bluesky,howlingstoday.bsky.social,"Bridgeport Gains Point in 3-2 Overtime Loss to Bruins on Home Opener By: Jason Shaya, Bridgeport Islanders Bridgeport, CT – The Bridgeport Islanders opened their 25th season with a nod to their past, skating in their classic Sound Tigers throwback jerseys before a howlings.net/2025/10/12/i...",https://bsky.app/profile/did:plc:ouujstbij2tcm6qiowjs7wwl/post/3m2zouj6ulz2i,2025-10-12T21:55:19.784000+00:00,Tigers,293
bluesky_post,bluesky,canadianwording.bsky.social,"Prediction for the series that starts tonight? I'll be bold, and say Jays in 5 Seattle is a good team, but Jays are a little better. Plus it feels like Toronto has had both a little rest and momentum, a good combination. Also, the Mariners are coming off a draining series against the Tigers.",https://bsky.app/profile/did:plc:gbncnf6f7qexgao43tkrq543/post/3m2zoqhmyyk2k,2025-10-12T21:53:05.084000+00:00,Tigers,292
bluesky_post,bluesky,myhandsareblank.bsky.social,🫵 Tigers Fan,https://bsky.app/profile/did:plc:c5g7y6y4rnezpr77juo7ska2/post/3m2zoobnfys2e,2025-10-12T21:51:50.583000+00:00,Tigers,12
bluesky_post,bluesky,topazmcgonagall.bsky.social,"""With their bagpipes playing, and one ringing cheer, And the 42nd soon did the trenches clear; Then hand to hand they did engage, And fought like tigers in a cage."" 'The Battle of Tel-el-Kebir', 1882",https://bsky.app/profile/did:plc:wfc5imlprxjtv7yt2dbxyncv/post/3m2zolg5m6k2i,2025-10-12T21:50:14.580000+00:00,Tigers,199
bluesky_post,bluesky,thehipbarista.bsky.social,"At the absolute very least the Tigers need to fire the hitting couch. The entire Tigers offense can be stifled by just hurling off speed pitches low and outside. Hitting couch has to go. Also I doubt they’re gonna deal Torres, Greene, or Tork, but there cannot be many more chances for them.",https://bsky.app/profile/did:plc:m32ys2tuk6ggbsxl2dcn7io4/post/3m2zoev6m6c26,2025-10-12T21:46:35.680000+00:00,Tigers,291
bluesky_post,bluesky,martysattic2024.bsky.social,Harriet Kelsall Tigers Eye and Turquoise Double Strand Necklace with Large Formed Turquoise Chip Pendant-Beautiful Polished Tigers Eye Beads www.etsy.com/listing/4311...,https://bsky.app/profile/did:plc:6yxns5xgd73d2ed6dxlckb3f/post/3m2znwsqsxk2c,2025-10-12T21:38:53.183000+00:00,Tigers,169
bluesky_post,bluesky,swisshockeynews.bsky.social,NATIONAL LEAGUE | The Tigers want to extend with Luca Boltshauser and Julian Schmutz #SCLTigers https://swisshockeynews.ch/en/shn/men/swiss-hockey/nl/the-tigers-want-to-extend-with-luca-boltshauser-and-julian-schmutz?utm_medium=social,https://bsky.app/profile/did:plc:l6qzpkvajnjrjvpb5swikk3e/post/3m2znfloo4n2k,2025-10-12T21:29:05.383000+00:00,Tigers,234
bluesky_post,bluesky,martysattic2024.bsky.social,"Southwest Tigers Eye, Red Coral & Silver Beaded Necklace w/Center Two Sided Bead, Native American Design Necklace w/Matching Dangle Earrings www.etsy.com/listing/4357...",https://bsky.app/profile/did:plc:6yxns5xgd73d2ed6dxlckb3f/post/3m2zn2djkbs2c,2025-10-12T21:22:56.382000+00:00,Tigers,169
bluesky_post,bluesky,rawmlb.bsky.social,"Tigers predicted to offer two-years, $30 million to $66 million two-time All-Star to upgrade from Zach McKinstry https://www.rawchili.com/mlb/376603/ The Detroit Tigers’ brutal exit from the playoffs will hopefully make them target one thing this offseason: more…",https://bsky.app/profile/did:plc:lgxwokjfnegutejxknkdpqwj/post/3m2zmxehelq2y,2025-10-12T21:21:07.976000+00:00,Tigers,263
bluesky_post,bluesky,yorweerd.bsky.social,Tigers Stadium for 21st birthday. So saddened to find their beer was Blue Light.,https://bsky.app/profile/did:plc:xz232t56y737sttwvocg4rew/post/3m2zlxmdvkk24,2025-10-12T21:03:22.883000+00:00,Tigers,80
bluesky_post,bluesky,nbcboston.com,The Tigers star died on April 12 by suicide as prosecutors were pushing a case against him for allegedly causing the fatal pileup in December 2024. on.nbcboston.com/0832Ocd,https://bsky.app/profile/did:plc:kscp4jlgwif7ye2pff3ljwvt/post/3m2zlf3rkkp2m,2025-10-12T20:53:01.385000+00:00,Tigers,172
bluesky_post,bluesky,andrewkrycek.bsky.social,Bear vs Shark Minus the Bear + Tigers Jaw(Jawbreaker),https://bsky.app/profile/did:plc:7zxl3fchkc5wsr3fnddbq6tu/post/3m2zkzlyo5c2x,2025-10-12T20:46:34.001000+00:00,Tigers,53
bluesky_post,bluesky,protest2025bot.bsky.social,Auburn head coach Hugh Freeze on the Tigers' 20-10 loss to Georgia - YouTube New 322K views · 14:37 · Go to channel. Trump is TERRIFIED as NO KINGS PROTEST GETS BIGGER. MeidasTouch New 129K views · 23:18 · Go to channel https://www.youtube.com/watch?v=zCciM9rWXxE #HandsOff #NoKings,https://bsky.app/profile/did:plc:qxyzwo6uvxbtsh4spdxzec3q/post/3m2zkzkim6g2d,2025-10-12T20:46:33.979000+00:00,Tigers,282
bluesky_post,bluesky,johannespjelkavik.bsky.social,Ukraina kan bare forsvare seg med våpen Putin har godkjent - kan det være så vanskelig å forstå? bsky.app/profile/atru...,https://bsky.app/profile/did:plc:tps25e22vsmwwu3lj5bahhtf/post/3m2zrl4xf2c2m,2025-10-12T22:43:47.080000+00:00,DET,121
bluesky_post,bluesky,blueskai.bsky.social,Spennende å se hva den nye generasjonen med barn planlegger. Erfaringsmessig kan det bli mye sprell.,https://bsky.app/profile/did:plc:bwzq645nhrm2py5bm7gvc2vf/post/3m2zrjbonqc2h,2025-10-12T22:42:44.584000+00:00,DET,100
bluesky_post,bluesky,norrlandsgull.bsky.social,det hade varit billigare om jag bara hade köpt smycken jag tycker är fina istället för att envisas med att göra dom,https://bsky.app/profile/did:plc:5645spg47jog72ucjq3spe3x/post/3m2zrj5yta22s,2025-10-12T22:42:41.179000+00:00,DET,115
bluesky_post,bluesky,mathiasced.bsky.social,Det är något visst med The National.,https://bsky.app/profile/did:plc:3sxeuuvtargjmqvafkjeblb7/post/3m2zrckebkc2f,2025-10-12T22:39:01.777000+00:00,DET,36
bluesky_post,bluesky,kakestykke.bsky.social,Kan du gi et lite miniforedrag for oss som ikke har peiling? Mener du at SS er et dust konsept fordi det ikke tar med i beregning hva kvinner må gjøre/føler seg tvunget til å gjøre for egen overlevelses skyld i truende situasjoner med menn som overgripere? Eller...?,https://bsky.app/profile/did:plc:dd4kaxeqxq4re3vvfr75nig2/post/3m2zrbaiw6c2u,2025-10-12T22:38:17.282000+00:00,DET,266
bluesky_post,bluesky,matsbrekke.bsky.social,"Har følelsen (uten å vite det) at størsteparten av inkassosaker er forbruksgjeld av typen kjøp nå, betal senere og Klarna og den type ting. Jeg har ikke noen problemer med å fortelle voksne folk at de faktisk ikke har råd til den TVen de ønsker seg",https://bsky.app/profile/did:plc:43t3zvm3lixixcijq3sy2ti5/post/3m2zrb5lrpc22,2025-10-12T22:38:11.386000+00:00,DET,248
bluesky_post,bluesky,psnyheter.bsky.social,Sveriges Radio: Då hettade det till i debatten https://www.sverigesradio.se/artikel/9067174,https://bsky.app/profile/did:plc:kgnzbfjsw2zn3ewebea3iqaq/post/3m2zr7tyovw2r,2025-10-12T22:37:27.882000+00:00,DET,91
bluesky_post,bluesky,gyakuhonyaku.bsky.social,それが理由です (Det är därför),https://bsky.app/profile/did:plc:f3hksnkwbt37rti44ona5gva/post/3m2zqxwgud62n,2025-10-12T22:33:02.077000+00:00,DET,23
bluesky_post,bluesky,marith.bsky.social,"Har sett to memes som er lagd av nazister på feeden min i dag delt av folk som ikke er nazister, men som likevel syns det var en god idé å dele dem for.... hvem vet.",https://bsky.app/profile/did:plc:hidubqdm4ia2pyipqvvzibhf/post/3m2zqxatxys2b,2025-10-12T22:32:39.281000+00:00,DET,165
bluesky_post,bluesky,no-nyheter.bsky.social,"Sommertid, Stille klokken | Ny forskning viser at sommertid kan gjøre deg syk https://www.europesays.com/no/59016/ Om noen ukers tid er det slutt på sommertid. 26. oktober skal klokken stilles én time tilbake. Nå…",https://bsky.app/profile/did:plc:7j7mitnqv6nrtjjqc7g4fnop/post/3m2zqx7pjkr2b,2025-10-12T22:32:38.577000+00:00,DET,213
bluesky_post,bluesky,no-nyheter.bsky.social,"Nyheter, Vær | Nordlys i Bergen: – Akkurat nå er vi heldige https://www.europesays.com/no/59028/ Søndag kveld har BA fått tips om nordlys i Bergen. – Ja, det stemmer, sier Steinar Skare. Han…",https://bsky.app/profile/did:plc:7j7mitnqv6nrtjjqc7g4fnop/post/3m2zqwkcdyi2p,2025-10-12T22:32:16.182000+00:00,DET,191
bluesky_post,bluesky,no-nyheter.bsky.social,Røper detaljer fra Netflix-innspilling: – Det stemmer ikke! https://www.europesays.com/no/59030/ Kort fortalt Niklas og Karin Agilds forhold utviklet seg raskt fra flørt til ekteskap og graviditet etter å…,https://bsky.app/profile/did:plc:7j7mitnqv6nrtjjqc7g4fnop/post/3m2zqwgtth52i,2025-10-12T22:32:12.581000+00:00,DET,205
bluesky_post,bluesky,no-nyheter.bsky.social,"– Det er en fantastisk følelse https://www.europesays.com/no/59032/ Duften av hjemmelagede fiskekaker, nybakt brød og ferske sveler sitter i ryggraden. Hjemme hos Terje Sporsems (49) farmor…",https://bsky.app/profile/did:plc:7j7mitnqv6nrtjjqc7g4fnop/post/3m2zqwd23wv2i,2025-10-12T22:32:09.079000+00:00,DET,190
bluesky_post,bluesky,no-nyheter.bsky.social,Oljeprisen dundrer ned under handelskrigen: – Blir som en kork på havet https://www.europesays.com/no/59034/ De siste dagers eskalering av handelskonflikten mellom USA og Kina gjør det svært vanskelig å si hvor oljeprisen…,https://bsky.app/profile/did:plc:7j7mitnqv6nrtjjqc7g4fnop/post/3m2zqwa353b2b,2025-10-12T22:32:04.988000+00:00,DET,222
bluesky_post,bluesky,elarsen.bsky.social,"Nej, hvor er det sjavt! Hvem fandt dog på det? 10 point for forsøget - 0 point for udførelse.",https://bsky.app/profile/did:plc:r5uovgbynfoz7g4dshded5ya/post/3m2zqug7y7224,2025-10-12T22:31:04.477000+00:00,DET,93
bluesky_post,bluesky,blueskai.bsky.social,Tipper at det er noen i Storbritannia og Frankrike nå som er i ferd med å komme ut av herskapet.,https://bsky.app/profile/did:plc:bwzq645nhrm2py5bm7gvc2vf/post/3m2zqteejcc2h,2025-10-12T22:30:28.978000+00:00,DET,96
bluesky_post,bluesky,smlx4.mastodon.nu.ap.brid.gy,"Ja där ser man - att fara fram med sanningen är inte ett vad denna regering sysslar med, det gynnar inte deras politik. Den vanligaste socialbidragstagaren är en barnlös ensamstående man & inte vad Tidöregeringen prånglat ut under de senaste veckorna. #regeringen #svpol #politik",https://bsky.app/profile/did:plc:iliqii3ngkk4srnjzi3mosgn/post/3m2zqt2ueqjm2,2025-10-12T22:30:40.079000+00:00,DET,279
bluesky_post,bluesky,opsahle.bsky.social,Hva for et ord er det? 🤷🏻‍♂️,https://bsky.app/profile/did:plc:a4jdaybelqehiwjj7wn2lyne/post/3m2zqssonus2t,2025-10-12T22:30:11.282000+00:00,DET,28
bluesky_post,bluesky,holtenher.bsky.social,"Det finst absolutt ingen som skjønnar alt. 😅 Eg veit ikkje heilt om det vr- trikset utgjer så stor skilnad åleine, akkurat, for så mange ord er det vel ikkje tale om. Men det er ikkje tvil om at dialekta mi har hjelpt meg mykje med norrøntlesing. I tillegg til ordbok og grammatiske analyseverkty.",https://bsky.app/profile/did:plc:fev3fvv7zok5w5mcdeqoyrcn/post/3m2zqotxm5s2x,2025-10-12T22:27:53.182000+00:00,DET,297
bluesky_post,bluesky,migsjalv.bsky.social,"Ja där ser man - att fara fram med sanningen är inte ett vad denna regering sysslar med, det gynnar inte deras politik. Den vanligaste socialbidragstagaren är en barnlös ensamstående man & inte vad Tidöregeringen prånglat ut under de senaste veckorna.",https://bsky.app/profile/did:plc:aonqvgxi42mieag5wxf5rh4u/post/3m2zqooeesk2c,2025-10-12T22:27:58.093000+00:00,DET,251
bluesky_post,bluesky,fornuften22.bsky.social,Mange forstår hva du driver med her. Du dikter opp og lager påstander om hva andre mener og tenker. Du fortsetter dine avsporinger og dine avsporingsforsøk. Du flykter desperat bort fra det som er saken nå. Saken nå er Fredsprisen og tildelingen i 2025. Å vinne Fredsprisen er en vinnersituasjon.,https://bsky.app/profile/did:plc:jjbv3iagrgt52h53cdggsrc4/post/3m2zqmdxt322q,2025-10-12T22:25:58.581000+00:00,DET,296
bluesky_post,bluesky,brodersen.dk,"3. forsøge at kuppe DK-Hostmaster ved udbud for 15 år siden med en model, som netop er det, DK-Hostmaster indfører i dag, hvor DNS-udbyderne har fuld kontrol over kundens domæne, og hvor de gemte sig bag et professionelt markedsføringsselskab. 4. drive sexistisk markedsføring. Det var ikke kønt.",https://bsky.app/profile/did:plc:vrddsstmimklcljsu3kf7jkl/post/3m2zqjz2l5s2i,2025-10-12T22:25:23.718000+00:00,DET,296
bluesky_post,bluesky,brodersen.dk,"QuickDNS findes allerede og er noget rarere end det gamle GratisDNS, som folk måske har en rosenrød opfattelse af: De formåede at 1. være Danmarkshistoriens største kommercielle spammere (med uopfordret salgstilbud) på det tidspunkt. 2. ekstremt nedladende over for deres brugere. [..]",https://bsky.app/profile/did:plc:vrddsstmimklcljsu3kf7jkl/post/3m2zqjytcqc2i,2025-10-12T22:25:23.684000+00:00,DET,285
bluesky_post,bluesky,bastorpentonit.bsky.social,"Och låtsas nu inte om att ert parti aaaaaaaldrig skulle tala om ""bussning""; det är ni flera i Tidölaget som gör. Alltså inte enbart Hustrumisshandlarpartiet Koncentrationslägersentusiasterna (Kostym)!",https://bsky.app/profile/did:plc:lj3lpmahb3camabaf4ewltp5/post/3m2zqigzeus27,2025-10-12T22:24:24.115000+00:00,DET,200
bluesky_post,bluesky,martinoberg.bsky.social,Tycker din arbetsgivare borde begripa det.,https://bsky.app/profile/did:plc:hpn2fqfoyv4lsmlklbuecdgt/post/3m2zqhomohc2s,2025-10-12T22:23:56.780000+00:00,DET,42
bluesky_post,bluesky,lonelynation.bsky.social,Oh right. I wore a Detroit hat the other day and my doctor thought I was a Tigers fan. I had no clue about the playoffs we're in so did we win Friday night or we disappoint?,https://bsky.app/profile/did:plc:eeaxruq5tl6ax3tbof6f4hti/post/3m2zkpktg3225,2025-10-12T20:40:59.478000+00:00,Detroit Tigers,173
bluesky_post,bluesky,rawmlb.bsky.social,Tigers Critical Free Agent Signing Interested in Returning After Huge Season https://www.rawchili.com/mlb/376554/ The Detroit Tigers have just suffered an absolutely heartbreaking playoff exit by being on the wrong end of…,https://bsky.app/profile/did:plc:lgxwokjfnegutejxknkdpqwj/post/3m2zkopbefq2c,2025-10-12T20:40:30.189000+00:00,Detroit Tigers,222
bluesky_post,bluesky,jmiloch.bsky.social,What could this be? Bad Boys Pistons? 2004 Pistons? 0-16 Lions? Barry Sanders? 1984 Detroit Tigers?,https://bsky.app/profile/did:plc:lwoboqpvy3gt6bj7psgq4nbd/post/3m2zjqqcsr22s,2025-10-12T20:23:44.382000+00:00,Detroit Tigers,99
bluesky_post,bluesky,scott-christy.bsky.social,"Mariners are a regional team, hence the moose. But I would point out there are no tigers in Detroit or giants in San Fransisco.",https://bsky.app/profile/did:plc:vt5wpflcmggrit5mcnqtm7ud/post/3m2zgc6dg6k2l,2025-10-12T19:21:54.477000+00:00,Detroit Tigers,127
bluesky_post,bluesky,rawmlb.bsky.social,"Tigers’ Kerry Carpenter joins Babe Ruth in postseason history with insane stat https://www.rawchili.com/mlb/376449/ After a long 15-inning game between the Detroit Tigers and the Seattle Mariners, the home team came out…",https://bsky.app/profile/did:plc:lgxwokjfnegutejxknkdpqwj/post/3m2zg7urls22y,2025-10-12T19:20:37.584000+00:00,Detroit Tigers,220
bluesky_post,bluesky,rawmlb.bsky.social,"Jack Flaherty gave the Tigers what Cardinals fans were begging for all along https://www.rawchili.com/mlb/376423/ The Detroit Tigers 15-inning marathon loss in Game 5 of the ALDS was a painful one, as players…",https://bsky.app/profile/did:plc:lgxwokjfnegutejxknkdpqwj/post/3m2zf4ezccs26,2025-10-12T19:00:46.382000+00:00,Detroit Tigers,209
bluesky_post,bluesky,rawmlb.bsky.social,"Tigers Infielder’s Mystery Slump Finally Has an Explanation https://www.rawchili.com/mlb/376398/ Getty When the Detroit Tigers’ season ended in heartbreaking fashion against Seattle, Gleyber Torres didn’t just pack up…",https://bsky.app/profile/did:plc:lgxwokjfnegutejxknkdpqwj/post/3m2zdzg5rok26,2025-10-12T18:41:13.581000+00:00,Detroit Tigers,218
bluesky_post,bluesky,zdarlight.bsky.social,bad announcers are the WORST; the announcers in the Seattle-Detroit series were basically just openly rooting for the Tigers. Like if the action on the field was unambiguously good for Seattle they'd just stop talking all together.,https://bsky.app/profile/did:plc:javpbtwy3yigkb7dhicdhk7c/post/3m2zcgafiyk2r,2025-10-12T18:12:39.383000+00:00,Detroit Tigers,231
bluesky_post,bluesky,leemarvinoswald.bsky.social,I first read this as Detroit Tigers and thought too soon.,https://bsky.app/profile/did:plc:ygnnv432gp2dqbacuawcwlwp/post/3m2zc3rekok2j,2025-10-12T18:06:44.781000+00:00,Detroit Tigers,57
bluesky_post,bluesky,rawmlb.bsky.social,Detroit Tigers radio announcer Dan Dickerson uses profanity on broadcast after 15-inning ALDS loss to Seattle Mariners https://www.rawchili.com/mlb/376349/ Longtime Tigers radio announcer Dan Dickerson was “caught dropping an F-bomb into a hot mic” following the club’s…,https://bsky.app/profile/did:plc:lgxwokjfnegutejxknkdpqwj/post/3m2zbrik2mn27,2025-10-12T18:01:00.082000+00:00,Detroit Tigers,270
bluesky_post,bluesky,mi-mags.bsky.social,Happy Sunday Deb💙Detroit Lions for the win even though I love KC💕we need a win after the losses this weekend with the Tigers and Michigan💙love you🥰,https://bsky.app/profile/did:plc:batuhcsy3enmhpby5qi3rbpk/post/3m2zblmnudc2l,2025-10-12T17:57:42.884000+00:00,Detroit Tigers,147
bluesky_post,bluesky,theamericagist.bsky.social,Bryan Woo added to Mariners’ ALCS roster for Blue Jays series The Seattle Mariners are set to take on the Toronto Blue Jays in Game 1 of the ALCS after defeating the Detroit Tigers in the previous round. It marks the first time the club has reached the ALCS since 2001. With championship hopes at…,https://bsky.app/profile/did:plc:b3mxijkjymyu3qxjalek2ugn/post/3m2z7ng6db32j,2025-10-12T17:22:55.482000+00:00,Detroit Tigers,297
bluesky_post,bluesky,rawmlb.bsky.social,"Tigers’ Kyle Finnegan Makes Strong Statement on His Upcoming Free Agency https://www.rawchili.com/mlb/376296/ At the trade deadline back in July, the Detroit Tigers added some key bullpen arms for the stretch…",https://bsky.app/profile/did:plc:lgxwokjfnegutejxknkdpqwj/post/3m2z7kpgdpt2f,2025-10-12T17:21:24.786000+00:00,Detroit Tigers,209
bluesky_post,bluesky,rawmlb.bsky.social,"Best betting apps, sites, promos for 2025 MLB Playoffs: How, where to bet on Mariners vs. Blue Jays on Oct. 12 https://www.rawchili.com/mlb/376218/ The Seattle Mariners won a thrilling Game 5 contest over the Detroit Tigers on Friday in 15 innings,…",https://bsky.app/profile/did:plc:lgxwokjfnegutejxknkdpqwj/post/3m2z326renc27,2025-10-12T16:00:35.588000+00:00,Detroit Tigers,249
bluesky_post,bluesky,rawmlb.bsky.social,"Detroit fan praises Seattle lineup ahead of decisive Game 5 https://www.rawchili.com/mlb/376154/ Hours before the Seattle Mariners and Detroit Tigers face off in a winner-take-all matchup, a member of the…",https://bsky.app/profile/did:plc:lgxwokjfnegutejxknkdpqwj/post/3m2yysx7qce2w,2025-10-12T15:20:45.384000+00:00,Detroit Tigers,205
bluesky_post,bluesky,rawmlb.bsky.social,"Tigers ran out of hits, arms and chances in Game 5 loss to Mariners. It'll burn all winter – Detroit Free Press https://www.rawchili.com/mlb/376162/ Tigers ran out of hits, arms and chances in Game 5 loss to Mariners. It’ll burn all winter Detroit…",https://bsky.app/profile/did:plc:lgxwokjfnegutejxknkdpqwj/post/3m2yysgidnl26,2025-10-12T15:20:27.879000+00:00,Detroit Tigers,248
bluesky_post,bluesky,mi-mags.bsky.social,Good Sunday Morning Friends💕it’s a beautiful day in Michigan 💙Let’s Go Detroit Lions against the Chiefs👏👏let’s go Hutchinson 💙🎶🎶 we have to win after the Tigers and Michigan loss yesterday ugh 😟 sending hugs 🥰and Love 🌹💙🎶🎶,https://bsky.app/profile/did:plc:batuhcsy3enmhpby5qi3rbpk/post/3m2yxeaolws2t,2025-10-12T14:54:38.584000+00:00,Detroit Tigers,222
bluesky_post,bluesky,tmsnxdetroit.bsky.social,Tigers’ 1B Spencer Torkelson after Detroit was eliminated by Seattle in Game 5 of the ALDS. #Tigers | #RepDetroit,https://bsky.app/profile/did:plc:wua7a7bsav6c2uvx3lljfvdd/post/3m2ywsepthk2l,2025-10-12T14:44:40.484000+00:00,Detroit Tigers,113
