entity_type,matched_player,matched_keyword,source,subreddit,author,text,permalink,created_utc
player,A. J. Hinch,A. J. Hinch,reddit_post,baseball,pixieSteak,Postseason Managerial Report Cards: Aaron Boone and A.J. Hinch,https://reddit.com/r/baseball/comments/1o7ktht/postseason_managerial_report_cards_aaron_boone/,2025-10-15T19:34:49+00:00
player,A. J. Hinch,A. J. Hinch,reddit_comment,baseball,PsychologicalLynx350,Here before the tigers fans come in to bitch about AJ Hinch like he himself went 0-6 in an elimination game,https://reddit.com/r/baseball/comments/1o7ktht/postseason_managerial_report_cards_aaron_boone/njoh1xl/,2025-10-15T20:04:54+00:00
player,A. J. Hinch,A. J. Hinch,reddit_comment,baseball,pixieSteak,[Archive link](https://archive.ph/FEtXK),https://reddit.com/r/baseball/comments/1o7ktht/postseason_managerial_report_cards_aaron_boone/njobipo/,2025-10-15T19:37:22+00:00
player,A. J. Hinch,A. J. Hinch,reddit_comment,baseball,TheZooBoy,"As someone who believes that Aaron Boone is actually a good manager, seeing this is so vindicating.",https://reddit.com/r/baseball/comments/1o7ktht/postseason_managerial_report_cards_aaron_boone/njoekbr/,2025-10-15T19:52:36+00:00
player,A. J. Hinch,A. J. Hinch,reddit_comment,baseball,stereoreal2,"I thought Hinch managed super well against the Mariners, but every time I saw Tigers fans posting, they said he was horrible. So I have no clue.",https://reddit.com/r/baseball/comments/1o7ktht/postseason_managerial_report_cards_aaron_boone/njozwss/,2025-10-15T21:43:01+00:00
player,A. J. Hinch,A. J. Hinch,reddit_comment,baseball,wxyz51,The only thing I disagree with is praising Hinch for keeping Jones & Perez on the bench all 15 innings. Jones had been getting big hits this postseason and Perez was a staple of our lineup all season. I would have liked him replacing Keith and Meadows once they showed they weren't getting it done that game.,https://reddit.com/r/baseball/comments/1o7ktht/postseason_managerial_report_cards_aaron_boone/njohfpr/,2025-10-15T20:06:50+00:00
player,A. J. Hinch,A. J. Hinch,reddit_comment,baseball,WhyNotOrioles,"I get that Skubal determines how far Skubal can pitch, but one more inning out of him in Game 5 might have made the difference. Instead the bullpen gave up the tying run when asked to bridge Skubal and Vest. Still, when you have 15 innings to score one more run, it's hard to blame pitching decisions that only cost one run.",https://reddit.com/r/baseball/comments/1o7ktht/postseason_managerial_report_cards_aaron_boone/njow0p9/,2025-10-15T21:21:42+00:00
player,A. J. Hinch,A. J. Hinch,reddit_comment,baseball,postal_service3,"Can't agree with Hinch getting an A+ for batting. Outside of Game 4, no one other than Carpenter was able to consistently do any damage. Especially once Game 5 hit extras he should've been throwing every available bat out there to try and generate something. Feel like this article somehow gives him a pass for his lineup going cold and him not doing anything about it other than bumping Carpenter up.",https://reddit.com/r/baseball/comments/1o7ktht/postseason_managerial_report_cards_aaron_boone/njp83jd/,2025-10-15T22:30:11+00:00
player,A. J. Hinch,A. J. Hinch,reddit_comment,baseball,standuptripl3,C+ is generous for Hinch,https://reddit.com/r/baseball/comments/1o7ktht/postseason_managerial_report_cards_aaron_boone/njoce4v/,2025-10-15T19:41:46+00:00
player,A. J. Hinch,A. J. Hinch,reddit_post,Orioles,jawarren1,"Orioles Manager Options - Former World Series Winning Managers Edition I thought it was worth taking a look at the Orioles' options for their next Manager by taking a looking at World Series-winning Managers who are still active in baseball. Personally, I think hiring a Manager who's won a World Series (as a Manager) will help get the Orioles over the hump and get some Postseason wins. |Name|World Series Wins|Current Job| |:-|:-|:-| |Dave Roberts|2020, 2024|Dodgers Manager| |Bruce Bochy|2010, 2012, 2014, 2023|Former Rangers Manager (2025)| |Dusty Baker|2022|Giants Executive| |Brian Snitker|2021|Former Atlanta Manager (2025)| |Dave Martinez|2019|Former Nats Manager (2025)| |Alex Cora|2018|Red Sox Manager| |A.J. Hinch|2017|Tigers Manager| |Joe Maddon|2016|Retired| |Ned Yost|2015|Royals Executive| |John Farrell|2013|Reds Scout| |Tony La Russa|1989, 2006, 2011|Retired| |Joe Girardi|2009|Yankees Broadcaster| |Charlie Manuel|2008|Phillies Executive| |Terry Francona|2004, 2007|Reds Manager| |Ozzie Guillen|2005|White Sox Broadcaster| |Jack McKeon|2003|Retired (94 years old)| |Mike Scioscia|2002|Retired / USA Baseball Manager| |Bob Brenly|2001|Dbacks Broadcaster| |Joe Torre|1996, 1998, 1999, 2000|MLB Executive| |Jim Leyland|1997|Tigers Executive| |Bobby Cox|1995|Retired| |Cito Gaston|1992, 1993|Blue Jays Executive| |Tom Kelly|1987, 1991|Twins Executive| |Lou Piniella|1990|Retired|",https://reddit.com/r/orioles/comments/1o7er1s/orioles_manager_options_former_world_series/,2025-10-15T15:50:28+00:00
player,A. J. Hinch,A. J. Hinch,reddit_comment,Orioles,93195,"Some of those guys are in their 80s, others are currently managers in much more attractive organizations than Baltimore. Besides, chasing past success is no sure formula anyways. Look at the last guy on your list, the 82 year old Lou Piniella. The Mariners hired him in 1993, based on his past success. His Mariners teams had peak Ken Griffey Jr, A-Rod, Edgar Martinez, Randy Johnson and tons of other talent. The 2001 team holds the record for most regular season wins with 116. And none of those teams even went to the World Series, never mind won it. Chasing past success usually doesn’t work. Find someone young, hungry, willing to work their ass off, relates to players and can draw the best out of them.",https://reddit.com/r/orioles/comments/1o7er1s/orioles_manager_options_former_world_series/njn58cr/,2025-10-15T16:08:31+00:00
player,A. J. Hinch,A. J. Hinch,reddit_comment,Orioles,parkedon33rd,Imagine the fan reaction if they hire Cito,https://reddit.com/r/orioles/comments/1o7er1s/orioles_manager_options_former_world_series/njn6dg6/,2025-10-15T16:14:12+00:00
player,A. J. Hinch,A. J. Hinch,reddit_comment,Orioles,UsErNaMeS_aR_DuMb,"Bro, if we actually hired Lou Pinella of all people, I’d honestly watch more games just for the novelty of watching someone try to manage a Major League Baseball team at the goddamned age of 82.",https://reddit.com/r/orioles/comments/1o7er1s/orioles_manager_options_former_world_series/njn8jfe/,2025-10-15T16:25:03+00:00
player,A. J. Hinch,A. J. Hinch,reddit_comment,Orioles,Last13th,Lou and Ozzie are former Orioles! That should be qualification enough. /s,https://reddit.com/r/orioles/comments/1o7er1s/orioles_manager_options_former_world_series/njnzvm8/,2025-10-15T18:39:13+00:00
player,A. J. Hinch,A. J. Hinch,reddit_comment,Orioles,triviajason,lol Jack McKeon is 94!,https://reddit.com/r/orioles/comments/1o7er1s/orioles_manager_options_former_world_series/njn8zrk/,2025-10-15T16:27:19+00:00
player,A. J. Hinch,A. J. Hinch,reddit_comment,Orioles,LetterAggressive6085,"I know next to nothing about Zach Britton, but I can help thinking he could be kind of a “Weaver in 1968” option? Young guy, came up through our system, has managed many of our young core already. I wonder what Adley, Gunnar, et al, would say about ZB behind closed doors.",https://reddit.com/r/orioles/comments/1o7er1s/orioles_manager_options_former_world_series/njngg47/,2025-10-15T17:04:02+00:00
player,A. J. Hinch,A. J. Hinch,reddit_comment,Orioles,Cheap_Concentrate_85,I wonder if the game has passed by Gerardi and Maddon. I want a guy who can develop the core. The o’s need better hitting coaches. I also want our owner to open his wallet and go balls to the wall on pitching.,https://reddit.com/r/orioles/comments/1o7er1s/orioles_manager_options_former_world_series/njnmnbt/,2025-10-15T17:34:02+00:00
player,A. J. Hinch,A. J. Hinch,reddit_comment,Orioles,ryry9379,I just had a heart attack at the thought of hiring Tony La Russa to manage this team.,https://reddit.com/r/orioles/comments/1o7er1s/orioles_manager_options_former_world_series/njsgkfe/,2025-10-16T13:11:05+00:00
player,A. J. Hinch,A. J. Hinch,reddit_comment,Orioles,summerof66,You forgot Ron Washington,https://reddit.com/r/orioles/comments/1o7er1s/orioles_manager_options_former_world_series/njxdrfi/,2025-10-17T05:51:34+00:00
player,A. J. Hinch,A. J. Hinch,reddit_comment,Orioles,JermGlad89,Right so out of this list here are the guys who could be interested in managing again: Bochy - Probably going back to SF if he still wants to manage Dusty - Would probably never mesh with this FO so I think that alone rules him out. Dave Martinez - Meh Joe Girardi - Meh Snitker and Maddon both retired. And everyone else is over 80. So is getting a WS winning manager really a must?,https://reddit.com/r/orioles/comments/1o7er1s/orioles_manager_options_former_world_series/njopsai/,2025-10-15T20:48:58+00:00
player,A. J. Hinch,A. J. Hinch,reddit_comment,Orioles,baltimorecalling,Off of that list? John Farrell.,https://reddit.com/r/orioles/comments/1o7er1s/orioles_manager_options_former_world_series/njn3je1/,2025-10-15T16:00:07+00:00
player,A. J. Hinch,A. J. Hinch,reddit_comment,Orioles,dustinferrare,None of these guys are going to be our next skipper. Bochy is maybe the only one. But I’d love for them to make an offer to Pujols. If not maybe we just stay with Mansalino,https://reddit.com/r/orioles/comments/1o7er1s/orioles_manager_options_former_world_series/nk5w1ao/,2025-10-18T16:31:22+00:00
player,A. J. Hinch,A. J. Hinch,reddit_comment,Orioles,TripsLLL,i like the Luis Rojas interview,https://reddit.com/r/orioles/comments/1o7er1s/orioles_manager_options_former_world_series/njnniv6/,2025-10-15T17:38:14+00:00
player,A. J. Ramos,A. Ramos,reddit_post,SFGiants,NLTCrow,"Hunter Greene - What would it take? Cincinnati Reds beat reporter Mark Sheldon has suggested Hunter Greene may be available as they seek to re-tool the team. They'd be looking for MLB ready bats, not prospects. I believe Casey Schmitt is perhaps the Giants best trade chip this offseason, but the Reds already traded for Gold Glove 3B Ke'Bryan Hayes, and even though he's a worse hitter than Schmitt, only they know how much they'd value Schmitt as an overall upgrade, Schmitt easily has 20 HR potential, especially playing half his games in Great American Ball Park. He hit 12HR this year in just over 300 AB. The Reds seem to need OF help more than in the IF, Ramos and his several years of being cost controlled and not yet arbitration eligible contract would seem to fit what the Reds are looking for. Does a Ramos & Schmitt package get this done? Not enough? Too much? What would it take to bring Greene to SF?",https://reddit.com/r/SFGiants/comments/1o7i9qi/hunter_greene_what_would_it_take/,2025-10-15T18:00:29+00:00
player,A. J. Ramos,A. Ramos,reddit_comment,SFGiants,anglingTycoon,26 year old under control till 2029 and one of better arms in NL…. Doesn’t seem like that’s what you part with in order to “retool”. But I’d imagine reds GM would have to be blacked out to consider Ramos and Schmidt as enough of a package,https://reddit.com/r/SFGiants/comments/1o7i9qi/hunter_greene_what_would_it_take/njnt9rk/,2025-10-15T18:06:01+00:00
player,A. J. Ramos,A. Ramos,reddit_comment,SFGiants,oops_im_wrong,"Greene is one of the best young pitchers in the NL and is on a long term and very reasonable contract, it's going to take a lot more than Ramos and Schmitt to get it done. Reds would probably ask for Eldridge or a combination of Level, Davidson, and Ramos plus more.",https://reddit.com/r/SFGiants/comments/1o7i9qi/hunter_greene_what_would_it_take/njntwzn/,2025-10-15T18:09:16+00:00
player,A. J. Ramos,A. Ramos,reddit_comment,SFGiants,joshross23,"Our fan base typically overvalues our players. There’s no way Ramos and Schmidt get this done. That said, I’d love to have him.",https://reddit.com/r/SFGiants/comments/1o7i9qi/hunter_greene_what_would_it_take/njo2xtb/,2025-10-15T18:54:23+00:00
player,A. J. Ramos,A. Ramos,reddit_comment,SFGiants,bigjeep41,This is braindead,https://reddit.com/r/SFGiants/comments/1o7i9qi/hunter_greene_what_would_it_take/njo0cpx/,2025-10-15T18:41:34+00:00
player,A. J. Ramos,A. Ramos,reddit_comment,SFGiants,passingthepetal2you,Jfc have you seen greenes numbers? It would take Eldridge and then some,https://reddit.com/r/SFGiants/comments/1o7i9qi/hunter_greene_what_would_it_take/njnuzn3/,2025-10-15T18:14:41+00:00
player,A. J. Ramos,A. Ramos,reddit_comment,SFGiants,Wolfish_Jew,"Let me put it this way: Heliot Ramos was worth 1.2bWAR last season. Casey Schmitt was worth 0.6bWAR. Hunter Greene was worth 4.4bWAR. By Fangraphs WAR calculations it was 1.1, 0.7, and 2.9. Those two players together don’t add up to the same value as Greene did in half a season worth of starts. By bbref, they don’t even add up to HALF the value Greene provided last season. I don’t know why you would possibly think they would even move the needle for a guy like Greene, who could be worth 6+ WAR pretty easily in a full season’s worth of starts",https://reddit.com/r/SFGiants/comments/1o7i9qi/hunter_greene_what_would_it_take/njojohz/,2025-10-15T20:18:02+00:00
player,A. J. Ramos,A. Ramos,reddit_comment,SFGiants,Wolfish_Jew,"Lollllll no, Schmitt and Ramos do not get a trade for HUNTER GREENE, a Cy Young type pitcher with three years of team control left, done. I’m genuinely not sure the Giants HAVE enough trade chips to acquire someone like that, but if they did, the package starts with Bryce Eldridge and then includes several other top 10 prospects like Kilen, Davidson, etc. That’s still probably not nearly enough, tbh. There’s zero chance they have any interest in Schmitt, Ramos would be a sell low candidate right now, nobody else among Giants current position players is any combination of young AND interesting.",https://reddit.com/r/SFGiants/comments/1o7i9qi/hunter_greene_what_would_it_take/njog0hd/,2025-10-15T19:59:41+00:00
player,A. J. Ramos,A. Ramos,reddit_comment,SFGiants,kasdfwe,Yeah getting one of the best young arms in the game who has 4 more years of control is going to take much more than that. The package starts with Eldridge and probably Josuar.,https://reddit.com/r/SFGiants/comments/1o7i9qi/hunter_greene_what_would_it_take/njogqko/,2025-10-15T20:03:19+00:00
player,A. J. Ramos,A. Ramos,reddit_comment,SFGiants,ucd_matt,"No way the Reds make that deal. If Greene is actually available, some other team would offer more established/cost controlled players. If you are interested in value - the guys at baseballtradevalues.com have a pretty neat website. I think like 90% of real trades fit their model.",https://reddit.com/r/SFGiants/comments/1o7i9qi/hunter_greene_what_would_it_take/njogu83/,2025-10-15T20:03:50+00:00
player,A. J. Ramos,A. Ramos,reddit_comment,SFGiants,Several_Ad2072,If they're looking for MLB ready bats that rules out the Giants. Unless Devers is a turnaround.,https://reddit.com/r/SFGiants/comments/1o7i9qi/hunter_greene_what_would_it_take/njovlni/,2025-10-15T21:19:25+00:00
player,A. J. Ramos,A. Ramos,reddit_comment,SFGiants,After-Bee-8346,"Giants are better off fighting Scott Boras with his FA pitchers + losing draft pick then trading the farm for Greene. Pretty sure he represents Suarez, Gallen and Cease. And, they'll all get qualifying offers.",https://reddit.com/r/SFGiants/comments/1o7i9qi/hunter_greene_what_would_it_take/njp1spb/,2025-10-15T21:53:23+00:00
player,A. J. Ramos,A. Ramos,reddit_comment,SFGiants,NoEyesForHart,"Oh, so we’re at the part of the offseason where the braindead trade talks are starting to happen. Lovely.",https://reddit.com/r/SFGiants/comments/1o7i9qi/hunter_greene_what_would_it_take/njq7k39/,2025-10-16T02:00:08+00:00
player,A. J. Ramos,A. Ramos,reddit_comment,SFGiants,LugiaPizza,"Ramos is underrated by Giants fans. One for one doesn't get it done because pitchers are harder to come by, but Ramos is a 20+ HR guy in SF batting over .260. I don't know how his numbers play in Cincinnati, but I imagine it would be an improvement. He could easily be a 30 HR guy and perhaps his batting average gets even better in the .280-300 zone. Some Giants fans only see all the negatives, but he has good trade value. The Reds might ask MLB ready pitchers as well. If I was the Reds I would ask for Ramos, Roupp and a couple of their prospects like Josuar Gonzalez and Jacob Bresnahan and perhaps another pitching prospect in their top 30. This is how deals gets done. Bryce Eldridge is an interesting piece, but teams like the numbers game. They want multiple pieces over one big one.",https://reddit.com/r/SFGiants/comments/1o7i9qi/hunter_greene_what_would_it_take/njo4xfh/,2025-10-15T19:04:10+00:00
player,A. J. Ramos,A. Ramos,reddit_comment,SFGiants,Rush101214,Nah that’s not close. Greene is a relatively cheap young pitcher who has the potential to be in the Cy Young running every season. Eldridge would need to headline the package along with other cost controlled MLB talent and/or top prospects. The Reds also just made the Postseason. The likelihood of them trading him away at the moment is pretty low.,https://reddit.com/r/SFGiants/comments/1o7i9qi/hunter_greene_what_would_it_take/njo1mzi/,2025-10-15T18:47:57+00:00
player,A. J. Ramos,A. Ramos,reddit_comment,SFGiants,ZookeepergameDry7946,Deal Ramos I’d need be,https://reddit.com/r/SFGiants/comments/1o7i9qi/hunter_greene_what_would_it_take/njnvacy/,2025-10-15T18:16:10+00:00
player,A. J. Ramos,A. Ramos,reddit_comment,SFGiants,ericthelostman,"Eldridge + Josuar to get in the conversation most likely. Greene is an LA guy, would likely not be thrilled about it. Ramos + Schmitt probably wouldn't even get you Mitch Keller let alone a young controllable ace like Greene.",https://reddit.com/r/SFGiants/comments/1o7i9qi/hunter_greene_what_would_it_take/njqnpir/,2025-10-16T03:50:03+00:00
player,A. J. Ramos,A. Ramos,reddit_comment,SFGiants,meatwagon25,It would take more than anything we have and i can't even believe this is real. Why would they trade one of the best young starting pitchers in MLB under team control for a minimum of 3 more years. Ramos and Schmitt? Are you serious? The Reds would laugh and hang up. Actually they wouldnt even answer the phone. To get H. Greene it would take Bryce Eldridge and a whole lot more that we dont even have. My God this is ridiculous,https://reddit.com/r/SFGiants/comments/1o7i9qi/hunter_greene_what_would_it_take/njs2u5v/,2025-10-16T11:42:44+00:00
player,A. J. Ramos,A. Ramos,reddit_comment,SFGiants,BuySingles,Ramos and a Top 30 Giants prospect.,https://reddit.com/r/SFGiants/comments/1o7i9qi/hunter_greene_what_would_it_take/njtmvuw/,2025-10-16T16:48:54+00:00
player,A. J. Ramos,A. Ramos,reddit_comment,SFGiants,BEETLEJUICEME,"Ramos and Schmitt would probably get the job done… if we also covered both their salaries, **and **included Bryce Eldridge, J Gonzales, and Birdsong. Our farm system doesn’t really have the capacity to trade for Greene. He’s a cost controlled ace and a star who has team control for 4 more years + will get a qualifying offer that’s probably worth at least a 2nd round draft pick down the line. I like Schmitt, but other teams will value him a likely worse than his 2025 season not a guy they expect to be better next year. Ramos is a legit slugger who could still improve, but his defense is bad enough to make his value extremely questionable. Neither of those guys is even in same conversation as Greene. Fangraphs does a conservative WAR/value repute on future seasons for players. They think Greene will be worth ~6.6 fWAR in the next two years. Baseball reference predicts him closer to 9 bWAR. Ramos and Schmitt *together* is ~7.1 fWAR Greene was worth 4.4 bWAR this year and the two of them together were only worth 1.8 bWAR. To put it another way, the two players you’re proposing to trade for Greene were *together*. It even half as valuable as Greene was in 2025. And, of those three players, the one most likely to be better next year than he was this year is Greene himself.",https://reddit.com/r/SFGiants/comments/1o7i9qi/hunter_greene_what_would_it_take/njvj995/,2025-10-16T22:38:09+00:00
player,A. J. Ramos,A. Ramos,reddit_comment,SFGiants,CaliforniaNewfie,"Would take Schmitt + Ramos, and pitchers with a shot of filing Greene's spot in the rotation: maybe Birdsong and Roupp. Or Whisenhunt, Winn and Beck. It's definitely a trade the Giants should look into. Bryce + fringe pitchers (Winn/ Beck / Teng / MaDonald- choose 3) would be a tempting offer to Cincy.",https://reddit.com/r/SFGiants/comments/1o7i9qi/hunter_greene_what_would_it_take/njomp51/,2025-10-15T20:33:13+00:00
player,Aaron Boone,Aaron Boone,reddit_post,baseball,PlayaSlayaX,"[SNY] New York Yankees manager Aaron Boone today when asked whether or not Anthony Volpe would remain the starting SS in 2026: “Yeah, he’s right in the mix to do that.”",https://reddit.com/r/baseball/comments/1o8fgyk/sny_new_york_yankees_manager_aaron_boone_today/,2025-10-16T19:18:07+00:00
player,Aaron Boone,Aaron Boone,reddit_comment,baseball,Leftfeet,"This doesn't mean anything. Of course right now Volpe is in the mix, he's on the roster. The FA period hasn't opened yet even. It's not like Boone was going to say, ""Fuck no. We're looking for any possible SS available to get rid of this chump.""",https://reddit.com/r/baseball/comments/1o8fgyk/sny_new_york_yankees_manager_aaron_boone_today/njui407/,2025-10-16T19:22:07+00:00
player,Aaron Boone,Aaron Boone,reddit_comment,baseball,_baseball,Dude looks like he just came off a bender,https://reddit.com/r/baseball/comments/1o8fgyk/sny_new_york_yankees_manager_aaron_boone_today/njujhr9/,2025-10-16T19:29:02+00:00
player,Aaron Boone,Aaron Boone,reddit_comment,baseball,jecls,🍿,https://reddit.com/r/baseball/comments/1o8fgyk/sny_new_york_yankees_manager_aaron_boone_today/njuhjqg/,2025-10-16T19:19:17+00:00
player,Aaron Boone,Aaron Boone,reddit_comment,baseball,jonginator,I’m perfectly fine with his offensive production if his defense can bounce back. You don’t magically have the yips playing in NY when you were fine before and also lose your defensive prowess that fast. I’m fairly certain that his injury tanked his defense.,https://reddit.com/r/baseball/comments/1o8fgyk/sny_new_york_yankees_manager_aaron_boone_today/njuibom/,2025-10-16T19:23:10+00:00
player,Aaron Boone,Aaron Boone,reddit_comment,baseball,GingerDweeb27,Probably just public posturing to make it seem like they’re not desperate for a trade,https://reddit.com/r/baseball/comments/1o8fgyk/sny_new_york_yankees_manager_aaron_boone_today/njuhssf/,2025-10-16T19:20:33+00:00
player,Aaron Boone,Aaron Boone,reddit_comment,baseball,jddaydreamlook,"Just like that one club Stefan recommended, things about to get Spicy in here.",https://reddit.com/r/baseball/comments/1o8fgyk/sny_new_york_yankees_manager_aaron_boone_today/njuiap4/,2025-10-16T19:23:02+00:00
player,Aaron Boone,Aaron Boone,reddit_comment,baseball,RollofDuctTape,I don’t think they were ever going to say Volpe lost his job. Not sure what people expected. But if you read between the lines you can see they’re noncommittal. Everything is hedged and caveated. Do I think Cashman and Boone are the right people to run the organization? Not a chance. But even if you fired them and hired prime Stick and Torre they wouldn’t have thrown Volpe under the bus.,https://reddit.com/r/baseball/comments/1o8fgyk/sny_new_york_yankees_manager_aaron_boone_today/njuo781/,2025-10-16T19:52:33+00:00
player,Aaron Boone,Aaron Boone,reddit_comment,baseball,oogieball,"""Maybe, lol.""",https://reddit.com/r/baseball/comments/1o8fgyk/sny_new_york_yankees_manager_aaron_boone_today/njuijfp/,2025-10-16T19:24:15+00:00
player,Aaron Boone,Aaron Boone,reddit_comment,baseball,WasV3,"You don't spend FA money on a SS when you have a 2-3 WAR cost controlled SS. Spend it on Tucker (or Belli), a depth starter, and a bullpen that doesn't light games on fire",https://reddit.com/r/baseball/comments/1o8fgyk/sny_new_york_yankees_manager_aaron_boone_today/njuhpma/,2025-10-16T19:20:07+00:00
player,Aaron Boone,Aaron Boone,reddit_comment,baseball,sameth1,"I don't remember ever seeing Boone without a baseball hat and clean shaven before, so I don't recognize this man.",https://reddit.com/r/baseball/comments/1o8fgyk/sny_new_york_yankees_manager_aaron_boone_today/njusr12/,2025-10-16T20:15:01+00:00
player,Aaron Boone,Aaron Boone,reddit_comment,baseball,Either_Imagination_9,"Even if there were good SS options to take, it probably wouldn’t matter. They’ve made it clear they’re not budging on him",https://reddit.com/r/baseball/comments/1o8fgyk/sny_new_york_yankees_manager_aaron_boone_today/njuigf5/,2025-10-16T19:23:49+00:00
player,Aaron Boone,Aaron Boone,reddit_comment,baseball,fluffanuttatech,Gotta fire this guy at this point no?,https://reddit.com/r/baseball/comments/1o8fgyk/sny_new_york_yankees_manager_aaron_boone_today/njup23l/,2025-10-16T19:56:46+00:00
player,Aaron Boone,Aaron Boone,reddit_comment,baseball,bselko,This man has aged quickly as a manager,https://reddit.com/r/baseball/comments/1o8fgyk/sny_new_york_yankees_manager_aaron_boone_today/njv8d27/,2025-10-16T21:35:59+00:00
player,Aaron Boone,Aaron Boone,reddit_comment,baseball,LopsidedKick9149,"In the mix, ooof, that is not what the Volper wanted to hear",https://reddit.com/r/baseball/comments/1o8fgyk/sny_new_york_yankees_manager_aaron_boone_today/njv8f4q/,2025-10-16T21:36:18+00:00
player,Aaron Boone,Aaron Boone,reddit_comment,baseball,monsantobreath,The cut to ensure as the GIF loaded it froze on him mashing fingers into his nostrils is appreciated and elite,https://reddit.com/r/baseball/comments/1o8fgyk/sny_new_york_yankees_manager_aaron_boone_today/njvdb1n/,2025-10-16T22:03:37+00:00
player,Aaron Boone,Aaron Boone,reddit_comment,baseball,werther595,"The team can get by with 85-90 wRC+ offense if they're getting top tier defense at close to league minimum. Heck the Astros were winning rings with Martin Moldonado putting up wRC+ in the 60s. But they need that pristine defense, Volpe won't be cheap much longer, and they should be on the hunt for better options",https://reddit.com/r/baseball/comments/1o8fgyk/sny_new_york_yankees_manager_aaron_boone_today/njvfxpp/,2025-10-16T22:18:51+00:00
player,Aaron Boone,Aaron Boone,reddit_comment,baseball,yellowbumble-B,Never knew Yankee fans moved to SPAIN without the S,https://reddit.com/r/baseball/comments/1o8fgyk/sny_new_york_yankees_manager_aaron_boone_today/njvz1r9/,2025-10-17T00:12:30+00:00
player,Aaron Boone,Aaron Boone,reddit_comment,baseball,CaicedoBrickWall,"Yankees should absolutely sniff around CJ Abrams. Although I personally think it's mad that the Nationals haven't extended him yet. But if they don't want to give him a bag, trade him for a nice little package. Probably get Spencer Jones, Hess and couple of low A projects at minimum.",https://reddit.com/r/baseball/comments/1o8fgyk/sny_new_york_yankees_manager_aaron_boone_today/njupspv/,2025-10-16T20:00:23+00:00
player,Aaron Boone,Aaron Boone,reddit_comment,baseball,,[deleted],https://reddit.com/r/baseball/comments/1o8fgyk/sny_new_york_yankees_manager_aaron_boone_today/njuhkba/,2025-10-16T19:19:22+00:00
player,Aaron Boone,Aaron Boone,reddit_comment,baseball,UsErNaMeS_aR_DuMb,"“And then you add Anthony Volpe to the mix? Your chances of winnin’, DRASTIC GO DOWN!”",https://reddit.com/r/baseball/comments/1o8fgyk/sny_new_york_yankees_manager_aaron_boone_today/njum1l1/,2025-10-16T19:41:52+00:00
player,Aaron Boone,Aaron Boone,reddit_post,baseball,iheartsunny,"[SNY] Aaron Boone does not believe that Anthony Volpe's shoulder injury affected his production this season. When asked if he second-guessed playing Volpe so often given the injury, Boone responds: ""No""",https://reddit.com/r/baseball/comments/1o8aubz/sny_aaron_boone_does_not_believe_that_anthony/,2025-10-16T16:28:54+00:00
player,Aaron Boone,Aaron Boone,reddit_comment,baseball,Important-Net-9805,lol i didn't recognize him at first without a yankees cap on,https://reddit.com/r/baseball/comments/1o8aubz/sny_aaron_boone_does_not_believe_that_anthony/njtkplq/,2025-10-16T16:38:14+00:00
player,Aaron Boone,Aaron Boone,reddit_comment,baseball,Jonjon428,Why does Boone look like he's transforming into Jack Nicholson?,https://reddit.com/r/baseball/comments/1o8aubz/sny_aaron_boone_does_not_believe_that_anthony/njtq9b0/,2025-10-16T17:05:11+00:00
player,Aaron Boone,Aaron Boone,reddit_comment,baseball,TheFestusEzeli,"Volpe is such a weird player because while he isn’t anything special, he would not be a story on literally any other team. A 24 year old having a down year defensively is just a normal thing in baseball, his offensive production is the exact same. Much better players have had worse seasons factoring in defense and baserunning. He wasn’t nearly as bad defensively as perception has him to be. If Jackson Holiday played for the Yankees for example, the same thing would be happening to him. And the thing is, it’s not “oh poor Yankees fans, every fanbase is teaming up against their players”. Their fans are like 90% of the hate against him. I clicked on a Yankees subreddit post about him and it was nuts, way worse than the threads on here. A lot of times with a hated team, like the Chiefs in the NFL or the Panthers in the NHL, normally it’s 29 or 31 fanbases circlejerking against the one team, and that fanbase has to unilaterally defend their players. With the Yankees, it’s every single fanbase against their players!",https://reddit.com/r/baseball/comments/1o8aubz/sny_aaron_boone_does_not_believe_that_anthony/njtjunp/,2025-10-16T16:34:01+00:00
player,Aaron Boone,Aaron Boone,reddit_comment,baseball,KinsellaStella,Different question: how could a shoulder injury requiring surgery NOT negatively impact your playing?,https://reddit.com/r/baseball/comments/1o8aubz/sny_aaron_boone_does_not_believe_that_anthony/njto1qb/,2025-10-16T16:54:29+00:00
player,Aaron Boone,Aaron Boone,reddit_comment,baseball,manticore16,"That's worse, then.",https://reddit.com/r/baseball/comments/1o8aubz/sny_aaron_boone_does_not_believe_that_anthony/njtkm85/,2025-10-16T16:37:47+00:00
player,Aaron Boone,Aaron Boone,reddit_comment,baseball,Lucky_Alternative965,He really liked him in the spots he was in this year.,https://reddit.com/r/baseball/comments/1o8aubz/sny_aaron_boone_does_not_believe_that_anthony/njtjunv/,2025-10-16T16:34:01+00:00
player,Aaron Boone,Aaron Boone,reddit_comment,baseball,hollyw00d8604,bro is looking rough. managing the Yankees has aged him 30 years,https://reddit.com/r/baseball/comments/1o8aubz/sny_aaron_boone_does_not_believe_that_anthony/njtmzkp/,2025-10-16T16:49:23+00:00
player,Aaron Boone,Aaron Boone,reddit_comment,baseball,,Is this Boone or Cashman speaking?,https://reddit.com/r/baseball/comments/1o8aubz/sny_aaron_boone_does_not_believe_that_anthony/njtjune/,2025-10-16T16:34:01+00:00
player,Aaron Boone,Aaron Boone,reddit_comment,baseball,Kenner1979,So he just sucks then. Got it.,https://reddit.com/r/baseball/comments/1o8aubz/sny_aaron_boone_does_not_believe_that_anthony/njtjj7r/,2025-10-16T16:32:27+00:00
player,Aaron Boone,Aaron Boone,reddit_comment,baseball,rabidantidentyte,Boone and Cashman really think they can gaslight the entire Yankees fan base. ![gif](giphy|Rh4vxHtcmVyHUyugXP),https://reddit.com/r/baseball/comments/1o8aubz/sny_aaron_boone_does_not_believe_that_anthony/nju2vnj/,2025-10-16T18:05:55+00:00
player,Aaron Boone,Aaron Boone,reddit_comment,baseball,brian_c29,The Yankees need to buy low and give Volpe an 8 year extension. They can get a discount because he was injured,https://reddit.com/r/baseball/comments/1o8aubz/sny_aaron_boone_does_not_believe_that_anthony/njtkran/,2025-10-16T16:38:29+00:00
player,Aaron Boone,Aaron Boone,reddit_comment,baseball,cooljammer00,"Volpe got the surgery and the Yankees are in their offseason, so this is kind of a non-story now. Though we did learn that Volpe isn't expected to be ready by Opening Day.",https://reddit.com/r/baseball/comments/1o8aubz/sny_aaron_boone_does_not_believe_that_anthony/njtntly/,2025-10-16T16:53:24+00:00
player,Aaron Boone,Aaron Boone,reddit_comment,baseball,ViciousAsparagusFart,"Boone is about to start quoting Marshawn Lynch, lmao.",https://reddit.com/r/baseball/comments/1o8aubz/sny_aaron_boone_does_not_believe_that_anthony/njtk1rk/,2025-10-16T16:35:00+00:00
player,Aaron Boone,Aaron Boone,reddit_comment,baseball,Masta0nion,I was actually enjoying the last week of not having to endure Yankee brass doublespeak.,https://reddit.com/r/baseball/comments/1o8aubz/sny_aaron_boone_does_not_believe_that_anthony/nju6xpu/,2025-10-16T18:26:12+00:00
player,Aaron Boone,Aaron Boone,reddit_comment,baseball,Responsible_Knee7632,This man is being held hostage by the front office,https://reddit.com/r/baseball/comments/1o8aubz/sny_aaron_boone_does_not_believe_that_anthony/njtjvxx/,2025-10-16T16:34:12+00:00
player,Aaron Boone,Aaron Boone,reddit_comment,baseball,br3wnor,"So he just sucks, got it",https://reddit.com/r/baseball/comments/1o8aubz/sny_aaron_boone_does_not_believe_that_anthony/njtr0sp/,2025-10-16T17:08:54+00:00
player,Aaron Boone,Aaron Boone,reddit_comment,baseball,tejiman,He sounds like the brown dog in the Aristocats.,https://reddit.com/r/baseball/comments/1o8aubz/sny_aaron_boone_does_not_believe_that_anthony/nju0ack/,2025-10-16T17:53:14+00:00
player,Aaron Boone,Aaron Boone,reddit_comment,baseball,MrsVertigosHusband,Why isn't this jack off fired yet?,https://reddit.com/r/baseball/comments/1o8aubz/sny_aaron_boone_does_not_believe_that_anthony/njupu74/,2025-10-16T20:00:36+00:00
player,Aaron Boone,Aaron Boone,reddit_comment,baseball,whitemonochrome,"So it didn’t affect him negatively, but when he gets it fixed, he’ll play better?",https://reddit.com/r/baseball/comments/1o8aubz/sny_aaron_boone_does_not_believe_that_anthony/njvwbuf/,2025-10-16T23:56:02+00:00
player,Aaron Boone,Aaron Boone,reddit_comment,baseball,BigBlueSkies,"The comments here tell a familiar story. As usual, Yankee fans hate Yankees more than any rival fanbase ever could.",https://reddit.com/r/baseball/comments/1o8aubz/sny_aaron_boone_does_not_believe_that_anthony/njtlred/,2025-10-16T16:43:25+00:00
player,Aaron Boone,Aaron Boone,reddit_post,mlb,stateofthenyk,"What is the issue with both New York sports teams? Carlos Mendoza (Mets) 172-152 record (2 seasons going on 3) 2024: 89-73, reached NLCS (lost in 6 to LAD) 2025: 83-79, missed playoffs on a tiebreaker Aaron Boone (Yankees) 697-496 record (7 seasons going on 8) 2025: 94-68 22 postseason wins (5th-most in team history) 6 playoff berths in 7 full seasons Both New York teams have talent, star power, and massive payrolls — yet they keep coming up short. The Mets collapsed after a strong start, and the Yankees can’t get over the hump in October. So what’s the real problem here? Is it management? Roster construction? Star players not showing up? Or honestly… all three? Curious what other baseball fans think — what’s actually holding both of these teams back?",https://reddit.com/r/mlb/comments/1o8qc9w/what_is_the_issue_with_both_new_york_sports_teams/,2025-10-17T03:08:08+00:00
player,Aaron Boone,Aaron Boone,reddit_comment,mlb,Coastal_Tart,Unrealistic expectations is the issue. NYC is the global epicenter for inflated egos and unjustified arrogance. Is it at all surprising that these issues spill over into NY sports fandom? Both teams had great seasons by the measure of the average MLB fan.,https://reddit.com/r/mlb/comments/1o8qc9w/what_is_the_issue_with_both_new_york_sports_teams/njwt5rz/,2025-10-17T03:11:55+00:00
player,Aaron Boone,Aaron Boone,reddit_comment,mlb,TUN_Binary,"The Yankees were in the World Series literally last year, New Yorkers gotta grow the hell up if they think they got it bad",https://reddit.com/r/mlb/comments/1o8qc9w/what_is_the_issue_with_both_new_york_sports_teams/njwtmru/,2025-10-17T03:14:51+00:00
player,Aaron Boone,Aaron Boone,reddit_comment,mlb,BloopBlastJakAttack,"Haha, please. Come talk to a team with zero world series wins before you cry ""poor us.""",https://reddit.com/r/mlb/comments/1o8qc9w/what_is_the_issue_with_both_new_york_sports_teams/njwv2ij/,2025-10-17T03:24:09+00:00
player,Aaron Boone,Aaron Boone,reddit_comment,mlb,mhammer47,"There's a lot of teams trying to win the World Series out there. People forget that the Yankees won the majority of their championships in an era where all you had to do was finish first out of eight in a league where every other team has fewer resources and then win one playoff series. It's not sustainable today. Too competitive, too many ways to mess up. The Dodgers didn't win a World Series between 1988 and 2020. That's 32 years. Now they look poised to win the 3rd in 6 seasons. What changed? Well they got the most money and they got management that knows how to use it properly. The Yankees got the money, but they haven't figured out the management part yet. If they ever do, I don't think the rest of baseball will enjoy it very much.",https://reddit.com/r/mlb/comments/1o8qc9w/what_is_the_issue_with_both_new_york_sports_teams/njwvcyi/,2025-10-17T03:26:04+00:00
player,Aaron Boone,Aaron Boone,reddit_comment,mlb,cleeb0rp,God forbid they dont win a series every 5-10 years,https://reddit.com/r/mlb/comments/1o8qc9w/what_is_the_issue_with_both_new_york_sports_teams/njwxab9/,2025-10-17T03:38:44+00:00
player,Aaron Boone,Aaron Boone,reddit_comment,mlb,TurbulentRuin3283,"The Yankees’ had too many weaknesses, too many .210 hitters, too unreliable a bullpen, and ultimately, too much pressure on Judge. And the Mets thought that signing Soto meant an automatic trip to the World Series.",https://reddit.com/r/mlb/comments/1o8qc9w/what_is_the_issue_with_both_new_york_sports_teams/njwv85u/,2025-10-17T03:25:12+00:00
player,Aaron Boone,Aaron Boone,reddit_comment,mlb,RoosterzRevenge,Hahaha 😆,https://reddit.com/r/mlb/comments/1o8qc9w/what_is_the_issue_with_both_new_york_sports_teams/njwvchl/,2025-10-17T03:25:59+00:00
player,Aaron Boone,Aaron Boone,reddit_comment,mlb,Sorry_Barber6841,"For the Yankees I think it’s the case of the lineup being less than the sum of its parts. On paper it looks like an absolute gauntlet from 2-7, but when everyone is trying to hit it out of the park all the time it’s not as hard to beat. Ironically, the guy who hits the most homers is the one who doesn’t seem to be trying to hit one each time. I think a lot of it comes back to Stanton. Even though he’s still a great hitter, having a guy virtually locked into the DH spot really takes away from lineup flexibility, makes it much harder to rest position players , and means they can’t go for as many big bats in free agency.",https://reddit.com/r/mlb/comments/1o8qc9w/what_is_the_issue_with_both_new_york_sports_teams/njwxpv1/,2025-10-17T03:41:43+00:00
player,Aaron Boone,Aaron Boone,reddit_comment,mlb,Beneficial_Brief_759,Yankees fans trying to act like they have it bad is the reason everyone hates them so much. They dont even remotely know what its like to be a fan of a poverty franchise. Lol unless your also a Jets fan.,https://reddit.com/r/mlb/comments/1o8qc9w/what_is_the_issue_with_both_new_york_sports_teams/njx5hln/,2025-10-17T04:40:20+00:00
player,Aaron Boone,Aaron Boone,reddit_comment,mlb,GimmeSweetTime,Thanks for that 😊 As a Mariners fan.,https://reddit.com/r/mlb/comments/1o8qc9w/what_is_the_issue_with_both_new_york_sports_teams/njwxoe0/,2025-10-17T03:41:26+00:00
player,Aaron Boone,Aaron Boone,reddit_comment,mlb,yli16,"You could ask the same questions about Jets, Giants, Knicks and etc.",https://reddit.com/r/mlb/comments/1o8qc9w/what_is_the_issue_with_both_new_york_sports_teams/njx1jac/,2025-10-17T04:09:22+00:00
player,Aaron Boone,Aaron Boone,reddit_comment,mlb,totalchaos110,"The Mets just can’t get around “lil bro” syndrome. The Mets don’t have killer mentality to get it over the line consistently enough to be a winner. They are haunted by the demons of the past. The Yankees are just plain living in the past. They are not that team anymore. They’ll still compete every year because the AL is shite and they can secure a wild card spot if that spotty division isn’t won. They’ll still compete but can’t spend like the big boys can. They’re fundamentally flawed in ways that can only be seen in children’s movies about baseball. They are no longer the favored landing spot of free agents. They’re having a hard time adjusting to the reality that “lil bro” punches back now and, of course, the new evil Empire is America’s Los Angeles Dodgers. ![gif](giphy|n5b20mWyt4whvjzW8d)",https://reddit.com/r/mlb/comments/1o8qc9w/what_is_the_issue_with_both_new_york_sports_teams/njx7vp3/,2025-10-17T04:59:55+00:00
player,Aaron Boone,Aaron Boone,reddit_comment,mlb,drygnfyre,"The Yankees are “supposed” to win every year because of legacy or w/e. Even though they’ve basically just been another team (albeit a bit above average) since the 21st century began. As for the Mets, they have the highest payroll so they are also supposed to be good. But payroll doesn’t mean much if you don’t spend it in the right places.",https://reddit.com/r/mlb/comments/1o8qc9w/what_is_the_issue_with_both_new_york_sports_teams/njxlkpf/,2025-10-17T07:04:44+00:00
player,Aaron Boone,Aaron Boone,reddit_comment,mlb,TheSocraticGadfly,"The Ringer said that, since 2004 all Bahston teams have an 11-1 edge on New Yahk on world titles. Of course, we all know who runs The Ringer.",https://reddit.com/r/mlb/comments/1o8qc9w/what_is_the_issue_with_both_new_york_sports_teams/nk0moud/,2025-10-17T18:43:15+00:00
player,Aaron Boone,Aaron Boone,reddit_comment,mlb,hylianbeast98,"I mean the same can be said for NY sports as a whole. I think what it comes down to is competent, consistent ownership. The Mets and Jets have had some of the most frustrating ownership groups of the 21st century given the size of their markets and resources available. Luckily, the Mets have an owner actively trying to right the ship. And while it hasn't resulted in immediate championships, just like with the Dodgers in the mid to late 2010s, I don't think it will be too long before the success starts to come in. I think people forget that while Steve didn't hit his goal of a WS win within 5 years, he also didn't tear everything down the minute he took over and is still putting together a franchise built his way. Meanwhile, the Jets continue to be the laughing stock of the NFL largely because ownership doesn't commit to any long-term plan for success. The intensity that Yankees ownership was infamous for doesn't work in modern MLB. George Steinbrenner would hate the way the team is run now. But also, that burn it down immediately and spend to rebuild approach doesn't work anymore because more teams can spend with the Yankees. It feels like ownership now is split between the old, Yankee way of doing things and the new, contemporary way of doing things. They spend big still but also lost out on some of the biggest targets of the past few seasons and also have terrible fundamentals and few success stories coming out of the farm system like they used to have. One team is rebuilding their identity, another is facing an identity crisis. I don't think either will be able to take over the title as best in MLB until they can figure that out.",https://reddit.com/r/mlb/comments/1o8qc9w/what_is_the_issue_with_both_new_york_sports_teams/nk15tal/,2025-10-17T20:22:03+00:00
player,Aaron Boone,Aaron Boone,reddit_comment,mlb,MD-Hippie,Daaa Yankees lose,https://reddit.com/r/mlb/comments/1o8qc9w/what_is_the_issue_with_both_new_york_sports_teams/nkk771f/,2025-10-21T06:25:52+00:00
player,Aaron Boone,Aaron Boone,reddit_comment,mlb,This_Owl8430,The Yankees can't buy titles anymore,https://reddit.com/r/mlb/comments/1o8qc9w/what_is_the_issue_with_both_new_york_sports_teams/njwttny/,2025-10-17T03:16:06+00:00
player,Aaron Boone,Aaron Boone,reddit_comment,mlb,,[deleted],https://reddit.com/r/mlb/comments/1o8qc9w/what_is_the_issue_with_both_new_york_sports_teams/njwsr41/,2025-10-17T03:09:17+00:00
player,Aaron Boone,Aaron Boone,reddit_comment,mlb,EmergencyExit20Mins,They have the worst fans in baseball.,https://reddit.com/r/mlb/comments/1o8qc9w/what_is_the_issue_with_both_new_york_sports_teams/njwukda/,2025-10-17T03:20:56+00:00
player,Aaron Boone,Aaron Boone,reddit_comment,mlb,ex_gratia_,Who cares?,https://reddit.com/r/mlb/comments/1o8qc9w/what_is_the_issue_with_both_new_york_sports_teams/njwv2rr/,2025-10-17T03:24:12+00:00
player,Aaron Boone,Aaron Boone,reddit_post,nyyankees,dsmithnyciii,"5 options-5 different offseason plans-varying in realism-which one do you like most? Hate most? Which offseason plan would you prefer? 5 options. Worked hard on configuring all of them so constructive feedback would be appreciated. All plans keep Anthony Volpe, Tim Hill, Cam Schlittler, Oswaldo Cabrera, Brian Cashman and Aaron Boone. All plans also don’t bring back or re-sign Trent Grisham, Paul Blackburn, Mark Leiter Jr., Luke Weaver, Johnny Loiasaga, Devin Williams & Austin Slater. Except for the last plan none of the plans have Elmer Rodriguez-Cruz nor George Lombard Jr. traded. Both stay in minors until at least 2027. Unless they are traded or otherwise specified in specific examples Spencer Jones and Carlos Lagrange stay in the minors. All also have payrolls in between $315-$325 million dollars. I won’t get into the weeds on details like I have had in the past. X-call up $-FA signing $$-FA signing (non-tendered by another team) T-Trade Option 1- -In- OF-Kyle Tucker-$, Brenton Doyle-T (COL), Spencer Jones-X RP-Jimmy Herget-T (COL), Reid Detmers-T (LAA) SP-Carlos Lagrange-X, Tyler Mahle-$ IF-Amed Rosario-$ -Out- SP-Will Warren-T (COL), Ryan Yarborough-$ OF-Cody Bellinger-$, Jasson Dominguez-T (LAA) 26 man roster (if healthy)- Position Players-Austin Wells, Ben Rice, Jazz Chisholm Jr., Amed Rosario, Jose Caballero, Anthony Volpe, Ryan McMahon, Oswaldo Cabrera, Kyle Tucker, Aaron Judge, Spencer Jones, Brenton Doyle, Giancarlo Stanton Pitchers-Gerrit Cole, Max Fried, Cam Schlittler, Carlos Rodon, Luis Gil, Tyler Mahle, Carlos Lagrange, Jimmy Herget, Reid Detmers, Tim Hill, Fernando Cruz, Camillo Doval, David Bednar Option 2- -In- OF-Cody Bellinger-$, Chas McCormick-$$ RP-Hunter Harvey-$, Jake Bird-X C-James McCann-$ SP- Tarik Skubal-T (DET), Ryan Yarborough-$ IF-Kazuma Okamoto-$ -Out- SP-Will Warren-T (DET), Carlos Lagrange-T (DET) OF-Spencer Jones-T (DET) IF-Ben Rice-T (DET), Amed Rosario-$ 26 man roster (if healthy)- Position Players-Austin Wells, James McCann, Kazuma Okamoto, Jazz Chisholm Jr.,Jose Caballero, Anthony Volpe, Ryan McMahon, Oswaldo Cabrera, Cody Bellinger, Aaron Judge, Jasson Dominguez, Chas McCormick, Giancarlo Stanton Pitchers-Tarik Skubal, Gerrit Cole, Max Fried, Cam Schlittler, Carlos Rodon, Luis Gil, Ryan Yarborough, Jake Bird, Hunter Harvey, Tim Hill, Fernando Cruz, Camillo Doval, David Bednar Option 3- -In- OF-Cody Bellinger-$, Spencer Jones-X SP-Michael King-$, Carlos Lagrange-X RP-Edwin Diaz-$, Bryan King-T (HOU) IF-Carlos Santana-$ -Out- SP-Luis Gil-T (HOU), Henry Lalane-T (HOU) IF-Amed Rosario-$ 26 man roster (if healthy)- Position Players-Austin Wells, Ben Rice, Carlos Santana, Jazz Chisholm Jr.,Jose Caballero, Anthony Volpe, Ryan McMahon, Oswaldo Cabrera, Cody Bellinger, Aaron Judge, Jasson Dominguez, Spencer Jones, Giancarlo Stanton Pitchers-Gerrit Cole, Max Fried, Cam Schlittler, Carlos Rodon, Will Warren, Michael King, Carlos Lagrange, Bryan King, Tim Hill, Fernando Cruz, Camillo Doval, David Bednar, Edwin Diaz Option 4- (Credit inspiration from Dan Rouke at Yankees Ave/Jomboy Media) -In- OF-Cody Bellinger-$, Harrison Bader-$ C-JT Realmuto-$ SP-Matt Waldron-T (SD) RP-Jeremiah Estrada-T (SD), Jake Bird-X IF-Kazuma Okamoto-$ -Out- IF-Amed Rosario-$ C-Austin Wells-T (SD) SP-Brock Selvidge-T (SD) 26 man roster (if healthy)- Position Players-JT Realmuto, Ben Rice, Kazuma Okamoto, Jazz Chisholm Jr.,Jose Caballero, Anthony Volpe, Ryan McMahon, Oswaldo Cabrera, Cody Bellinger, Aaron Judge, Jasson Dominguez, Harrison Bader, Giancarlo Stanton Pitchers-Gerrit Cole, Max Fried, Cam Schlittler, Carlos Rodon, Will Warren, Luis Gil, Matt Waldron, Jeremiah Estrada, Jake Bird, Tim Hill, Fernando Cruz, Camillo Doval, David Bednar Option 5-Most unrealistic (Ramirez no trade clause; very complicated roster construction, all the depth lost etc) -In- OF-Steven Kwan-T (CLE), Cody Bellinger-$ IF-Jose Ramirez-T (CLE) , TJ Rumfeld-X SP- Matthew Liberatore-T (STL), Brendon Beck-X C-Pedro Pages-T (STL) RP- Jake Bird-X, Jojo Romero-T (STL) -Out- IF-Amed Rosario-$, Ryan McMahon-T (CLE)+ $16 million dollars for his contract pay down, Ben Rice-T (STL), George Lombard Jr.-T (CLE) SP-Elmer-Rodriguez Cruz-T (CLE), Carlos Lagrange-T (CLE), Will Warren-T (CLE), Kyle Carr-T (CLE), Jerson Alajandro-T (STL) OF-Spencer Jones-T (CLE) 26 man roster (if healthy)- Position Players-Pedro Pages, Austin Wells, TJ Rumfeld, Jazz Chisholm Jr.,Jose Caballero, Anthony Volpe, Jose Ramirez, Oswaldo Cabrera, Cody Bellinger, Aaron Judge, Jasson Dominguez, Steven Kwan, Giancarlo Stanton Pitchers-Gerrit Cole, Max Fried, Cam Schlittler, Carlos Rodon, Matthew Liberatore, Brenden Beck, Luis Gil, Jojo Romero, Jake Bird, Tim Hill, Fernando Cruz, Camillo Doval, David Bednar",https://reddit.com/r/NYYankees/comments/1ocnlnh/5_options5_different_offseason_plansvarying_in/,2025-10-21T20:10:44+00:00
player,Aaron Boone,Aaron Boone,reddit_comment,nyyankees,scrodytheroadie,">All plans keep Anthony Volpe Welp, I'm out. (I know, realistically there's no way he's gone next season)",https://reddit.com/r/NYYankees/comments/1ocnlnh/5_options5_different_offseason_plansvarying_in/nknsp6y/,2025-10-21T20:15:50+00:00
player,Aaron Boone,Aaron Boone,reddit_comment,nyyankees,NukeVoit59,"I hate all of them that involve losing Rice. He was incredible last year, even more than his numbers showed. He was 22nd in wRC+ in all of baseball, ahead of guys like Bryce Harper, Fernando Tatis, and Junior Caminero, while being the 3rd unluckiest hitter in baseball. He’s already great, is due for positive regression, and is dirt cheap. He absolutely cannot be moved for anything less than Tarik Skubal for a long term deal.",https://reddit.com/r/NYYankees/comments/1ocnlnh/5_options5_different_offseason_plansvarying_in/nkntr5i/,2025-10-21T20:20:43+00:00
player,Aaron Nola,Aaron Nola,reddit_post,phillies,Chonk_Quatro,"Another Phillies Offseason Manifesto TLDR: My projected roster for 2026 is at the bottom along with a payroll table that extends out to 2035. Hi again. I don’t post a lot on here but I’m definitely a chronic lurker of this sub. Some like me may remember ""[My Manifesto for the Phillies Roster 2025 and Beyond](https://www.reddit.com/r/phillies/comments/1g1kr58/my_manifesto_for_the_phillies_roster_2025_and/)"". Last year, I mentioned moves such as \- Adding a bonafide closer (thank you Jhoan Duran) \- Adding a leverage righty (Roberston was NOT that guy pal) \- Extending Schwarber (He’ll now finish top 3 MVP and the price has never been higher) \- Signing Soto (duh) \- Signing Teoscar Hernandez (see NLDS game 1) \- Signing Jurickson Profar (unforeseen PED suspension but 121 OPS+) \- Trading a Bohm-centric package for Ian Happ (120 OPS+ but this was before they signed Tucker) \- Trading for Brent Rooker (121 OPS+ but this was pre-extension) For full transparency, I did have some misses in my backup plans \- Signing Anthony Santander (injury-riddled season but my god a 57 OPS+) \- Trade for Ryan McMahon (I’ll squat on this take), or sign Gio Urshela (I will NOT squat on this take) \- Signing Randal Grichuk (would’ve been Kepler-adjacent) Last offseason, I preached patience; I would say I was both right and wrong in doing so. I was right in that this is a great roster. Playoffs aside, you just can’t argue with 96-66, a second-straight division title, and a 2-seed in the playoffs. Now where I was wrong. This roster doesn’t need to IMPROVE per se, but it does need to CHANGE. I am much more open this offseason to embracing taking big swings, but I’m going to be real and you need to listen. Some of the hypothetical moves I see being thrown around are absolutely insane. This roster is controlled by money and contractual commitments. We need to be reasonable about what is changeable and what is not. The Phillies are already roughly $50 million away from the luxury tax threshold next year. After factoring in arbitration, they’re within $7 million of paying the tax. Middleton is clearly willing to pay the tax, but you’re already only $40 million away from this year’s payroll, which was one of the largest in baseball. You’re not eating dead money to move guys who have more than 2 years of control, no matter how mad some are at Nola, Bryce, Trea, etc. So let’s get into it. I’m going to start with the pitching because quite frankly, it’s easier and I just like these guys more right now. Let’s start with known quantities in the rotation: Zack Wheeler (84mil/2yrs), Aaron Nola (123mil/5yrs), Cristopher Sanchez (48.5 mil/5yrs, thank you god), Taijuan Walker (18mil/1 yr), and Jesus Luzardo (ARB 3, proj 10.5 mil) are all under team control next year. Ranger Suarez and Walker Buehler are unrestricted free agents. Wheeler, Nola, and Sanchez are flat-out not moving. I know Nola was terrible, but no one is going to pay for that contract, no one alive can afford to dump it, and he wouldn’t have gotten that deal in the first place if the front office didn’t trust him. Nola has a 10-and-5 no-trade clause anyway. I’ve never been a huge Nola guy but those are the facts. Luzardo will 100% be offered arbitration (or extended, we’ll get to that). That means 4/5 rotation spots are claimed for 2026. About that final rotation spot. I’m going to make this very simply for everyone: this NEEDS to be Andrew Painter’s job. He wasn’t traded when he was a top 100 prospect, his value has risen and fallen and risen and fallen in the meantime and her was never traded. They’ve given him a lot of time to fully recover from the injury. Abel was trending upward, and they still traded him because they felt he was a surplus. The decision has already been made; they committed to Painter a long time ago and they’re going to see it through. No more trading him for an improvement elsewhere. He’s MLB-ready with not a ton of trade value, it’s time to slot him in. I start with this because it’s going to drive a potentially unpopular opinion: Ranger Suarez will not be a Phillie next year. I personally would’ve extended Ranger before I EVER extended Nola, but this is the world we live in. Ranger is coming off arbitration and this is the contract where he can make generational wealth. He’s not taking a team-friendly deal to stay; please don’t kid yourself. This man could and should make $150 million+ this offseason. He’s earned it and I’m happy for him, but we can’t be the ones to give it to him when the offense is in the shape it’s in. This also means Walker Buehler is gone. Just because he agreed to work out of the pen for half a season does not mean he’ll slot into our pen. There’s more money to be made as a starter. He will likely sign with an average team who are playing a bit of moneyball where he can be in the rotation. My guess would be the Royals, Reds, or a team in a similar situation. I’m going to save Taijuan Walker for the pen, but my final note on the rotation is a move I haven’t seen anyone suggest, but I think it’s a necessity at this point: EXTEND JESUS LUZARDO. Next year is his final year of arbitration, and we could be staring at losing him the way we’d be losing Ranger. The reality is while the rotation spots are claimed out of necessity, there is some uncertainty. Zack Wheeler’s injury is the same one that ended Stephen Strasburg’s career; there’s no guarantee he’ll be 100% next year or ever again. Nola is off a horrific season. Painter is an unproven entity. Cris Sanchez opening day is about all we can count on right now. Outside of a few pitch-tipping blowups, Luzardo really was sensational this season. We saw what he’s capable of in the playoffs. You may even be able to get him at a discount because the blowups inflate the full season numbers and there has been some inconsistency when he was young. I offer him to forgo the last year of arb and throw $60mil/4yrs at him. Keep in mind the AAV is lower than his true worth because you’re eating a $10mil arb year. I’m even willing to go higher than this, but I think this is how you come to the table. In conclusion, the rotation next year is almost assuredly: ***Sanchez, Wheeler*** *(when healthy)****, Luzardo, Nola, Painter***. If Wheels doesn’t start the season active or Painter doesn’t break camp, ***Taijuan Walker*** will slot into the 5 spot as he continues to be the cockroach that you just can’t quite get rid of. Now let’s get into known quantities in the pen. Oh boy, is this sub mad at some of these boys. Matt Strahm (7.5mil/1yr), Jose Alvarado (9mil/1 yr club option), Jhoan Duran (2 years ARB), Tanner Banks (3 years ARB), Orion Kerkering (1 year pre-arb, 3 years ARB), and Daniel Robert (2 years pre-arb, 3 years ARB) are all under team control next year. Jordan Romano, David Robertson, Tim Mayza, and Lou Trivino are all unrestricted free agents. I’ll rip the band aid off: It’s a really dumb move to get rid of Orion Kerkering. I know he made a boneheaded, panic-induced play. He was also a major professional afterwards, he has a 155 ERA+ in 126 innings, and he has 4 years of team control at dirt cheap for how well he pitches. I think adding a righty to slot between him and Duran leverage-wise could be a good idea as he continues to mature, but please miss me with saying we should trade him. As a team whose young guys have failed to develop since 2022, you can’t trade the one who has progressed the best outside of Cris Sanchez. I’ll rip another band aid off: we should pick up Alvarado’s club option. This year was a complete whirlwind, but he’s still highly effective at his best. If it gets bad, he’s still a sexy deadline acquisition for someone who needs a leverage lefty. If this team could hit a lick, no one would think this pen is an issue. I personally think this group needs to stay together. I think 7 of the pen slots are filled with: ***Duran (closer), Strahm (LHP SU), Kerkering (RH MRP/SU), Banks (LH MRP), Alvarado (LH MRP), Daniel Robert (RH MRP). Taijuan Walker will probably be the long man***, but if he spots for Wheeler to start the season, Michael Mercado or Seth Johnson could slot in here or they themselves could be the spot starter. ***The 8******^(th)*** ***and final pen slot would be the aforementioned leverage righty.*** Someone to pitch a righty-heavy eighth inning night in and night out. Some more expensive options are Edwin Diaz (has an opt out), Robert Suarez (has an opt out), Rasiel Iglasias (UFA, probably my favorite of this group), Andres Munoz (SEA has a club option they’ll probably pick up). If you want to keep Kerkering in that leverage role and try to keep him more comfortable in it, here's a few other righties I wouldn’t mind taking a flier on in a middle-relief role: \- Shawn Armstrong (this is sneaky my favorite choice. Yes he’s 34 but a 159 ERA+ and 0.811 WHIP over 74 inning plays.) \- Ryan Helsley (probably more expensive than I’m comfortable with based on the closing track record in STL, but that second half in New York leaves everything up in the air for him.) \- Devin Williams (see Helsley but for the other New York team, and the whole season at that.) \- Kenley Jansen (He’s 37 and I know it’s no pressure with the Angels right now but wow what a year. 165 ERA+ in 59 innings with 29 saves. He’s not washed just yet.) \- Phil Maton (Don’t love the WHIP for a potential leverage guy but 143 ERA+ and 2.60 FIP in 61.1 innings could definitely help. He’s also 32 so you could sweeten the deal with a 2 or 3 year offer. I think 2-year is where I’m most comfortable.) \- Luke Weaver (Rough playoffs and inconsistent, but the talent is there somewhere. I trust Cotham to maximize a guy like this if given the chance.) I really like the idea of signing ***Shawn Armstrong as the final bullpen piece***. Spotrac projects him at $1.5mil AAV; I’d give him a 1 or 2-year deal. Now let’s talk offense. I want to clearly define my philosophy for this portion of the manifesto, and I’m going to do that by being honest about what the Phillies are outside of the pitching staff. The offense is a streaky bunch. The core of Harper, Hoskins, JT, Schwarber, Castellanos (and later Turner) was built on rate stats. Over the course of a season, the OPS is this and the homers are that, which means the K rate doesn’t matter, all the new-age jazz. I believe in that to an extent. When the pitching is this good, the offense simply needs to do its job, put up a good showing half the time when you’re on a hot streak, and the pitching will get you a division title. This does not work in the playoffs. You need a few guys who are going to get you this big hit. We’re already supposed to have them: Trea, Schwarber, Bryce. If you pay Kyle Tucker 450 million, you’ll all cheer; then you’ll all boo when he strikes out in the 8^(th) inning of a playoff game and say Dombrowski just make a mistake with a decade worth of consequences. The truth is in the playoffs you need to run into a homer every few innings, but you also need to walk, you need to hit for average, you need to cut down K’s, be quick on the bases and in the field, and you need to play defense. The improbable thing about 2022 is that it was probably the slowest and worst defending team that we’ve had since. The ’22 team also hit better than any of the rest of these teams, but lacked speed and defense. There are some really great defenders on this team, there are also some black holes. I believe there are moves to be made that aren’t the sexiest, but will result in a roster better built for October. We can start with a with a position with one of the biggest decisions, catcher. Rafael Marchan (3 years ARB) and Garrett Stubbs (1 year ARB) are under team control next year. JT Realmuto is an unrestricted free agent. It cannot be understated what JT has meant to this pitching staff. The 2019 (JT’s first year in Philly) pitching staff had 2 starters over 100 ERA+. Since then, JT and Caleb Cotham (joined in 2021) have been the guiding forces that saw this go from one of the worst rotations in baseball, to arguably the best in the sport. The issue here is obviously the offense. JT has a 110 OPS+ in Philly, however this past year was his first as a below league average hitter (89 OPS+). He still has wheels for a catcher and the defensive package is solid, but the pop is gone and the on-base hasn’t been there for a few years now. With the ABS challenge system coming into play, framing is going to matter a tick less too. JT made a hair under 24 million this year and if he comes back, it has to be significantly less than that. The argument to keep JT is the strongest of the big 3 free agents (Suarez, Schwarber, JT) because it’ll cost the least and because of what a catcher brings to the team. The catcher market is also BLEAK. JT had the highest WAR of any FA catcher. Is it even a lateral move to bring in a younger Victor Caratini? Or Danny Jansen? It’s a resounding “no.” This state of the market will give JT some leverage. There is one alternative option. Not a lot has gone to plan in the Orioles rebuild. Once an oasis of young talent, Baltimore’s upside has slowly eroded. If Gunnar Henderson is extended (and even if he’s not), they’ve committed to building around a young core of former top prospects like Jackson Holliday, Coby Mayo, Heston Kjerstad, Jordan Westburg, and Sam Basallo, who all have 4+ years of team control. Once the centerpiece of this roster, former top prospect Adley Rutschman is getting phased out in Baltimore. Basallo (also a catcher) was extended through 2034 (not a typo). Ruschman only has 2 years of ARB left so there’s no growing with this roster. The O’s will be seriously considering dealing Rutschman this offseason. Let’s compare Adley and JT. Both had an 89 OPS+ this year, 11% below league-average offensive production when looking at OPS (I like OPS if you can’t tell). JT has also struggled with chase and whiff rates while not walking much. Adley is one of the best players in the league in all three of those respects. JT is a significantly faster runner, despite Adley entering his prime and JT leaving his. Adley is a far better framer, the value of which probably drops about 10% with ABS (there will still be a lot of missed calls with only 2 challenges). Adley is also a much better blocker, something JT is known for, but he struggled with this year. JT is still the best catcher in the league at controlling the run game, but Adley’s 61^(st) percentile pop time is still solid. Despite the pop time and caught-stealing numbers, Adley actually grades out as a far better catcher as it comes to fielding run value (64^(th) percentile to 14^(th)). This point is this: to contend, you NEED one of the two of them. JT is the best free agent catcher and it’s honestly not really close. Age is creeping up but the guy is a physical specimen. If there’s anyone who can hold off the wear and tear, it’s him. Adley is trending downward offensively, but he’s the kind of high risk, high reward move that could really elevate this roster for the next two years if it works. Even if he doesn’t go back to his rookie self offensively, he’s still just as productive and JT. It’s also worth noting that Adley will cost something in trade capital. Given his pedigree and what the Orioles are trying to do, it would take a top 10 prospect in the system for sure. Rafael Marchan can’t be in this lineup 4 days a week, although he is a very solid defender who is still only 26. Marchan can be the backup with one of these two as the starter. Adley is set to make 6.7 million this year and has a final ARB year next year where he’ll probably make 8-10 million. JT is probably shooting for something in the realm of 25mil/2 yrs – 30mil/3yrs. I think if you only have to give up 1 top-10 prospect not named Painter, Miller, Crawford, or one of the 2025 draftees, ***I would trade for Adley Rutschman to be the starting catcher***. If the price is too steep, I’d give JT a 2-year deal. The final of these big contracts to talk about is Kyle Schwarber. Kyle whiffs and K’s a lot and he’s slow, but the rest of his savant page is blood red. There were times this year where he felt like the entire offense and even as a DH, his value can’t be understated. The question is going to be how much? How much are you willing to pay for a 32-year-old who can only DH, but get’s more productive offensively every year? Is he the heir to Nelson Cruz? Schwarber might still be hitting 40 homers a year at the end of his next contract. I think freeing up the DH could be a good thing this year to get certain guys on the field (we’ll get to that), but beyond this year, the contract situation doesn’t really demand it and I’m fine with locking up the DH spot long-term. Bryce is getting older but he’s still a really solid fielder at first; I don’t think we need to hold DH open for him just yet. Schwarber is very hard to project a value on. For as great as he is offensively, he doesn’t field, he doesn’t run, and he’s 33 years old. I saw someone say he should get 125mil/5 yrs which I think is outrageous given what I just said. I comped him to Nelson Cruz, who once signed with SEA for 57mil/4 yrs off a great season in his mid-30s. That number will inflate as the rest of the league surely has. I do find it disrespectful to say he’s getting under 100mil but that’s genuinely what I see happening. If that’s the price tag, ***I would sign Kyle Schwarber to a 3-year deal*** (90 mil/3 years is what I’d start with). Spotrac even has him projected under $100mil on a 4-year deal. There is no guarantee that he breaks the bank. I think if you don’t sign Schwarber, you need to sign either Kyle Tucker or Pete Alonso (yuck), otherwise you’re going to see a shell of this year’s offensive production, which most of us are already disappointed with. Also, those two will cost way more than Schwarber due to age, especially Tucker because he’s got some defense in the tank as well. Tucker is probably getting 400+ million for double-digit years***. If Schwarber gets away, I’d seriously give Tucker whatever the hell he wants***. For the purposes of projecting next year’s salary, let’s assume Schwarber comes back to Philly. So with C and DH decided, let’s look at the infield. Bryce Harper (193mil/6 yrs), Trea Turner (218mil/ 8 yrs), Alec Bohm (1 year ARB), Bryson Stott (2 years ARB), Edmundo Sosa (1 year ARB) are all under team control next season. I’m going to talk about Kemp and Wilson in a utility portion later. Bryce and Trea are playing every day, point-blank. I understand the questions about Stott’s offense, but with a 96 OPS+, gold glove defense, and 86^(th) percentile sprint speed, you can hit 9 hole for me every day. He also is top 80% in whiff, chase, and K rates. He works counts and puts the ball in play like you need to in October. Bryson Stott should be a part of this team for his final 2 arbitration years at least. Sosa is another guy that I absolutely love. He’s a perfect utility infielder, plays great defense, has some pop, Edmundo Sosa is absolutely my 5^(th) infielder for the coming year. Third base is where this gets really interesting. Similar to Painter, I think the Phillies both want and need to push the chips forward with Aidan Miller. He has an .817 OPS (no OPS+ in the minors ☹) and he steals bases like a madman. In a year where you’re retooling the lineup, I’d like to see him in the lineup every day in the second half of the year. He’s also not a long-term shortstop. He’s made 40 errors in 193 games the last 2 years. The arm has always been there, but the fielding is not there for a premium position. I think 3B is a good fit and the scouting community has long held the same opinion. So what to do with Alec Bohm? Bohm has always had the most trade value of the young guys because he seems to be the only one capable of producing runs on a consistent basis. That said, he still whiffs and K’s a lot, he GIDP a TON, and he’s never been a good fielder. He only has 1 year left before hitting free agency and you could save 10 million by trading him and playing Aidan Miller. If Schwarber doesn’t come back, the team is much weaker but you can slot Bohm in at DH. If Bryce misses time with this wrist thing, Bohm could be your everyday first baseman. If all those position shored up, I think he’s a great trade piece. The outfield, pen, and catcher could all benefit from him getting moved. I think if management is committed to Miller longterm, you’re letting Bohm walk after next season anyway. So to be clear, the 5 primary infielders I’d carry for now are: ***Harper, Turner, Stott, Miller, and Sosa***. I would trade Alec Bohm; we can explore the possible returns later. The outfield is the biggest question mark on this team right now, but I think it’s also the easiest to fix. Nick Castellanos (20mil/1 yr), and Brandon Marsh (2 years ARB) are under team control next year. Harrison Bader has a 10mil/1 yr mutual option (both player and club would have to agree on the number). Max Kepler is an unrestricted free agent. I’m putting my foot down; Nick Castellanos can’t be on this team next year. Trade him to whoever will eat the most of his 20mil. If no one will, I seriously might DFA him before I put him in a platoon. I understand the vets like him, I know he looks out for his teammates, I know he’s refreshingly authentic. Please read his savant page before you tell me he should stay for the reasons I just mentioned. His first season was a disaster, all-star in his second season but fell off hard in the second half, terrible start last year and somewhat salvaged it at the end, and abysmal again this year with a career-low 87 OPS+. He is also literally the worst defensive outfielder in the sport, he’s not speedy, he doesn’t walk, he whiffs a lot, and he chases even more. It’s just over. There’s no other way to put it. On top of the performance on the field, he’s constantly talking about his own playing time while the team is pulling away in a division race. I know the media eggs him on there, but I still don’t think he feels like he deserved his reduced role. I think at most, I carry him as a vLHP platoon bat and if he’s still bad at the deadline, he should be DFA’d. For the purpose of this, I’m going to say the Phillies eat 15mil of his deal and move him. Another thing I’ll put my foot down about: you guys are dead wrong about Brandon Marsh. All he’s done since coming to the Phillies is put up a 115 OPS+ while playing good defense, having great speed, and making arbitration-level money. How is that bad ROI? I will concede that he has a K issue and he can’t hit lefties, but this is the second offseason in a row where people are calling for the guy to be traded and I simply don’t get it. The guy is going to make under $5mil next year. Probably under $7mil the year after. If you want to roster premium contracts, you need to keep players who are cheap if they are productive. Marsh is both cheap and productive; he should be one half of a LF platoon next year. Pretending I have 3 feet, a third foot I’ll put down is that Justin Crawford should break camp and be the everyday centerfielder. I see a lot of people projecting him in a corner outfield spot next year but I personally would leave him in CF. Let him hit 9^(th) and just focus on playing a good CF, which he is very comfortable doing. Bader is the really interesting guy here. He has a $10mil club option and he’s off his best offensive season as a pro. My gut says he declines it and hits free agency. Even though he had a few rough offensive years, he could get a multi-year deal around $20-30mil. I think if you’re going to make a big splash, it could be here in the corner outfield. Tucker is an option, but he’ll be insanely expensive. I’ve never been a big Bellinger guy but he’s been undeniably effective the last few seasons. Ramon Laureano is a favorite of mine, but he has a $6.5mil club option that the Padres would be foolish not to pick up. I think I would ultimately sign Harrison Bader for $20mil/2 yrs. He’s found something offensively and the elite defense and speed leaves the floor very high. Bader is also just a gamer who plays bigger in the big moments, which this team definitely needs. If Bader is on the team, I’m okay with moving Crawford to RF and letting Bader play CF, or vice versa. ***To recap, my 3 rostered outfielders so far are Brandon Marsh, Justin Crawford, and Harrison Bader.*** If you’re keeping track at home, we’ve filled 23/26 roster spots, all position-player spots open. I would 100% give one of these spots to Otto Kemp. For starters, he has 5 more years of team control and the first 2 will be under $1mil a year. I don’t think anyone thinks he’s a star, but 92 OPS+ as a rookie is solid and he clearly has nothing left to prove in the minors. There’s lots of applications for Otto. He could play some corner OF and platoon with Marsh in LF, he could be the everyday 3B to start the season if Aidan Miller doesn’t break camp, or he can play some 1B to get Bryce off his feet. He’s also just a solid bench bat that you can put in the lineup twice a week. ***Spot #24 goes to Otto Kemp***. Weston Wilson is a tougher one for me. He also has 5 more years of control with the same contract constraints as Kemp. The issue is he’s just bad. 77 OPS+ is really bad. 86 vLHP isn’t even good and that’s supposed to be his better platoon side. I believe he has a minor-league option left; I would have him spend the majority of his time next year in Lehigh Valley. There’s a chance he can contribute but the poor offensive numbers mixed with outright terrible fielding should not earn a spot on this team. The hope would be he can refine his approach and be a platoon outfielder on the big club in years to come. With 2 roster spots left, I would utilize free agency to find a platoon partner for Brandon Marsh. ***The obvious answer to me is Rob Refsnyder***. This guy may be the greatest platoon player of all time. He has a 171 OPS+ against LHP. 171! Dude is an MVP candidate against lefties. He can also hold his own in the field, which is more than fine for LF at the bank. The issue is he feels at this point like he’d just stay in Boston until he retires. He is a free agent though so if he is willing to leave, I’d make the move. $3 million would be a pay raise for him and considering we’ve paid $10 million for both Max Kepler and Whit Merrifield the last 2 years, I can easily stomach $3mil for an elite platoon guy. If you can’t get Refsnyder, Tommy Pham is a very similar type of player who is actually a better all-around hitter but would probably cost more. A few other cheap vLHP platoon guys I’d target for short-term deals would be Randal Grichuk, Austin Slater, and Andrew McCutchen (might be tough cause he doesn’t play much OF anymore). If you’re keeping track at home, that’s 25/26 roster spots decided. The payroll is currently sitting at $263 million. For reference, the Phillies 2025 payroll was $282 million and the 2026 luxury tax threshold is projected to be $240 million. We know Middleton isn’t afraid to spend, so I think this is reasonable. The big question is what to do with this final roster spot. Based on last year’s payroll, we could sign a pretty good player for mid-20mil AAV. I know handiness shouldn’t matter for stars, but I would really like a right-handed bat to slot in the 4-hole behind Bryce. Pete Alonso’s projected $177mil/6 yrs fills the payroll gap pretty perfectly. The issue is fit. With Schwarber in the lineup, Alonso would have to play 1B which means Harper to the OF. Harper is much worse in the outfield than he is at 1B. Alonso is also horrific defensively at 1B; he might be the worst 1B in the league at throwing to first with the pitcher covering. Adding Alonso would bolster the offense, but the defense would get worse in 2 different positions. Also not for nothing, but fuck Pete Alonso and the Mets. Gleyber Torres is an interesting name if he’s willing to play 3B (he infamously refused to while on the Yankees). He hits for average, has pop, doesn’t K, chase, or whiff, and he walks a ton. He’d be worth less than Alonso and I view him as a much better fit if he’ll play 3B and Aidan Miller is capable of moving to the OF long-term. The drawback is you lose something major defensively if you trade Stott and put Gleyber at 2B with Miller at 3B, but I know everyone reading this is screaming for that so I figured I’d mention it. Similar to Gleyber is Alex Bregman at 3B. Bregman would have to opt out of his short-term deal with the Red Sox to be available, but I think he will considering the offensive resurgence. You’d similarly need Miller to move to the OF long-term if you’re going to give Bregman the kind of deal he’s asking for. Prior to last year I was very against Bregman coming to Philly. His offensive numbers were trending downward and the FA projections were massive. He kinda proved me dead wrong this year. His bat-to-ball has always been elite and the defense is still mostly there. It’s not gold glove level anymore, but it’s definitely a big upgrade from Bohm. Spotrac projects Bregman to make $158mil/6 yrs on the open market. That level of production is definitely worth $26.3mil per year. I think there’s a 0% for both money and player preference, but it would be awesome to get Bo Bichette and play him at 3B. I think he still wants to get paid like a SS to play SS, but I would be remiss if I didn’t mention that he’s the perfect RH bat I’m talking about. I mentioned both Kyle Tucker and Cody Bellinger earlier in the manifesto as available FA outfielders. I really do believe Kyle Tucker is going to be worth the money, but I only bring him in if Schwarber is gone. Bellinger has earned my respect, but he wouldn’t be a priority for me. I think spot #26 is where I’d take a big swing. I’ve been vague about one specific position on purpose for this exact reason. ***I would sign Alex Bregman to a 6-year deal***. This lineup is missing a consistent righty presence in the middle of the order. If Turner, Schwarber, and Harper can continue to get on base at the rate they do, I want someone with elite bat-to-ball skills behind them to put the ball in play with runners on. That’s Alex Bregman. If it’s a 6-year deal, you’re paying him until he’s 37. I think he can age well at third and be productive for most of that contract. It’s also worth noting that his deal would expire the same year as Harper’s, which is only a year after Nola and Sanchez’s deals end. If things go south on these big deals, 2032 is when big money is off the books. For a full multi-year breakdown of the payroll, I’ll put a screenshot at the end. If it were up to me, our $289,607,617 opening-day roster would be the following: SP: Sanchez, Wheeler, Luzardo, Nola, Painter Pen: Duran, Strahm, Kerkering, Alvarado, Banks, Armstrong, Robert, Walker C: Rutschman, Marchan IF: Harper, Turner, Bregman, Stott, Sosa OF: Bader, Marsh, Crawford, Refsnyder DH: Schwarber UTIL: Kemp Lineups: vRHP SS Turner DH Schwarber 1B Harper 3B Bregman LF Marsh CF Bader 2B Stott C Rutschman RF Crawford Be: Sosa, Kemp, Refsnyder, Marchan vLHP SS Turner LF Refsnyder DH Schwarber 1B Harper 3B Bregman C Rutschman 2B Sosa CF Bader RF Crawford Be: Stott, Marsh, Kemp, Marchan Some questions still need to be answered. The most immediate is: what do you get for Alec Bohm? With this roster, I really wouldn’t care if you got a win-now piece or a prospect. Strahm and Alvarado both come off the books next year; trading Bohm for a reliever with years of control could help stabilize the pen longterm. Instead of signing Refsnyder, you could also trade Bohm for an OF platoon piece. I think my favorite thing would just be to trade him for a prospect who is close to the majors. Guys like Stott, Marsh, Rutschman, and Bader will have contract decisions to be made in 2028. The next generation of young contributors will be Crawford, Miller, and maybe someone you get for Alec Bohm. Another big question is about Aiden Miller’s position long-term. I left him off the opening day roster; I don’t think he needs to rush up to play 3B if you sign Bregman or Gleyber. He only played 8 games in Lehigh Valley this year; I’d like for him to keep his offensive momentum going in AAA to start the year. I mentioned that Miller isn’t going to make a very good defensive SS, plus we have Trea Turner signed through 2033. Miller has to change positions and 3B is the logical move, however Bregman on a 6-year deal would block that as well. There’s the option of waiting out Stott’s deal and putting Miller at 2B or just trading Stott, but I’ve already mentioned it would be a massive step back defensively. I think the Phillies should seriously consider moving Miller to the outfield. I mentioned Bader and Marsh both having contracts expiring in 2028. Miller could spend 2026 in AAA learning to play OF, then swing between AAA/MLB in 2027 before taking over everyday duties in a corner OF spot. He’s incredibly fast and he has a great arm; the raw tools are there for him to be able to make a successful transition. I get that this would greatly delay his MLB ETA. If the bat is just too good to keep in AAA, I’m fine with bringing him up even this year and having some kind of 4-man rotation between Marsh, Bader, Crawford, and Miller. With a prospect this big, you just bring him up when he’s ready, not when there’s an opening. I would start him in the OF in AAA and wait until the right time to integrate him into the MLB roster. Speaking of a clogged up OF, Johan Rojas. The guy just can’t hit at the MLB level, however he’s seriously one of the best defensive players alive today. I would definitely start his season in AAA. Let him try to hit his way out of it one more time. If he’s never going to figure it out offensively, I’d just bring him up and use him every night as a pinch runner and defensive sub. He’s absolutely capable of being impactful in that role, especially in the playoffs. The last and perhaps the most impactful question is in regards to management. This is a big offseason for Dombrowski. Outside of Rhys Hoskins, this is the first time contracts are expiring for key players. There’s 3 hitting FA and even more that could move if he gets aggressive. There’s not a ton of money there, but there’s enough to make necessary changes. Dave has built championship teams before. He’s built division-winning rosters in Philly capable of great things; it hasn’t worked out. If he can accept that and pivot, I still have faith. I personally think the situation on Thompson is very clear. The guys in the locker room really like and respect him. Staying even-keeled over 162 with a roster this good can lead to great success. Rob also has really bad critical thinking skills. I’m not even joking that he should hire a guy to just silently make decisions for him in the playoffs. He can still be the figurehead, but someone else needs to talk to him in an earpiece or something. The last 2 postseasons should be squarely on the offense, but there were some questionable decisions made in the Astros world series, the D-backs NLCS, and early in this NLDS against the Dodgers. In the high-vibes days of the ’22 and ’23 Phillies, I thought moving on from Rob could potentially cause the locker room to implode. Now I really just think we’d be better off making a change. The roster is talented enough to make the playoffs with really any manager. I’d rather get someone in who can grow with this next crop of young players coming up this year. I know that rant is pointless because it’s already been announced that he’s coming back, but I think it’s still worth noting. As far as the two “coordinators” if you will, Caleb Cotham has a job for life. He is Jesus born again in my eyes. The rotation has been churning with maximum efficiency for the better part of 3 years now; which coincides with the date of his hiring. He’s also maximized a lot of pen arms. Strahm wasn’t a big FA, Alvarado was a cast-off, he turned Jeff Hoffman’s career around (just got the save in game 7 of the ALCS, btw). He’s the man, plain and simple. On the flip side, I think Kevin Long should be fired. I get that he’s well respected around the league, but there’s something really lacking in the offense’s approach as a whole. I do think there’s probably guys who do their own thing, but the fact is there are young, impressionable hitters who have not improved. Castellanos is way worse than when he got here. JT has regressed as well, although that might be age-related. Harper and Turner were already stars before getting to Philly. Schwarber is the only one that you can really make the case that he's improved over his time in Philadelphia. So that’s it. That is what I believe to be the best course of action for Phillies success in 2026 and the years to come. The rotation is gonna be really good again. The pen could probably use a deadline add or two, but in general it’s going to be really good again on the back end. Adding Adley Rutschman gives you a solid defender behind the plate who could be a middle-of-the-lineup guy if he taps into some of his previous success. Adding Bregman should really lengthen the middle of this lineup. Adding Bregman and Rutschman means only Marsh and the big 3 really have high K rates. The rest of this team are going to grind out ABs, works counts, and put the ball in play. Bregman, Stott, and Harper also makes for an elite trio defensively in the infield. Turner has had ups and downs defensively; he can make it a really great unit when he’s on. The outfield defense of Marsh, Bader, and Crawford is absolutely elite. They’re all guys who can add contributions on offense as well. All but Schwarber, Adley, and Bregman have great speed for their position; Trea, Stott and the outfield all have flat-out elite speed. This would be the most well-balanced Phillies team since the early teens years, and it would be a roster that officially ropes me back in for another season of Phillies baseball. https://preview.redd.it/oiutfsxjygwf1.png?width=975&format=png&auto=webp&s=9d5bb81eccfc510e10baa48ad75b6f28dc04abda",https://reddit.com/r/phillies/comments/1ocdfbo/another_phillies_offseason_manifesto/,2025-10-21T13:47:06+00:00
player,Aaron Nola,Aaron Nola,reddit_comment,phillies,CitrusEnthusiasts,Whether or not this is realistic I love actual effort in a post. Saving this to read later,https://reddit.com/r/phillies/comments/1ocdfbo/another_phillies_offseason_manifesto/nklpwp4/,2025-10-21T14:10:35+00:00
player,Aaron Nola,Aaron Nola,reddit_comment,phillies,Strangy1234,"""that's it"" LOL",https://reddit.com/r/phillies/comments/1ocdfbo/another_phillies_offseason_manifesto/nklpe8q/,2025-10-21T14:07:42+00:00
player,Aaron Nola,Aaron Nola,reddit_comment,phillies,obiwan_canoli,"I always roll my eyes at these but I have to say I agree with most of your thinking. One thing to correct though, There are two types of Thoracic Outlet Syndrome, nervous and venous, and Wheeler's TOS is not the same thing Strasburg went through. Strasburg had a pinched nerve, which naturally affects movement and motor control to a much greater degree than a pinched blood vessel, which is what Wheeler was dealing with. Still very hard to project what he'll look like on the other side, of course, but from what I've read the pinched blood vessel is much easier to come back from. Merrill Kelly, for example, dealt with venous TOS before his resurgence with the Diamondbacks, so there's good reason to think Wheeler can come back.",https://reddit.com/r/phillies/comments/1ocdfbo/another_phillies_offseason_manifesto/nkm6mis/,2025-10-21T15:39:54+00:00
player,Aaron Nola,Aaron Nola,reddit_comment,phillies,19co,"Last week it definitely felt like our world series window was slammed shut and the sky was falling, but this settled some of my concerns. Fun read thanks for putting it together.",https://reddit.com/r/phillies/comments/1ocdfbo/another_phillies_offseason_manifesto/nklrjcv/,2025-10-21T14:19:39+00:00
player,Aaron Nola,Aaron Nola,reddit_comment,phillies,r_t_o,"> Adding Alonso would bolster the offense, but the defense would get worse in 2 different positions. Also not for nothing, but fuck Pete Alonso and the Mets. :D fair point.",https://reddit.com/r/phillies/comments/1ocdfbo/another_phillies_offseason_manifesto/nkmlh8t/,2025-10-21T16:54:42+00:00
player,Aaron Nola,Aaron Nola,reddit_comment,phillies,Winstonsassafrass,I was assigned less reading as an English major,https://reddit.com/r/phillies/comments/1ocdfbo/another_phillies_offseason_manifesto/nklppyf/,2025-10-21T14:09:32+00:00
player,Aaron Nola,Aaron Nola,reddit_comment,phillies,I_am_Burt_Macklin,I agree that the biggest need they have is a rhb for the 4 hole. If Bohm ever figured out how to drive the ball out of the stadium 25-30 times a year he’d have fit so perfectly there. Big for nothing.,https://reddit.com/r/phillies/comments/1ocdfbo/another_phillies_offseason_manifesto/nkm085c/,2025-10-21T15:06:20+00:00
player,Aaron Nola,Aaron Nola,reddit_comment,phillies,Philly_Outsider,"This is so awesome, really well done! But let's be honest, you'll be roped back in next season regardless!",https://reddit.com/r/phillies/comments/1ocdfbo/another_phillies_offseason_manifesto/nkm8oiu/,2025-10-21T15:50:32+00:00
player,Aaron Nola,Aaron Nola,reddit_comment,phillies,baseballpunk,This is incredibly well thought out. Can't say there's much or anything I disagree with. Thanks!,https://reddit.com/r/phillies/comments/1ocdfbo/another_phillies_offseason_manifesto/nklqs1o/,2025-10-21T14:15:27+00:00
player,Aaron Nola,Aaron Nola,reddit_comment,phillies,Open_Tradition227,Add another RH bullpen option and punt Daniel Robert into the sun and I’m in!,https://reddit.com/r/phillies/comments/1ocdfbo/another_phillies_offseason_manifesto/nklxupl/,2025-10-21T14:53:48+00:00
player,Aaron Nola,Aaron Nola,reddit_comment,phillies,Manymarbles,IMO JT will be beyond invaluable with the new challenge rule next year and we gotta somehow pay him for at least 1 more year,https://reddit.com/r/phillies/comments/1ocdfbo/another_phillies_offseason_manifesto/nknfqfk/,2025-10-21T19:15:52+00:00
player,Aaron Nola,Aaron Nola,reddit_comment,phillies,karawec403,Arguing minor details. You have Refsnyder batting 2nd against lefties. I don’t like having platoon players that high up because he may need to face a right handed reliever later on. But also it pushes Bryce to 4th. I’m firmly of the opinion of putting your 3 best hitters first and getting them more at bats. Move Refsnyder down to like 5 or 6 and keep the first 4 same as vs RHP.,https://reddit.com/r/phillies/comments/1ocdfbo/another_phillies_offseason_manifesto/nkoavyi/,2025-10-21T21:44:06+00:00
player,Aaron Nola,Aaron Nola,reddit_comment,phillies,Will-from-PA,"The Kevin Long bit is nutters. Casty will be 34 next year and JT will be 35. Their decline is obviously age related. Also JT had a career year when Long joined. Also he was key to helping Stott change his swing, which those changes propelled him to an .883 OPS after July 23rd. There's a reason he's respected across the industry.",https://reddit.com/r/phillies/comments/1ocdfbo/another_phillies_offseason_manifesto/nkm427n/,2025-10-21T15:26:32+00:00
player,Aaron Nola,Aaron Nola,reddit_comment,phillies,PMdyouthefix,I don't think Bregman is that much better than Bohm. It's not like Bregman is a big homerun hitter. Their stats are similar and they'd need to spend a lot more to get him. Bohm had a .287 batting average. He was one of the better hitters in the lineup.,https://reddit.com/r/phillies/comments/1ocdfbo/another_phillies_offseason_manifesto/nkm58n5/,2025-10-21T15:32:39+00:00
player,Aaron Nola,Aaron Nola,reddit_comment,phillies,Will-from-PA,I would rather self immolate than cheer for Alex Bregman. I don't care that he's good. I don't care that he'd be an upgrade. He's such a prick that I'd rather watch anyone else at 3B up to and including a Phillies intern.,https://reddit.com/r/phillies/comments/1ocdfbo/another_phillies_offseason_manifesto/nkm283i/,2025-10-21T15:16:56+00:00
player,Aaron Nola,Aaron Nola,reddit_comment,phillies,Electrical_Doubt3024,"I like the way you think for the most part. I would disagree with your assessment of Otto Kemp. We haven't seen his play uninjured, so I think he may have more upside than you are crediting. Edited for spelling",https://reddit.com/r/phillies/comments/1ocdfbo/another_phillies_offseason_manifesto/nkm0axk/,2025-10-21T15:06:45+00:00
player,Aaron Nola,Aaron Nola,reddit_comment,phillies,hypobeat,https://preview.redd.it/oiigs7lmjiwf1.jpeg?width=792&format=pjpg&auto=webp&s=cde2d01c3e7a077ed60c5fb5de153f9aa5350c74,https://reddit.com/r/phillies/comments/1ocdfbo/another_phillies_offseason_manifesto/nkndc3d/,2025-10-21T19:04:42+00:00
player,Aaron Nola,Aaron Nola,reddit_comment,phillies,International-Tax-81,Great work and great read I also want some adley action at the bank 🙏🏻,https://reddit.com/r/phillies/comments/1ocdfbo/another_phillies_offseason_manifesto/nknjwdh/,2025-10-21T19:35:09+00:00
player,Aaron Nola,Aaron Nola,reddit_comment,phillies,MoistAnything4986,Slow Clap…..,https://reddit.com/r/phillies/comments/1ocdfbo/another_phillies_offseason_manifesto/nknk5x8/,2025-10-21T19:36:22+00:00
player,Aaron Nola,Aaron Nola,reddit_comment,phillies,kellzone,"I really think we need to find the cash to bring back Ranger. No one knows how Wheeler will be whenever it is when he gets back. Nola is in the midst of age-related decline and isn't a top of the rotation guy anymore. So, we've got Sanchez and Luzardo as #1 & #2 going in to opening day. Then there's 3 question marks after that. Wheeler? We'll see, but he's not even back by opening day. Nola? Declining. Painter? Complete unknown. Will he be better in the MLB next year than he was in MILB last year with additional healing time? Who knows. Taijuan? Always a roll of the dice.",https://reddit.com/r/phillies/comments/1ocdfbo/another_phillies_offseason_manifesto/nknxejx/,2025-10-21T20:37:29+00:00
player,Aaron Small,A. Small,reddit_post,baseball,Shark89,"What Situations Would You Consider ""27 up, 27 down""? Borne of a small back-and-forth elsewhere on the internet, I realized I couldn't come to a final conclusion without seeing what some baseball stat-nerds might say, because I'm of 2 minds about a specific situation. The most common use of '27 up, 27 down' is, of course, in a perfect game. Every batter that comes to the plate records an out during that at bat, whether through means of strikeout, fly-out, etc. Alternatively, you could record the same outside of a perfect game, if someone makes it on base and the pitcher is able to pick them off without allowing any other baserunners during the game. Blake Snell nearly did this just last week in his Game 1 NLCS start; despite giving up a base hit in the 3rd inning, by picking off that runner, he had only 'faced the minimum' by the time he was pulled after the 8th. Had he pitched the 9th and managed to get out of it facing only 3 batters, that would have been '27 up, 27 down'. The above could even be a no-hitter, given that one baserunner reaches via non-hit. Which leads me to the situation I can't quite resolve. A pitcher makes it through 26 batters cleanly - strikeouts, fly-outs, Teoscar Hernandez gets caught trying to stretch a single into double. The 27th batter comes up and, one way or another, reaches first base. Perfect game over, there may or may not still be a no-hitter on the line. A player comes to the plate, but before he's seen a pitch, the pitcher tosses out the runner taking too big a lead. By pure numbers, it should feel like '28 up, 27 down'. But technically, that 28th batter never recorded a plate appearance, as the inning - and the game - ended without him actually having a turn at the plate. On the stat sheets, it would appear as '27 up, 27 down'. Would this pitcher have 'faced the minimum' despite the *physical* appearance of a 28th batter? Also, any other situations that may fall under this phrase?",https://reddit.com/r/baseball/comments/1ocz7cj/what_situations_would_you_consider_27_up_27_down/,2025-10-22T04:53:26+00:00
player,Aaron Small,A. Small,reddit_comment,baseball,ThatUnknownHero,Teoscar getting caught at 2nd is a single. Perfect game/no hitter was gone the minute he recorded a hit.,https://reddit.com/r/baseball/comments/1ocz7cj/what_situations_would_you_consider_27_up_27_down/nkq8a0k/,2025-10-22T05:00:03+00:00
player,Aaron Small,A. Small,reddit_comment,baseball,Which_Bake_6093,"June 23, 1917 Babe Ruth walks first batter, blows up, takes a swing at the ump He’s tossed, Earnie Shore come in Runner is caught stealing, Shore gets the next 26 out. Originally credited as a shared perfect game. Later classified as shared no-hitter",https://reddit.com/r/baseball/comments/1ocz7cj/what_situations_would_you_consider_27_up_27_down/nkqa6my/,2025-10-22T05:16:26+00:00
player,Aaron Small,A. Small,reddit_comment,baseball,AcrobaticSource3,"Well, under this theory a pitcher could throw a 27-hitter, but still have 27 up and 27 down. Each batter singles and is either caught stealing or picked off each time. Three times an inning, every inning",https://reddit.com/r/baseball/comments/1ocz7cj/what_situations_would_you_consider_27_up_27_down/nkqcsrw/,2025-10-22T05:39:40+00:00
player,Aaron Small,A. Small,reddit_comment,baseball,PFunk224,"In Mark Buehrle's no-hitter against the Rangers in 2007, the only hitter to reach base was Sammy Sosa, who walked. Sosa was promptly picked off by Buehrle. So your scenario has happened before.",https://reddit.com/r/baseball/comments/1ocz7cj/what_situations_would_you_consider_27_up_27_down/nkqbkf9/,2025-10-22T05:28:35+00:00
player,Aaron Small,A. Small,reddit_comment,baseball,erindizmo,"[2016 NLCS game 6](https://www.baseball-reference.com/boxes/CHN/CHN201610220.shtml). Dodgers had four baserunners. Single in the first, reached on an error in the second, single in the eighth, walk in the ninth. Out on a double play, picked off, out on a double play, out on a double play to end the game. 27 up, 27 down. That game was the best birthday present I've ever gotten.",https://reddit.com/r/baseball/comments/1ocz7cj/what_situations_would_you_consider_27_up_27_down/nkqe5bi/,2025-10-22T05:51:47+00:00
player,Aaron Small,A. Small,reddit_comment,baseball,CBRChimpy,"I would say technically it is 27 up, 27 down. The batter did not complete their plate appearance. If this happened in any inning other than the last, that batter would begin a plate appearance at the start of the next inning. But I don't think it's particularly clear to describe such situations as ""27 up, 27 down"" and I would fully anticipate confusion.",https://reddit.com/r/baseball/comments/1ocz7cj/what_situations_would_you_consider_27_up_27_down/nkq8v8e/,2025-10-22T05:05:03+00:00
player,Aaron Small,A. Small,reddit_comment,baseball,Traditional_Half842,"this is incredibly simple. ""27 up, 27 down"" means you face 27 batters and get all of them out. whether it's on the bases, at home plate, or in the field - it doesn't matter. 27 batters got up and all 27 got out (0 men LOB). to your point - the 28th batter doesn't count. it only counts as a ""batter"" if he *completes* his at bat - not just starts it.",https://reddit.com/r/baseball/comments/1ocz7cj/what_situations_would_you_consider_27_up_27_down/nkrqm4b/,2025-10-22T12:51:25+00:00
player,Aaron Small,A. Small,reddit_comment,baseball,-XanderCrews-,A double play would still make 27 up and down without the no hitters,https://reddit.com/r/baseball/comments/1ocz7cj/what_situations_would_you_consider_27_up_27_down/nktdg0o/,2025-10-22T17:44:06+00:00
player,Aaron Small,A. Small,reddit_comment,baseball,DominicB547,strike out the side I hear announcers say that even if they gave up 4 runs. sure all outs came via the SO but thats not the intent of the meaning IMHO.,https://reddit.com/r/baseball/comments/1ocz7cj/what_situations_would_you_consider_27_up_27_down/nktsnr3/,2025-10-22T18:57:26+00:00
player,Aaron Small,A. Small,reddit_post,mlb,Tangentkoala,Are the baseballs juiced this postseason? Dodgers stadium by all means isnt a small park. Yet in the past month we've had 3 moon shots that cleared the entire park. Two from ohtani and one from Schwarber. And not just that but we already have 12 more homeruns than the 2024 post season. So it begs the question are the balls juiced this postseason?,https://reddit.com/r/mlb/comments/1o9m2js/are_the_baseballs_juiced_this_postseason/,2025-10-18T04:06:36+00:00
player,Aaron Small,A. Small,reddit_comment,mlb,AutoModerator,"**I've Built The Solution to Reddit's AI Bot Problem. It's Live Now [Read here](https://www.reddit.com/r/Devvit/comments/1o98zah/ive_built_the_solution_to_reddits_ai_bot_problem/)** *** **Have a suggestion for us? [Send us some mail](https://www.reddit.com/message/compose?to=r%2FTraumatizeThemBack)!** *I am a bot, and this action was performed automatically. Please [contact the moderators of this subreddit](/message/compose/?to=/r/mlb) if you have any questions or concerns.*",https://reddit.com/r/mlb/comments/1o9m2js/are_the_baseballs_juiced_this_postseason/nk38pkb/,2025-10-18T04:06:36+00:00
player,Aaron Small,A. Small,reddit_comment,mlb,Swoop_McCarthy,"As a Brewers fan, no.",https://reddit.com/r/mlb/comments/1o9m2js/are_the_baseballs_juiced_this_postseason/nk391g5/,2025-10-18T04:09:09+00:00
player,Aaron Small,A. Small,reddit_comment,mlb,Prestigious_Fig9485,"Even if they were, Shohei would hit cannonballs out of the park tonight.",https://reddit.com/r/mlb/comments/1o9m2js/are_the_baseballs_juiced_this_postseason/nk3a5x3/,2025-10-18T04:18:03+00:00
player,Aaron Small,A. Small,reddit_comment,mlb,forcefivepod,No.,https://reddit.com/r/mlb/comments/1o9m2js/are_the_baseballs_juiced_this_postseason/nk398aj/,2025-10-18T04:10:40+00:00
player,Aaron Small,A. Small,reddit_comment,mlb,njred87,Not for the brewers..,https://reddit.com/r/mlb/comments/1o9m2js/are_the_baseballs_juiced_this_postseason/nk3bmza/,2025-10-18T04:30:08+00:00
player,Aaron Small,A. Small,reddit_comment,mlb,drygnfyre,"No. It’s just stupid nonsense that people say without any proof. Willy Stergel and Mike Piazza hit balls OUT of Dodger Stadium. Were the balls juiced back then, too, or do we just happen to see really good home run hitters on occasion?",https://reddit.com/r/mlb/comments/1o9m2js/are_the_baseballs_juiced_this_postseason/nk3rb9t/,2025-10-18T06:55:01+00:00
player,Aaron Small,A. Small,reddit_comment,mlb,ReportSpecialist1659,Ai. Dodgers do not even exist,https://reddit.com/r/mlb/comments/1o9m2js/are_the_baseballs_juiced_this_postseason/nk392ox/,2025-10-18T04:09:24+00:00
player,Aaron Small,A. Small,reddit_comment,mlb,rickeygavin,No.All mlb teams are putting up a .227/.303/.383 batting line for a crisp .686 .OPS. and scoring less than four runs per game per team this post season.I imagine the number of home runs suggest scoring runs is extremely home run centric this postseason if not just baseball in general these days.,https://reddit.com/r/mlb/comments/1o9m2js/are_the_baseballs_juiced_this_postseason/nk585xn/,2025-10-18T14:22:04+00:00
player,Aaron Small,A. Small,reddit_comment,mlb,TheSocraticGadfly,"Yes, because Manfred would be able to get baseball factories to ramp 20 dozen or whatever boxes of specially juiced baseballs just in time for the playoffs. In case the OP still doesn't get it? /s just to make sure.",https://reddit.com/r/mlb/comments/1o9m2js/are_the_baseballs_juiced_this_postseason/nk6bj5g/,2025-10-18T17:51:09+00:00
player,Aaron Small,A. Small,reddit_comment,mlb,Puzzleheaded-Road-36,A lot of it has to do with the weather in so cal too. Typically warmer nights see the ball shoot out the field often. If the marine layer comes in during night game humidity slows that ball down too. You can also consider the winds playing a factor at times too but tonight’s weather was perfect for the unicorn 🦄to come out!,https://reddit.com/r/mlb/comments/1o9m2js/are_the_baseballs_juiced_this_postseason/nk43ve9/,2025-10-18T09:05:05+00:00
player,Aaron Small,A. Small,reddit_comment,mlb,leftylasers,Likely. MLB will do anything for a buck. Sanctity of competition be damned,https://reddit.com/r/mlb/comments/1o9m2js/are_the_baseballs_juiced_this_postseason/nk3cl10/,2025-10-18T04:38:03+00:00
player,Aaron Small,A. Small,reddit_post,Dodgers,ZiggyPalffyLA,"Any way to request physical tickets for a game you attended? I was at the game on Friday and want to frame the tickets along with my rally towel. Someone on r/baseball mentioned the Mariners allow you to request physical tickets for a small fee, does anyone know if there’s any way to do this for Dodgers games? Even a 3rd party service would work. Thanks!",https://reddit.com/r/Dodgers/comments/1obmg1s/any_way_to_request_physical_tickets_for_a_game/,2025-10-20T16:02:01+00:00
player,Aaron Small,A. Small,reddit_comment,Dodgers,ih-unh-unh,I don’t believe the team offers printed tickets. A lot of fans used Etsy sellers who created commemorative tickets after last year’s World Series like [this one](https://www.etsy.com/listing/4389261169/2025-world-series-custom-commemorative?ls=s&ga_order=most_relevant&ga_search_type=all&ga_view_type=gallery&ga_search_query=dodger+ticket+world+series&ref=sr_gallery-1-2&organic_search_click=1&sts=1&nob=1&content_source=dc795d82-8ed5-4d84-8582-c24c78e02f81%253ALTb5e2273f430e73d5e4059f770d30f1c523029b9b&logging_key=dc795d82-8ed5-4d84-8582-c24c78e02f81%3ALTb5e2273f430e73d5e4059f770d30f1c523029b9b),https://reddit.com/r/Dodgers/comments/1obmg1s/any_way_to_request_physical_tickets_for_a_game/nkhh6kx/,2025-10-20T19:02:02+00:00
player,Aaron Small,A. Small,reddit_comment,Dodgers,deathscope,I heard that you can ask the box office to print one for you. I haven’t tried it but maybe that’s something you can do.,https://reddit.com/r/Dodgers/comments/1obmg1s/any_way_to_request_physical_tickets_for_a_game/nkhabrp/,2025-10-20T17:23:39+00:00
player,Aaron Small,A. Small,reddit_comment,Dodgers,ronnie_k_aloha,"Screen shot ticket, print and frame....",https://reddit.com/r/Dodgers/comments/1obmg1s/any_way_to_request_physical_tickets_for_a_game/nkic9oh/,2025-10-20T22:40:49+00:00
player,Aaron Small,A. Small,reddit_post,Mariners,Tweeedles,"Mariners radio broadcast team and a friendly PSA Haven’t seen a post of this nature and I hope this doesn’t get removed. After listening to the radio broadcast of nearly every game this season, it seems appropriate to share how great the broadcast team is and how much fun they make being a Mariners fan (to quote a line from my other favorite sports team, “In All Kinds Of Weather.” Yes, I’m a sports masochist.) Rick Rizzs, Gary Hill Jr. and (for the postseason, lucky us!!) Goldy are just so perfect. Throughout this season, admittedly the first in which I’ve followed a baseball team this closely starting in spring training, they’ve provided so many highlights for me personally. Sitting in traffic on my commute or walking my dog in the neighborhood, it was honestly like absolute joy having them in my ear. So many smiles put on my face and at least a few times where I was fist pumping like crazy and confusing the hell out of my neighbors. I am so happy that at a relatively old age I have become a Mariners fan and listener! Side shout out to Brock and Salk show for hooking me way back in February with the offseason talk and run up to spring training. Love those guys too (most of the time lol). During the postseason, which is the only time I’ve actually watched the games on TV, it’s been amazing syncing up the radio call with the tv on mute - the best of both worlds IMHO. Part 2 of this post - a small friendly PSA: On that note, just a preemptive reminder to everyone watching our nationally televised games where you hate (and complain about in the game chat) the biased, horrible, terrible, no good very bad tv announcers… It is incredibly easy to listen to the home broadcast while watching the game! Just download the free app of your choice, start listening and sync up the feeds. Bliss. Links to download the Seattle Sports App for the radio feed: Apple: https://apps.apple.com/us/app/seattle-sports-710-am/id599739395 Google Play: https://play.google.com/store/apps/details?id=com.jacobsmedia.KIROAM&pcampaignid=web_share Enjoy listening to us CRUSH THOSE BIRDS in game 6 with the best commentary in baseball! GOMS!!!",https://reddit.com/r/Mariners/comments/1o9yev1/mariners_radio_broadcast_team_and_a_friendly_psa/,2025-10-18T15:13:39+00:00
player,Aaron Small,A. Small,reddit_comment,Mariners,greatenergypositive,"Reminder that mlb.tv subscribers still have access to audio and that audio can be paused, which makes syncing up much easier!",https://reddit.com/r/Mariners/comments/1o9yev1/mariners_radio_broadcast_team_and_a_friendly_psa/nk5pd3n/,2025-10-18T15:55:28+00:00
player,Aaron Small,A. Small,reddit_comment,Mariners,jklolxoxo,I desperately want this to work but have not been able to successfully sync it to the game. I watch the game stream on YouTube TV and use my computer for the radio and have not had success syncing the two.,https://reddit.com/r/Mariners/comments/1o9yev1/mariners_radio_broadcast_team_and_a_friendly_psa/nk5tc13/,2025-10-18T16:16:44+00:00
player,Aaron Small,A. Small,reddit_comment,Mariners,Superb_Budget8323,Seriously mariners hit a game winning grand slam and all that announcer could talk about is how it was a shitty pitch and he never would have thrown that to him. Dude is the biggest energy suck as a mariners fan. Why does he hate us so much ?,https://reddit.com/r/Mariners/comments/1o9yev1/mariners_radio_broadcast_team_and_a_friendly_psa/nk6ldgd/,2025-10-18T18:42:38+00:00
player,Aaron Small,A. Small,reddit_comment,Mariners,raindownthunda,Seeing the RR clip synced to the video for the Grand Salami was too epic. This is how I’m watching Game 6. Thanks!,https://reddit.com/r/Mariners/comments/1o9yev1/mariners_radio_broadcast_team_and_a_friendly_psa/nk5xcux/,2025-10-18T16:38:24+00:00
player,Aaron Small,A. Small,reddit_comment,Mariners,Ceder26,"I feel radio broadcast for mariners baseball has always been top tier. It’s how I fell in love with this team as a kid. It is still my preferred way to enjoy a game. I know the apple.tv Friday games suck because it’s another subscription service, but they have done a great job syncing the audio to local radio so you can do it from the broadcast. I wish this was an option for postseason.",https://reddit.com/r/Mariners/comments/1o9yev1/mariners_radio_broadcast_team_and_a_friendly_psa/nk6zj7f/,2025-10-18T19:59:23+00:00
player,Aaron Small,A. Small,reddit_comment,Mariners,batey040,We are so fortunate to have the crew calling these games. I’ve listened to the majority of the games this way and it’s just the best.,https://reddit.com/r/Mariners/comments/1o9yev1/mariners_radio_broadcast_team_and_a_friendly_psa/nk6g2vl/,2025-10-18T18:14:29+00:00
player,Aaron Small,A. Small,reddit_comment,Mariners,OhNoApplebees,The M’s radio broadcast is also available for free via the MLB app BUT be warned that the feed is a little behind game updates that the app displays. So you might look at your phone and see a score of 6-2 and a few moments later hear a grand slam :),https://reddit.com/r/Mariners/comments/1o9yev1/mariners_radio_broadcast_team_and_a_friendly_psa/nk5prj4/,2025-10-18T15:57:35+00:00
player,Aaron Small,A. Small,reddit_comment,Mariners,airwreckadarkhorse,"If someone can give a layman’s terms, step-by-step to sinking—that’d be amazing. When I’m using the 710 app, it has commercials so it’s really hard to pause correctly. Am I needing to use a dif app? <3",https://reddit.com/r/Mariners/comments/1o9yev1/mariners_radio_broadcast_team_and_a_friendly_psa/nk5x5kz/,2025-10-18T16:37:19+00:00
player,Aaron Small,A. Small,reddit_comment,Mariners,GefiltePhish,"Note for anyone trying to sync up the radio broadcast with streaming video. Streamers are now adding extra ads to their broadcasts, which delay the video feed and they pretend it’s still live. I synced up the radio feed with Hulu live TV during game 4 and all it took was one commercial break. The game came back on the radio feed while Hulu continued playing another couple ads before coming back, and tried to claim it was still live. Infuriating enough for me to want to cancel Hulu live tv and go back to comcast",https://reddit.com/r/Mariners/comments/1o9yev1/mariners_radio_broadcast_team_and_a_friendly_psa/nk6vngs/,2025-10-18T19:38:24+00:00
player,Aaron Small,A. Small,reddit_comment,Mariners,1001001SOS100100,I happened to be listening to 700am in Anchorage when Eugenio hit the grand slam. The Dave Nehuis tribute call overwhelmed me emotionally! 🔱,https://reddit.com/r/Mariners/comments/1o9yev1/mariners_radio_broadcast_team_and_a_friendly_psa/nk77tvt/,2025-10-18T20:44:28+00:00
player,Aaron Small,A. Small,reddit_comment,Mariners,coldblindjack,I was loling in my car the other day when they were trying to name as many Canadian football teams as they could,https://reddit.com/r/Mariners/comments/1o9yev1/mariners_radio_broadcast_team_and_a_friendly_psa/nk7bvg2/,2025-10-18T21:06:48+00:00
player,Aaron Small,A. Small,reddit_comment,Mariners,NWBF7109,"I absorb every single game. Maybe missed two this whole season. I like to start in my yard for evening games. Throwing a tennis ball for my lab with Gary and Rick calling the first few innings. Then I usually move inside for the rest. We are truly blessed with our announcing teams on tv and on the radio. I travel a lot so I’ve had to watch and listen to a lot of away broadcasters and can tell you, most can’t hold a candle to our team.",https://reddit.com/r/Mariners/comments/1o9yev1/mariners_radio_broadcast_team_and_a_friendly_psa/nk6bj0h/,2025-10-18T17:51:08+00:00
player,Aaron Small,A. Small,reddit_comment,Mariners,ModernSeattleHippie,The app is so helpful! For anyone with a Tesla (or probably other newer cars too) that don’t have AM radio - this is how you can listen to the game in the car! There is an FM sports station in my area but it tends to favor football over baseball (the worst thing about football!) so this has been a godsend!,https://reddit.com/r/Mariners/comments/1o9yev1/mariners_radio_broadcast_team_and_a_friendly_psa/nk5obnu/,2025-10-18T15:49:56+00:00
player,Aaron Small,A. Small,reddit_comment,Mariners,-full-control-,I can’t pause the fox sports one app so I haven’t had any luck. Anyone have any suggestions?,https://reddit.com/r/Mariners/comments/1o9yev1/mariners_radio_broadcast_team_and_a_friendly_psa/nk6hjvx/,2025-10-18T18:22:19+00:00
player,Aaron Small,A. Small,reddit_comment,Mariners,Dumpees,SiriusXM is fantastic for listening to the local radio broadcast. And they carry the post game as well,https://reddit.com/r/Mariners/comments/1o9yev1/mariners_radio_broadcast_team_and_a_friendly_psa/nk6jdjq/,2025-10-18T18:32:05+00:00
player,Aaron Small,A. Small,reddit_comment,Mariners,max_trax,Listening on 710 hearing Rick make the grand salami call gave me goosebumps!,https://reddit.com/r/Mariners/comments/1o9yev1/mariners_radio_broadcast_team_and_a_friendly_psa/nk77ero/,2025-10-18T20:42:09+00:00
player,Aaron Small,A. Small,reddit_comment,Mariners,shadybrainfarm,"Grew up listening to Niehaus on a cheap old radio in my backyard all summer where his preaching made me a member of the Mariner cult for life, lol. Our radio broadcasters have ALWAYS been goated.",https://reddit.com/r/Mariners/comments/1o9yev1/mariners_radio_broadcast_team_and_a_friendly_psa/nk7j26a/,2025-10-18T21:47:55+00:00
player,Aaron Small,A. Small,reddit_comment,Mariners,thelowroller,"I'm up North as a Ms fan. I have no choice but to watch SN feed which is the ,""home of the blue jays"" The salt was there yesterday and i loved it. They were talking about how home team can make the patch in front of home base softer when Ms got out of that zero out bases loaded jam. Lol",https://reddit.com/r/Mariners/comments/1o9yev1/mariners_radio_broadcast_team_and_a_friendly_psa/nk7j62w/,2025-10-18T21:48:32+00:00
player,Aaron Small,A. Small,reddit_comment,Mariners,frequentrabies,Mariners radio and kraken tv are my two all time favorite sports broadcast teams. We are blessed.,https://reddit.com/r/Mariners/comments/1o9yev1/mariners_radio_broadcast_team_and_a_friendly_psa/nk6133m/,2025-10-18T16:57:56+00:00
player,Aaron Small,A. Small,reddit_comment,Mariners,Jack_Mugs,100% this. Listened to so many games this magical year! Tons of ❤️for Rick and Gary and hearing them call every game while muting the Fox announcers has made the playoffs that much better!,https://reddit.com/r/Mariners/comments/1o9yev1/mariners_radio_broadcast_team_and_a_friendly_psa/nk6i296/,2025-10-18T18:25:04+00:00
player,Aaron Small,A. Small,reddit_post,Mariners,Bluto-Blutarsky,"1995 World Series Tix I grew up with M's season tickets at the Kingdome. In '95, after the Mariners lost in the ALCS, my Dad got one of these ticket sets blown up and made into a small piece of wall memorabilia for his den. He gave it to me a few years back. These are my tickets to the WS that never was ($45 each!!! Also, yes that is Dan Wilson on the tickets). One more win and we get to print some real tickets!!!",https://reddit.com/r/Mariners/comments/1o9j6xc/1995_world_series_tix/,2025-10-18T01:37:12+00:00
player,Aaron Small,A. Small,reddit_comment,Mariners,mkparg90s,"I hope you are the next champions, greetings from a padre.",https://reddit.com/r/Mariners/comments/1o9j6xc/1995_world_series_tix/nk2on1a/,2025-10-18T01:48:33+00:00
player,Aaron Small,A. Small,reddit_post,Mariners,DimmuBorgnine,"To all the visiting Blue Jays fans Hello, welcome, glad to see you. Good luck and good games. Please do me a small favor and remember to heckle Josh Naylor, thanks.",https://reddit.com/r/Mariners/comments/1o7fkxg/to_all_the_visiting_blue_jays_fans/,2025-10-15T16:21:20+00:00
player,Aaron Small,A. Small,reddit_comment,Mariners,KingRalf13,"Reminder to Ms fans: if there's a blue jays fan heckling Josh Naylor next to you, there's a good chance it is just an Ms fan in disguise trying to bring out the motherfucker in Josh Naylor.",https://reddit.com/r/Mariners/comments/1o7fkxg/to_all_the_visiting_blue_jays_fans/njnb8lh/,2025-10-15T16:38:32+00:00
player,Aaron Small,A. Small,reddit_comment,Mariners,Responsible_Emu3601,He’s that mf,https://reddit.com/r/Mariners/comments/1o7fkxg/to_all_the_visiting_blue_jays_fans/njnapk0/,2025-10-15T16:35:55+00:00
player,Aaron Small,A. Small,reddit_comment,Mariners,Wheretuh,https://preview.redd.it/9nlragjf5bvf1.jpeg?width=1290&format=pjpg&auto=webp&s=daac5ba08af6a1e6aa29eb2114685e953722df19,https://reddit.com/r/Mariners/comments/1o7fkxg/to_all_the_visiting_blue_jays_fans/njnhdv2/,2025-10-15T17:08:36+00:00
player,Aaron Small,A. Small,reddit_comment,Mariners,dark_pookha,"Also, when we boo Springer, it isn't because he is a Jay. It is because he's a trash can banging trashbro",https://reddit.com/r/Mariners/comments/1o7fkxg/to_all_the_visiting_blue_jays_fans/njno03t/,2025-10-15T17:40:33+00:00
player,Aaron Small,A. Small,reddit_comment,Mariners,DarthBallz,also https://preview.redd.it/sgobm1qzxavf1.jpeg?width=1080&format=pjpg&auto=webp&s=9ea75ca1e0b3c3ff3520f85792ebff16cf7b85a4,https://reddit.com/r/Mariners/comments/1o7fkxg/to_all_the_visiting_blue_jays_fans/njn8weh/,2025-10-15T16:26:52+00:00
player,Aaron Small,A. Small,reddit_comment,Mariners,FrankPoncherelloCHP,"To all the Jays fans in Alberta and B.C, you're going to regret not supporting your local team. I understand this could be due to the current US government threatening us, but Seattle has always welcomed us. best regards.. Frank the Canadian.",https://reddit.com/r/Mariners/comments/1o7fkxg/to_all_the_visiting_blue_jays_fans/njn9ghs/,2025-10-15T16:29:36+00:00
player,Aaron Small,A. Small,reddit_comment,Mariners,LuckyDubbin,"Hope y'all have a good trip, enjoy all that the city has to offer, and make it back across the border safely and without complication. That being said, and I mean this in the nicest way possible, I hope you go home disappointed.",https://reddit.com/r/Mariners/comments/1o7fkxg/to_all_the_visiting_blue_jays_fans/njohi8e/,2025-10-15T20:07:10+00:00
player,Aaron Small,A. Small,reddit_comment,Mariners,justmakeupanam,"I’m totally a jays fan, Josh naylor sucks, and is incapable of being a hero in a game 3 of an alcs. That’s just facts I hope he sees this so he knows how Canada feels. -from a jays fan totally a jays fan real and legit",https://reddit.com/r/Mariners/comments/1o7fkxg/to_all_the_visiting_blue_jays_fans/njnhakc/,2025-10-15T17:08:10+00:00
player,Aaron Small,A. Small,reddit_comment,Mariners,ryu34,Feed him!!!!,https://reddit.com/r/Mariners/comments/1o7fkxg/to_all_the_visiting_blue_jays_fans/njnco8o/,2025-10-15T16:45:35+00:00
player,Aaron Small,A. Small,reddit_comment,Mariners,SPEK2120,[Obligatory](https://www.youtube.com/watch?v=kxvtYHIVqJ4&t=3s),https://reddit.com/r/Mariners/comments/1o7fkxg/to_all_the_visiting_blue_jays_fans/njnfivo/,2025-10-15T16:59:31+00:00
player,Aaron Small,A. Small,reddit_comment,Mariners,despatchesmusic,"I, for one, welcome our Canadian friends and hope they have a good time while visiting Seattle and don’t get fucked with in our city by jackbooted goons or fucked with at the border on their way home. That said, Go M’s.",https://reddit.com/r/Mariners/comments/1o7fkxg/to_all_the_visiting_blue_jays_fans/njnckyq/,2025-10-15T16:45:08+00:00
player,Aaron Small,A. Small,reddit_comment,Mariners,No-Conversation3860,I want all the fuckin’ smoke! They fed me! They fuckin’ fed me!!,https://reddit.com/r/Mariners/comments/1o7fkxg/to_all_the_visiting_blue_jays_fans/njniq0l/,2025-10-15T17:15:04+00:00
player,Aaron Small,A. Small,reddit_comment,Mariners,_redacteduser,https://i.redd.it/izthdca58bvf1.gif,https://reddit.com/r/Mariners/comments/1o7fkxg/to_all_the_visiting_blue_jays_fans/njnkj2c/,2025-10-15T17:23:50+00:00
player,Aaron Small,A. Small,reddit_comment,Mariners,Dizzy_Try4939,feed him,https://reddit.com/r/Mariners/comments/1o7fkxg/to_all_the_visiting_blue_jays_fans/njntjp3/,2025-10-15T18:07:24+00:00
player,Aaron Small,A. Small,reddit_comment,Mariners,Rich-Artichoke6348,WHAT I WOULD GIVE TO SEE THIS SIDE OF NAYLOR SOMETIME THIS SERIES,https://reddit.com/r/Mariners/comments/1o7fkxg/to_all_the_visiting_blue_jays_fans/njob9v4/,2025-10-15T19:36:09+00:00
player,Aaron Small,A. Small,reddit_comment,Mariners,thrwaway23456nbayb,"Naylor is so badass, Julio is so badass, Cal is so badass the whole damn team is so badass",https://reddit.com/r/Mariners/comments/1o7fkxg/to_all_the_visiting_blue_jays_fans/njoukya/,2025-10-15T21:13:55+00:00
player,Aaron Small,A. Small,reddit_comment,Mariners,CantEatCatsKevin,Give him all the smoke,https://reddit.com/r/Mariners/comments/1o7fkxg/to_all_the_visiting_blue_jays_fans/njnfbfh/,2025-10-15T16:58:29+00:00
player,Aaron Small,A. Small,reddit_comment,Mariners,buttstuft,Also… fuck off eh.,https://reddit.com/r/Mariners/comments/1o7fkxg/to_all_the_visiting_blue_jays_fans/njnzgff/,2025-10-15T18:37:07+00:00
player,Aaron Small,A. Small,reddit_comment,Mariners,Mongo_Les,I hope the Jays fans have a miserable time.,https://reddit.com/r/Mariners/comments/1o7fkxg/to_all_the_visiting_blue_jays_fans/njpevej/,2025-10-15T23:10:52+00:00
player,Aaron Small,A. Small,reddit_comment,Mariners,shadybrainfarm,Holy shit OP your username is amazing 😂,https://reddit.com/r/Mariners/comments/1o7fkxg/to_all_the_visiting_blue_jays_fans/njnkuy3/,2025-10-15T17:25:26+00:00
player,Aaron Small,A. Small,reddit_post,chicubs,Ill-Bandicoot-1333,"Why would we not want Kyle Tucker back again? I’m going to preface by saying that, I’m surprised how many Cubs fans hate Kyle Tucker and don’t want him back. Since the last championship team, the Cubs have desperately needed a star bat in the heart of the order. They have been unwilling to spend financially or with prospect capital. Jed Hoyer finally makes a move (since it was his contract year) and brings in a guy who has been a part of championship teams, and is widely considered a five-tool player. The trade return wasn’t cheap either. We’ll be looking back on it for years to come. His first half was electric. And by the end of the season, all of his advanced hitting stats were about in line with career norms. Yes, his second half was frustrating, but he was obviously hurt. I’m not sure who to blame for how it was handled - there was also a weird disconnect between team and player given the fact that Tucker opted to work with his own team in Tampa vs the Cubs staff for rehab. But I feel like it’s safe to say this team doesn’t make the playoffs without a lot of the first half padding that he was a huge part of. If you want to fault him for his October performance, that’s fair enough. But he’s never necessarily between a clutch guy in October. The playoffs are such a small sample size to overall value of a player. He looked terrible in his last few games, but I’m not sure that makes or breaks the decision on whether or not you want to keep the guy. All that said, whether Tucker is playing well or not, his presence in the lineup lifted the weight off of so many other guys. The way pitchers face your lineup is dependent on the complexion of the heart of your order. It was a huge part of why PCA and others were really able to find some comfort at the plate. There’s less pressure for others when you have sluggers at 3-4-5. Sure you have Owen Caissie waiting in the wings next season, but putting all of that pressure on him is not good for his development. You need to expect that he’ll have an adjustment period. As for the rest of the outfield, I would not bet on another 30/30 season from PCA and Seiya has always had injury issues. I feel like what fans hate about Tucker is his demeanor. He didn’t gush over the city, the fans or the stadium; and for some reason fans and media took that personally. I’ve seen this fanbase get behind terrible players (Morel comes to mind), and a lot of it always feels like it’s based on whether or not the player passes the vibe check. I really don’t care if Kyle Tucker hates the city and yearns to be in Florida for all of his free time - if he produces, none of it matters. The guy just seems pretty dull. PCA is as passionate as they come and is very open about his love for the organization….but he stunk in the second half, and I don’t see nearly as much criticism. A lot of what I’m saying about Tucker can be said for many middle of the order bats. The difference is that you gave up a lot to get him, and he’s here now. You have an advantage to retain him. There are questions about injuries, but we do not win 90+ games without him. His price won’t be $400-500m, and frankly, it’s not our money anyways. The Cubs disparity between revenue generated and money spent on player payroll is huge. If you don’t bring him back, who do you want? I love Kyle Schwarber, but this is the same baseball ops group that basically gave away to save $7-8m. Why pay $40m AAV for a guy who can only DH vs one who can play the field when their bat skills are comparable? Even though if they really wanted to act their market size, they’d sign both. If you’re willing to let him walk, it should only be because you have real plans to reallocate that $300-400m to someone as good. I think Jed/Tom being so willing to let him just go, knowing all they gave up for him, is a really bad sign that they have no intention to spend. But I guess I’m just surprised at the hate for him. What is the worst case scenario? A 7-8 year contract that’s backloaded? A little less money in the 2030s for a team that’s a top 3 revenue generator? The team is just so risk averse and this is the time to add pieces that put you over the edge. And when he’s hitting well for the Dodgers next year, I feel like fans will regret torching him as much as they have. Every Spring it gets tiring hearing about all of the dumpster dive reclamation projects Jed has signed. When’s this team ever gonna get serious?",https://reddit.com/r/CHICubs/comments/1obdgxa/why_would_we_not_want_kyle_tucker_back_again/,2025-10-20T07:21:03+00:00
player,Aaron Small,A. Small,reddit_comment,chicubs,funky_chicken29,"I think it’s a lot of over reacting mixed with a decent sized let down and bad luck/timing. He 100% is the X-factor that we needed to make it to the post season this year. Huge performances from PCA/Busch/Seiya and bullpen were already known to also be needed. Tucker comes in, wow! He’s the guy they said he was. He’s our own Jesus Christ. Every at bat you would prep yourself for a homer or extra base hit. We were ALL IN as fans. I bought his jersey. We made a HUGE effort and campaigned to vote him in to the All-Star game to go with Pete and really show him this team/city loves him. We didnt know anything about his injury at this point. We knew he slid into 2nd, jammed his finger on June 1, then he played his best month of the season all through June. Then, it started happening. The Slump. We got him specifically to be Slump proof. We know this team slumps and they do it all at the same time. If Tucker could still hit around .250-.300, we had a fighting chance. He started batting like .120 and didn’t hit a homer in what felt like 2 months. His demeanor doesn’t help the situation because it’s very dull and that’s fine, it just comes across as not caring when you have no idea what’s going on. In the middle of his slump, the fans start calling for him to take some time off and mentally reset. (Still don’t know about any injury). He starts hitting strictly grounders to 1st base. Then, the no hustle to 1st base fan Booing. (We still have no idea that there is anything wrong with him) after we were hoping for a few days off and Owen Caissie/Alcantara time to spark something, this felt like a slap in the face. Now you have fans saying, “I’m over this bum, get him out of here. $400 million!? Are you out of your mind!? I’d rather give the spot to the kid and see what he’s got. Dude hasn’t hit anything in over a month, we’re trying to win a division here!” Then news starts coming out that he might be hurt. Hurt from what? Fractured hand. From June!? We’re just finding out about this now? But he played the entire month of June and was awesome? He may have over corrected for the past month and now he messed up his swing. Ok…put him on the IL, put Caissie in like we all wanted and when he comes back, he’ll rake again! They didn’t do it right away. Then he hurts his calf in September, turns out his hamstring was strained and prevented him from running. He goes on the IL and we basically never see him again. This team moves on, the fans move on and we almost forget he’s on the team. We make the playoffs, team celebrates in the locker room…where’s Tucker? Oh he left for Tampa Bay to meet with his own team because the Cubs staff apparently isn’t able to help him…ok bye bye. Then he comes back and basically does nothing. The End. I actually want to try him out again, but only for 1 year. If he played an entire season/postseason like he did the first half, we would be in the World Series and I would offer him the deal he wants if we could win another ring. But, I would not pay $400 million for a repeat of what he brought this year and I know bad luck was huge this year.",https://reddit.com/r/CHICubs/comments/1obdgxa/why_would_we_not_want_kyle_tucker_back_again/nkg75z4/,2025-10-20T08:54:35+00:00
player,Aaron Small,A. Small,reddit_comment,chicubs,ChickenAdoughboy,The minute you let Tucker go you are a worse team than you were. No one wants to overpay but if you want to go after top free agents you are going to have to. Who’s the last top FA that was worth their salary for their whole contract? Personally I don’t think we necessarily have to resign him but they better have a plan on how to replace his production and presence in the lineup. It’s cant just be Mo Baller + Cassie = Kyle Tucker.,https://reddit.com/r/CHICubs/comments/1obdgxa/why_would_we_not_want_kyle_tucker_back_again/nkgrzy4/,2025-10-20T12:58:14+00:00
player,Aaron Small,A. Small,reddit_comment,chicubs,Shiftymennoknight,"Don't think ive heard any Cubs fans saying they hate Tucker. He's a good player but someone is going to overpay huge for him, hope it isnt us",https://reddit.com/r/CHICubs/comments/1obdgxa/why_would_we_not_want_kyle_tucker_back_again/nkg0krd/,2025-10-20T07:28:06+00:00
player,Aaron Small,A. Small,reddit_comment,chicubs,meowmix778,"I look at Tucker about the same way I looked at Beli. I really liked the guy and I would have LOVED to see him come back. Just his numbers don't quite add up to the price tag. The Cubs have some notable holes to plug and it comes down to a question of logistics and good business. I haven't heard anyone say they hate him tbh so I'm a bit confused about that. TBH I'd be happy if the Cubs overpay him like 10% but the state of baseball contracts right now, he is going to get some ignorant contract worth infinite money.",https://reddit.com/r/CHICubs/comments/1obdgxa/why_would_we_not_want_kyle_tucker_back_again/nkgtzo1/,2025-10-20T13:11:19+00:00
player,Abe White,A. White,reddit_post,fantasybaseball,karabekian77,"""If they fly a white flag under a black and blue sky, will the red sun rise?"" Closers and Saves Report, AMA about your bullpens or whatever else for funsies",https://reddit.com/r/fantasybaseball/comments/1o9cqz5/if_they_fly_a_white_flag_under_a_black_and_blue/,2025-10-17T20:46:53+00:00
player,Abe White,A. White,reddit_comment,fantasybaseball,BalognaMacaroni,I have a question - can someone please tell the Padres to knock it off with converting relievers into starters? Who do they think they’re kidding with Morejon and/or Miller in the rotation?,https://reddit.com/r/fantasybaseball/comments/1o9cqz5/if_they_fly_a_white_flag_under_a_black_and_blue/nk1puvw/,2025-10-17T22:11:37+00:00
player,Abe White,A. White,reddit_post,Mariners,sharkbait_88,"Mariners ALCS Game 6 Hey Mariners fans in Denver. I just stopped into Stoney’s Uptown and they said they would play the M’s with audio either in the bar or on one of the patios for us. I’ll be there around 5pm! I’ll buy a beer for the first 5 fans in Mariners gear, I’ll be rocking my cream Naylor jersey and a white Mariners hat. See you there!",https://reddit.com/r/Mariners/comments/1ob21dq/mariners_alcs_game_6/,2025-10-19T21:42:15+00:00
player,Abe White,A. White,reddit_comment,Mariners,DosZappos,I was going to watch at home but this may get me out of the house,https://reddit.com/r/Mariners/comments/1ob21dq/mariners_alcs_game_6/nkdozr4/,2025-10-19T21:44:18+00:00
player,Abe White,A. White,reddit_comment,Mariners,SoggyNeedleworker,Great bar. Great bartenders. Tons of tv’s. 10/10 recommend.,https://reddit.com/r/Mariners/comments/1ob21dq/mariners_alcs_game_6/nkdoyu7/,2025-10-19T21:44:09+00:00
player,Abe White,A. White,reddit_comment,Mariners,Jed1M1ndTr1ck,"If I was in Denver, I'd definitely take you up on that! Represent, and GO M's!!!",https://reddit.com/r/Mariners/comments/1ob21dq/mariners_alcs_game_6/nkdu0p8/,2025-10-19T22:11:56+00:00
player,Abe White,A. White,reddit_comment,Mariners,andrewno8do,"I’ve been floating around Denver trying to find fellow Ms fans to watch the game all postseason. Of all days to come down with a cold. (By the way, the liquor store on 6th & Pearl next to that one Italian restaurant and across the street from that other Italian restaurant sells Rainier. Last cooler on the left, top shelf, right in the middle. $6/6pk)",https://reddit.com/r/Mariners/comments/1ob21dq/mariners_alcs_game_6/nkdytuj/,2025-10-19T22:39:46+00:00
player,Abe White,A. White,reddit_comment,Mariners,norrisdt,I’m out in Golden but will be getting kids to bed for the first few innings so am camped here. Go M’s!!,https://reddit.com/r/Mariners/comments/1ob21dq/mariners_alcs_game_6/nkdujvz/,2025-10-19T22:14:57+00:00
player,Abe White,A. White,reddit_comment,Mariners,Silent_R,"Oh hell yes. Not normally a devout M's fan, but this is exactly what I was looking for. See you there.",https://reddit.com/r/Mariners/comments/1ob21dq/mariners_alcs_game_6/nkdzmzu/,2025-10-19T22:44:26+00:00
player,Abe White,A. White,reddit_comment,Mariners,Lost-Calligrapher375,A beacon. Ya'll we everywhere tonight. Former 206 for decades now in the 509. LFG!!!!!! We got this🔱,https://reddit.com/r/Mariners/comments/1ob21dq/mariners_alcs_game_6/nke2u37/,2025-10-19T23:02:56+00:00
player,Abe White,A. White,reddit_comment,Mariners,pandonna,Count me in for the next one!,https://reddit.com/r/Mariners/comments/1ob21dq/mariners_alcs_game_6/nke3rnh/,2025-10-19T23:08:24+00:00
player,Abe White,A. White,reddit_comment,Mariners,meowthicus,"Aw man I have work tonight, definitely will join next time!",https://reddit.com/r/Mariners/comments/1ob21dq/mariners_alcs_game_6/nke4nta/,2025-10-19T23:13:41+00:00
player,Abe White,A. White,reddit_comment,Mariners,JumpintheFiah,Does anybody have a hint about where to sail the high seas? Our old standby gave out.,https://reddit.com/r/Mariners/comments/1ob21dq/mariners_alcs_game_6/nkege77/,2025-10-20T00:24:01+00:00
player,Abe White,A. White,reddit_comment,Mariners,intern_nomad,u/silphcon here ya go!,https://reddit.com/r/Mariners/comments/1ob21dq/mariners_alcs_game_6/nkfryme/,2025-10-20T06:04:06+00:00
player,Abe White,A. White,reddit_comment,Mariners,pandonna,Y'all rocking again tn?,https://reddit.com/r/Mariners/comments/1ob21dq/mariners_alcs_game_6/nki6itd/,2025-10-20T21:54:28+00:00
player,Abe White,A. White,reddit_post,whitesox,notjustbymyself,Day 5 of posting a white Sox players savant page This one’s a little more tricky. Would you guys prefer I put the answer in the comment or in the post?,https://reddit.com/r/whitesox/comments/1ob0wz9/day_5_of_posting_a_white_sox_players_savant_page/,2025-10-19T20:56:57+00:00
player,Abe White,A. White,reddit_comment,whitesox,Decent_Nobody_8830,Gilbert? Or another of the stable of relievers whose names I can’t remember,https://reddit.com/r/whitesox/comments/1ob0wz9/day_5_of_posting_a_white_sox_players_savant_page/nkdi5vb/,2025-10-19T21:08:38+00:00
player,Abe White,A. White,reddit_comment,whitesox,TUDGame,Tyler Gilbert,https://reddit.com/r/whitesox/comments/1ob0wz9/day_5_of_posting_a_white_sox_players_savant_page/nkdxok6/,2025-10-19T22:33:00+00:00
player,Abe White,A. White,reddit_post,whitesox,notjustbymyself,Day 4 of posing a white Sox players savant page Guess. I’ll post the answer tomorrow night or maybe Sunday morning. 🐻⬇️,https://reddit.com/r/whitesox/comments/1o9h71i/day_4_of_posing_a_white_sox_players_savant_page/,2025-10-17T23:59:19+00:00
player,Abe White,A. White,reddit_comment,whitesox,Senorsty,"If this isn’t Chase Meidroth, I’ll eat my hat.",https://reddit.com/r/whitesox/comments/1o9h71i/day_4_of_posing_a_white_sox_players_savant_page/nk28ert/,2025-10-18T00:05:42+00:00
player,Abe White,A. White,reddit_comment,whitesox,brexitvelocity,"Doesn’t chase, doesn’t whiff, doesn’t strike out, squares up balls…poor expected hitting averages…wild",https://reddit.com/r/whitesox/comments/1o9h71i/day_4_of_posing_a_white_sox_players_savant_page/nk2d61y/,2025-10-18T00:35:50+00:00
player,Abe White,A. White,reddit_comment,whitesox,KingAirQC,Gotta be Meidroth,https://reddit.com/r/whitesox/comments/1o9h71i/day_4_of_posing_a_white_sox_players_savant_page/nk2bwkn/,2025-10-18T00:27:48+00:00
player,Abe White,A. White,reddit_comment,whitesox,epcot32,Chase!,https://reddit.com/r/whitesox/comments/1o9h71i/day_4_of_posing_a_white_sox_players_savant_page/nk2va8n/,2025-10-18T02:31:03+00:00
player,Abe White,A. White,reddit_comment,whitesox,notaverysmartdog,"He's called Chase, like calling a big guy Tiny",https://reddit.com/r/whitesox/comments/1o9h71i/day_4_of_posing_a_white_sox_players_savant_page/nk35qy1/,2025-10-18T03:44:02+00:00
player,Abe White,A. White,reddit_comment,whitesox,notjustbymyself,It was indeed Chase Meidroth.,https://reddit.com/r/whitesox/comments/1o9h71i/day_4_of_posing_a_white_sox_players_savant_page/nkdfdfz/,2025-10-19T20:54:45+00:00
player,Abe White,A. White,reddit_comment,whitesox,tavinjlewis,Meidroth,https://reddit.com/r/whitesox/comments/1o9h71i/day_4_of_posing_a_white_sox_players_savant_page/nkeae0f/,2025-10-19T23:46:54+00:00
player,Abe White,A. White,reddit_post,Brewers,Aggravating-Name8530,"First Year as a Brewers Fan I live in Rockford, IL. Just over the Wisconsin border. I have been a Chicago White Sox fan my entire life. I still am. But, the White Sox have, quite possibly, the worst owner in the MLB, or maybe even all professional sports. He invests nothing in the team, and has even threatened to move them to Nashville. Having lived with an abysmal team for the majority of the past 20 years, I decided that it is time to add a team to root for, watch, and go to their games. The closest teams for me are the Brewers, Cubs and the Cardinals. As a White Sox fan, and former South Sider, there is NO WAY in God's green earth that you will EVER see me rooting for the Cubs. So, Brewers it is. I loved what I knew of the organization and I loved the stadium. I also thought the fans were super cool, and they had great colors. So, I folowed the Brewers all season. I watched many games, and at least watched the highlights of every single win they had. I quickly fell in love with this team. The Dodgers series was rough. It was weird to watch. They were still them, but lost some of the magic, and some of their identity. Like, they played like themselves in the first game against the Cubs playing small ball and scoring like 10 runs in the first two innings. But from there on out (including the Dodgers series), they acted like it was a damn home run derby, swinging only for the fences. They weren’t focusing on their strengths! Their strengths are working pitch counts, getting on base, being aggressive runners, stealing bases, putting pressure on the pitcher until they make mistakes. Leading to run after run after run. They’re not a major home run hitting team! Like, did they lose their collective minds? The Dodgers are a team we SWEPT in the regular season! I felt like they forgot about who they are. The playoff lights were too bright for our little brew crew. Hopefully they can use this to make them better and more solid in their identity. Hopefully they can come back next year with more Identity and confidence in who they are. Because who they are made them the BEST team in the whole damn league. To abandon that is nothing short of a tragedy. Or at the very least, it was immaturity and lack of experience. Either way, the future looks bright for the boys! I loved my first season as a Brewers fan, and I’m excited to see how they progress. All in all, I’m proud of what they accomplished and they made it to the NLCS for the first time since 2018. These boys are ballers. I’m not sad. I'm proud to have become a Brewers fan, and I am proud to have pissed off all of my Cubs fan friends haha.",https://reddit.com/r/Brewers/comments/1oa4e0d/first_year_as_a_brewers_fan/,2025-10-18T19:09:09+00:00
player,Abe White,A. White,reddit_comment,Brewers,LegitiamateSalvage,Welcome :),https://reddit.com/r/Brewers/comments/1oa4e0d/first_year_as_a_brewers_fan/nk6sxwf/,2025-10-18T19:23:29+00:00
player,Abe White,A. White,reddit_comment,Brewers,chunk-a-lunk,"We're glad to have you. My grandpa was from the south side and was a Sox fan and I've always had a soft spot for the team. Some of the most badass/menacing uniforms in baseball, too. Are you so sure that the Crew were truly swinging for the fences, or was the Dodgers pitching just actually that good? Billy Beane, who put the moneyball theory into practice with the A's was explicit: ""My shit doesn't work in the playoffs."" The total collapse or our bats led to a disappointing sweep, for sure. We played moneyball and as importantly built an amazing team culture with the new, 2023 ruleset and we won a playoff series for the first time in 7 years. I'm stoked. I do think the Crew got totally psyched out, but I also think that the reason people spend triple our salary is to get these guys who can slug in high leverage situations. That and crack pitching seem to be the things that win World Series. It happens in other sports - teams are built for the regular season but not the playoffs, at least not in the same way. Injuries are also a pervasive factor - but this often just points to the real issue which can be a lack of depth. I'm not sad either and I share your optimism and pride. I think there's a non-zero chance we're converting some Twins fans, too. A far cry from when Wisconsin was technically and often in practice Cubs' territory, decades ago.",https://reddit.com/r/Brewers/comments/1oa4e0d/first_year_as_a_brewers_fan/nk6vl2j/,2025-10-18T19:38:03+00:00
player,Abe White,A. White,reddit_comment,Brewers,guhguhguhguhguhH,"Former Sox fan, but always a Brewers fan here. The Crew had been my NL team/2nd favorite from age 6 onward. Everything about the Brewers is an upgrade, from the park to the fans to the organization to the players. I loathe the White Sox with every fiber of my being now. I'll spare you the details but I have openly HATED them since 2021 (and in hindsight much much longer). I don't give a shit if Jerry sells and they win 15 straight World Series and the Brewers never sniff .500 again, I am Brew Crew till I die. Thats the positive effect this team has had on me.",https://reddit.com/r/Brewers/comments/1oa4e0d/first_year_as_a_brewers_fan/nk775zv/,2025-10-18T20:40:51+00:00
player,Abe White,A. White,reddit_comment,Brewers,ApprehensiveAct4935,Rockford here as well (Wisconsin born and raised),https://reddit.com/r/Brewers/comments/1oa4e0d/first_year_as_a_brewers_fan/nk7cxsj/,2025-10-18T21:12:49+00:00
player,Abe White,A. White,reddit_comment,Brewers,sconniepaul1,I made the same switch myself - about 2 years after Konerko retired. Welcome!,https://reddit.com/r/Brewers/comments/1oa4e0d/first_year_as_a_brewers_fan/nk7r9x9/,2025-10-18T22:36:42+00:00
player,Abe White,A. White,reddit_comment,Brewers,JeanetteSchutz,I’m with you!! I’m a newbie this year also. Never was interested until this year. “ being aggressive runners” is what you said that stood out to me! They need to step up their running ability so they can at least make it to first base once in a while. 🤨,https://reddit.com/r/Brewers/comments/1oa4e0d/first_year_as_a_brewers_fan/nk82ea3/,2025-10-18T23:44:08+00:00
player,Abe White,A. White,reddit_comment,Brewers,Virtual-Food-3866,"Im hoping next the Brewers make it to this level, they will believe they belong there as much as their fans believe it!",https://reddit.com/r/Brewers/comments/1oa4e0d/first_year_as_a_brewers_fan/nk6z5y3/,2025-10-18T19:57:24+00:00
player,Abe White,A. White,reddit_comment,Brewers,timtoolshed,"I really do feel like Murph should be included in the discussion of not approaching the game like the regular season. He would swap guys all around the lineup to try to shake something out of them, sit them when they messed up, and we hardly saw any of that this post season, the LCS in particular. Turang and Yelich stayed in the top 4 despite virtually no production. Can't have a DH who's lost at the plate day in and day out. Mona, who frequently came up clutch, only got a single PA (a productive one, at that) when it was too little, too late. Almost exclusively used as a defensive sub when that's the exact opposite of Joey O's problem. I love these guys to death, but you're right. At least half of them got in their own heads and stopped being themselves, but it's really bad when it seems like the manager is one of them. That said, I still think Murph deserves NL MOTY.",https://reddit.com/r/Brewers/comments/1oa4e0d/first_year_as_a_brewers_fan/nk8ckqj/,2025-10-19T00:47:34+00:00
player,Abe White,A. White,reddit_comment,Brewers,EmpressVixen,Welcome to the family. Help yourself to snacks and something to drink while we assign you a favorite player.,https://reddit.com/r/Brewers/comments/1oa4e0d/first_year_as_a_brewers_fan/nk734zz/,2025-10-18T20:18:52+00:00
player,Abe White,A. White,reddit_comment,Brewers,Fu2ki,"Welcome to the club. There aren't many of us in the Rockford area. If you get a chance, head up to Beloit next summer when the TimberRattlers are visiting. It is a great stadium, and it is fun seeing the prospects in A ball.",https://reddit.com/r/Brewers/comments/1oa4e0d/first_year_as_a_brewers_fan/nk8pxc8/,2025-10-19T02:12:12+00:00
player,Abe White,A. White,reddit_comment,Brewers,Inti-Illimani,My opinion of Rockford has increased,https://reddit.com/r/Brewers/comments/1oa4e0d/first_year_as_a_brewers_fan/nkmrfui/,2025-10-21T17:22:44+00:00
player,Abe White,A. White,reddit_comment,Brewers,Big-Active3139,"All this talk about the cubs, y'all need to grow up",https://reddit.com/r/Brewers/comments/1oa4e0d/first_year_as_a_brewers_fan/nkapyfc/,2025-10-19T12:34:49+00:00
player,Adam Kennedy,Adam Kennedy,reddit_post,baseball,GodPowardKingOfLies,"Shohei Ohtani is the 12th player in MLB history to hit 3 home runs in a single playoff game The list is now Babe Ruth, Bob Robertson, Reggie Jackson, George Brett, Adam Kennedy, Adrian Beltre, Albert Pujols, Pablo Sandoval, Jose Altuve, Kike Hernandez, Chris Taylor, and Shohei Ohtani. The Dodgers have the last 3 such games with Taylor doing it in 2021, and Hernandez in 2017, and now have the most players to have done it.",https://reddit.com/r/baseball/comments/1o9kr4i/shohei_ohtani_is_the_12th_player_in_mlb_history/,2025-10-18T02:56:15+00:00
player,Adam Kennedy,Adam Kennedy,reddit_comment,baseball,randomnate,"Fun coincidence, I don’t think any of those other guys allowed any runs in those games either",https://reddit.com/r/baseball/comments/1o9kr4i/shohei_ohtani_is_the_12th_player_in_mlb_history/nk2z93p/,2025-10-18T02:57:31+00:00
player,Adam Kennedy,Adam Kennedy,reddit_comment,baseball,Dredeuced,Damn can't believe Shohei is in the same rarefied air as Kike.,https://reddit.com/r/baseball/comments/1o9kr4i/shohei_ohtani_is_the_12th_player_in_mlb_history/nk2z5tq/,2025-10-18T02:56:54+00:00
player,Adam Kennedy,Adam Kennedy,reddit_comment,baseball,TurboDurbo1,"I mean, that with 10 Ks has to go down as the greatest single game performance of all time, right?",https://reddit.com/r/baseball/comments/1o9kr4i/shohei_ohtani_is_the_12th_player_in_mlb_history/nk30jtl/,2025-10-18T03:06:31+00:00
player,Adam Kennedy,Adam Kennedy,reddit_comment,baseball,PlatinumRaptor95,He’s the second best pitcher on that list… …behind Kike Hernandez,https://reddit.com/r/baseball/comments/1o9kr4i/shohei_ohtani_is_the_12th_player_in_mlb_history/nk2zjpw/,2025-10-18T02:59:34+00:00
player,Adam Kennedy,Adam Kennedy,reddit_comment,baseball,thewibblylever,Enrique Hernandez is HUGE,https://reddit.com/r/baseball/comments/1o9kr4i/shohei_ohtani_is_the_12th_player_in_mlb_history/nk2znt8/,2025-10-18T03:00:20+00:00
player,Adam Kennedy,Adam Kennedy,reddit_comment,baseball,Papagayo_blanco,And the 11th to do it without the assistance of a trash can.,https://reddit.com/r/baseball/comments/1o9kr4i/shohei_ohtani_is_the_12th_player_in_mlb_history/nk35t4p/,2025-10-18T03:44:29+00:00
player,Adam Kennedy,Adam Kennedy,reddit_comment,baseball,mysterysackerfice,Not surprised to see ChrisT Aylor's name on this list. Shohei's though...that's a bit surprising.,https://reddit.com/r/baseball/comments/1o9kr4i/shohei_ohtani_is_the_12th_player_in_mlb_history/nk2z8mf/,2025-10-18T02:57:26+00:00
player,Adam Kennedy,Adam Kennedy,reddit_comment,baseball,rebelrexx,Only player to pitch 6 inning shutout with 3 HR,https://reddit.com/r/baseball/comments/1o9kr4i/shohei_ohtani_is_the_12th_player_in_mlb_history/nk2zb0p/,2025-10-18T02:57:53+00:00
player,Adam Kennedy,Adam Kennedy,reddit_comment,baseball,Crayshack,"Only 21 players have ever hit 4 in the regular season. None were in the playoffs. If he gets one more, he's in a club of his own once again.",https://reddit.com/r/baseball/comments/1o9kr4i/shohei_ohtani_is_the_12th_player_in_mlb_history/nk307z1/,2025-10-18T03:04:14+00:00
player,Adam Kennedy,Adam Kennedy,reddit_comment,baseball,VariousLawyerings,Burying the lede that there's a dude named Bob Robertson,https://reddit.com/r/baseball/comments/1o9kr4i/shohei_ohtani_is_the_12th_player_in_mlb_history/nk30uji/,2025-10-18T03:08:38+00:00
player,Adam Kennedy,Adam Kennedy,reddit_comment,baseball,champsorchumps,"If you'd like to see them all in a nice list: # Ask Screwball: [Players to hit at least 3 homers in the same postseason game, by date](https://screwball.ai/search?q=Players+to+hit+at+least+3+homers+in+the+same+postseason+game%2C+by+date) | | Batter | Game | AB | H | HR | |---|---|---|---|---|--- | | 1. | Shohei Ohtani | MIL@LAD Oct 17, 2025 | 3 | 3 | 3 | | 2. | Chris Taylor | ATL@LAD Oct 21, 2021 | 5 | 4 | 3 | | 3. | Enrique Hernandez | LAD@CHC Oct 19, 2017 | 4 | 3 | 3 | | 4. | Jose Altuve | BOS@HOU Oct 5, 2017 | 4 | 3 | 3 | | 5. | Pablo Sandoval | DET@SFG Oct 24, 2012 | 4 | 4 | 3 | | 6. | Albert Pujols | STL@TEX Oct 22, 2011 | 6 | 5 | 3 | | 7. | Adrian Beltre | TEX@TBR Oct 4, 2011 | 4 | 3 | 3 | | 8. | Adam Kennedy | MIN@LAA Oct 13, 2002 | 4 | 4 | 3 | | 9. | George Brett | KCR@NYY Oct 6, 1978 | 5 | 3 | 3 | | 10. | Reggie Jackson | LAD@NYY Oct 18, 1977 | 3 | 3 | 3 | | 11. | Bob Robertson | PIT@SFG Oct 3, 1971 | 5 | 4 | 3 | | 12. | Babe Ruth | NYY@STL Oct 9, 1928 | 5 | 3 | 3 | | 13. | Babe Ruth | NYY@STL Oct 6, 1926 | 3 | 3 | 3 |",https://reddit.com/r/baseball/comments/1o9kr4i/shohei_ohtani_is_the_12th_player_in_mlb_history/nk301ir/,2025-10-18T03:03:00+00:00
player,Adam Kennedy,Adam Kennedy,reddit_comment,baseball,OutsideScaresMe,"Did we just witness the greatest single game performance in post season history? I’d go out on a limb and say it’s not even close (Purely stats based, like you could argue a CGSO game 7 of the WS is better because of the situation, but stats wise Ohtani would still be better)",https://reddit.com/r/baseball/comments/1o9kr4i/shohei_ohtani_is_the_12th_player_in_mlb_history/nk32jvm/,2025-10-18T03:20:43+00:00
player,Adam Kennedy,Adam Kennedy,reddit_comment,baseball,,[deleted],https://reddit.com/r/baseball/comments/1o9kr4i/shohei_ohtani_is_the_12th_player_in_mlb_history/nk2zu1q/,2025-10-18T03:01:33+00:00
player,Adam Kennedy,Adam Kennedy,reddit_comment,baseball,Slerpup,Postseason Kike Hernandez randomly showing up on these postseason lists is always so funny,https://reddit.com/r/baseball/comments/1o9kr4i/shohei_ohtani_is_the_12th_player_in_mlb_history/nk30iof/,2025-10-18T03:06:18+00:00
player,Adam Kennedy,Adam Kennedy,reddit_comment,baseball,Akipella,And who struck out 10 in the same game to send their team to the WS lol,https://reddit.com/r/baseball/comments/1o9kr4i/shohei_ohtani_is_the_12th_player_in_mlb_history/nk30lo4/,2025-10-18T03:06:53+00:00
player,Adam Kennedy,Adam Kennedy,reddit_comment,baseball,FreedomKid7,Is this the best individual performance a guy has ever had in the playoffs in the history of baseball?,https://reddit.com/r/baseball/comments/1o9kr4i/shohei_ohtani_is_the_12th_player_in_mlb_history/nk31jkd/,2025-10-18T03:13:32+00:00
player,Adam Kennedy,Adam Kennedy,reddit_comment,baseball,chumpy3,October Kiké is Reggie Jackson confirmed.,https://reddit.com/r/baseball/comments/1o9kr4i/shohei_ohtani_is_the_12th_player_in_mlb_history/nk35ra0/,2025-10-18T03:44:06+00:00
player,Adam Kennedy,Adam Kennedy,reddit_comment,baseball,IChurnToBurn,How many stuck out 10?,https://reddit.com/r/baseball/comments/1o9kr4i/shohei_ohtani_is_the_12th_player_in_mlb_history/nk2ze5p/,2025-10-18T02:58:29+00:00
player,Adam Kennedy,Adam Kennedy,reddit_comment,baseball,baconpoutine89,"Didn't think anyone would top the starter's pitching performance tonight, but this guy one-upped him.",https://reddit.com/r/baseball/comments/1o9kr4i/shohei_ohtani_is_the_12th_player_in_mlb_history/nk2zfru/,2025-10-18T02:58:48+00:00
player,Adam Kennedy,Adam Kennedy,reddit_comment,baseball,Hazlet95,Shohei Ohtani? The pitcher?,https://reddit.com/r/baseball/comments/1o9kr4i/shohei_ohtani_is_the_12th_player_in_mlb_history/nk3fekc/,2025-10-18T05:02:17+00:00
player,Adam Ottavino,Adam Ottavino,reddit_post,Dodgers,shuyun99,"Breaking down Ohtani’s epic game 4 In case you haven’t gotten enough of Shohei’s incredible game, pitcher Adam Ottavino did a really interesting and detailed pitch-by-pitch film review of each of the batters he faced, as well as each of his at bats.",https://reddit.com/r/Dodgers/comments/1obb18r/breaking_down_ohtanis_epic_game_4/,2025-10-20T04:50:14+00:00
player,Adam Ottavino,Adam Ottavino,reddit_comment,Dodgers,adamottavino,Thanks for posting this!,https://reddit.com/r/Dodgers/comments/1obb18r/breaking_down_ohtanis_epic_game_4/nkhrv1k/,2025-10-20T20:07:30+00:00
player,Adam Stern,A. Stern,reddit_post,Dodgers,dgstan,"Do you know what's really ruining baseball? Whoever schedules these afternoon playoff games where the field is in shadows/light from the second through the eighth inning needs a stern talking to. Doesn't MLB keep telling us they want exciting games? Instead we get low-scoring affairs with the batters swinging wildly in hopes of coming somewhere near the ball. I'm all for a pitcher's duel, but I'd prefer if the batters could actually see the pitches. Casual fans are thinking ""I could do that"" as another batter goes down flailing and they change the channel. Afternoon games are certainly a part of baseball, but this is the playoffs, not the dog days of summer.",https://reddit.com/r/Dodgers/comments/1o8ts2z/do_you_know_whats_really_ruining_baseball/,2025-10-17T06:18:43+00:00
player,Adam Stern,A. Stern,reddit_comment,Dodgers,Binders-Full,The east coast has to be able to watch the games and both LCS games are on the west coast. Tomorrow Seattle will get the short end of the stick.,https://reddit.com/r/Dodgers/comments/1o8ts2z/do_you_know_whats_really_ruining_baseball/njxmv18/,2025-10-17T07:17:27+00:00
player,Adam Stern,A. Stern,reddit_comment,Dodgers,jkc7,"Nah, shadows are part of baseball, because baseball can be a daytime sport. In fact, a purist probably argues that nighttime baseball is the “wrong” version of the sport. It’s just one of the quirks that makes baseball what it is - you play around it just like you might shift strategies in different parks. On the list of things that ruin baseball, this wouldn’t even make my list.",https://reddit.com/r/Dodgers/comments/1o8ts2z/do_you_know_whats_really_ruining_baseball/njyb14s/,2025-10-17T11:10:35+00:00
player,Adam Stern,A. Stern,reddit_comment,Dodgers,wescovington,"I have a collection of World Series highlight films that went back to the 1940s. They sold it in the mid 2000s. Anyway, during all the day only World Series, the angle of the sun was brutal and there was inevitably one game decided by an outfielder losing a ball in the sun. Willie Davis’ three errors in 1966 were sun related. (Except for the throwing error). In 1973, everyone said Willie Mays looked like a tired old man because he lost a ball in the sun in Oakland. Joe Rudi lost two balls in the sun and no one cried.",https://reddit.com/r/Dodgers/comments/1o8ts2z/do_you_know_whats_really_ruining_baseball/njy5up2/,2025-10-17T10:27:25+00:00
player,Adam Stern,A. Stern,reddit_comment,Dodgers,donald-duck23,The shadows were only a problem for an inning or two,https://reddit.com/r/Dodgers/comments/1o8ts2z/do_you_know_whats_really_ruining_baseball/njxm80w/,2025-10-17T07:11:07+00:00
player,Adam Stern,A. Stern,reddit_comment,Dodgers,JpnDude,"It's a TV thing and an east coast thing. If possible, they (MLB/Fox/TBS) want don't want the game broadcasts to overlap. Also, they don't want games that start at 10pm EDT. Also from the broadcasters' POVs, it not favorable for them that both games are being played on the west coast on the same days.",https://reddit.com/r/Dodgers/comments/1o8ts2z/do_you_know_whats_really_ruining_baseball/njy8opn/,2025-10-17T10:51:44+00:00
player,Adam Stern,A. Stern,reddit_comment,Dodgers,ProcessTruster,The TV networks pay a lot of money for the privilege of maximising ad revenue. It's not only for the MLB. The Olympics event finals are often scheduled at times really inconvenient for the rest of the world.,https://reddit.com/r/Dodgers/comments/1o8ts2z/do_you_know_whats_really_ruining_baseball/njxhq9d/,2025-10-17T06:28:15+00:00
player,Adam Stern,A. Stern,reddit_comment,Dodgers,TSnow6065,I love daytime postseason baseball.,https://reddit.com/r/Dodgers/comments/1o8ts2z/do_you_know_whats_really_ruining_baseball/njy7z4g/,2025-10-17T10:45:54+00:00
player,Adam Stern,A. Stern,reddit_comment,Dodgers,a_smart_brane,It’s not that big of a deal. Day games have been a part of baseball forever. The players can handle it.,https://reddit.com/r/Dodgers/comments/1o8ts2z/do_you_know_whats_really_ruining_baseball/njyp1sy/,2025-10-17T12:46:42+00:00
player,Adam Stern,A. Stern,reddit_comment,Dodgers,MortysTrapHouse,tbf the pitchers r going insane this playoffs. their has been an absurd amount of historic performances,https://reddit.com/r/Dodgers/comments/1o8ts2z/do_you_know_whats_really_ruining_baseball/njz9r15/,2025-10-17T14:39:45+00:00
player,Adam Stern,A. Stern,reddit_comment,Dodgers,SaddamMustaine,I don’t like this either but saying “this is really what is ruining baseball” is a pretty wild statement. Really? You can’t think of anything worse than a 3 pm game on the west coast?,https://reddit.com/r/Dodgers/comments/1o8ts2z/do_you_know_whats_really_ruining_baseball/njxlvnx/,2025-10-17T07:07:44+00:00
player,Adam Stern,A. Stern,reddit_comment,Dodgers,TK421actual,"I've been on the East coast for 17 years minus a couple in Portland and it's pretty normal for me to stay up until 1am watching games. I used to fall asleep listening to Vin call games. I'm used to it, but it's not optimal. MLB is trying to maximize eyeballs and I think no one making the schedule is taking practical considerations like shadows into account.",https://reddit.com/r/Dodgers/comments/1o8ts2z/do_you_know_whats_really_ruining_baseball/njzflvs/,2025-10-17T15:08:39+00:00
player,Adam Stern,A. Stern,reddit_comment,Dodgers,STN_LP91746,"If it’s any consolation, both teams have to endure it. I do agree that these games should be spaced out so that we avoid these mid-afternoon games even if there is some overlap with other games.",https://reddit.com/r/Dodgers/comments/1o8ts2z/do_you_know_whats_really_ruining_baseball/nk0czoi/,2025-10-17T17:53:27+00:00
player,Adam Stern,A. Stern,reddit_comment,Dodgers,LittleTinyBoy,"I'm all for this as a viewer from SEA. I checked this morning to tune in to the game only to find out we already won. I mean yay, but it would've been hype asf to start the day with an Ohtani triple base hit.",https://reddit.com/r/Dodgers/comments/1o8ts2z/do_you_know_whats_really_ruining_baseball/njy24dj/,2025-10-17T09:52:22+00:00
player,Adam Stern,A. Stern,reddit_comment,Dodgers,Practical-Archer-124,"SharkCat, Particular and other dopes…it’s the mix of sunlight and shadows cast across the infield, specifically, that makes the ball near impossible to hit. Rough-Theory nailed it. It’s not the time of day per se that’s the issue.",https://reddit.com/r/Dodgers/comments/1o8ts2z/do_you_know_whats_really_ruining_baseball/njxsi0w/,2025-10-17T08:14:46+00:00
player,Adam Stern,A. Stern,reddit_comment,Dodgers,RspectMyAuthoritah,The only other options are push the games later and lose most of the east coast viewers for the 2nd game or have them play at the same time and cannibalize their viewers. I'm sure MLB wishes one of the series seeding changed so both could be played at 5 or 6 PM locally but that didn't happen.,https://reddit.com/r/Dodgers/comments/1o8ts2z/do_you_know_whats_really_ruining_baseball/njz36sp/,2025-10-17T14:05:55+00:00
player,Adam Stern,A. Stern,reddit_comment,Dodgers,jbcards219_,Dodger stadium was built to play at night. Those shadows at 3pm are horrendous,https://reddit.com/r/Dodgers/comments/1o8ts2z/do_you_know_whats_really_ruining_baseball/njz9f26/,2025-10-17T14:38:05+00:00
player,Adam Stern,A. Stern,reddit_comment,Dodgers,ricvallejo,"I don't actually know how it is in SoCal this time of year (fan from the northeast here) but the lower angle of the sun in the fall is so much worse than in the summer, it can be absolutely blinding when driving or doing anything else outside. Given the orientation of the park though it should really be more of an issue for the outfield, other than reflections or issues with eyes adjusting to the light coming from a dark dugout or something, but it's an issue regardless trying to spot a small white ball moving at high velocity.",https://reddit.com/r/Dodgers/comments/1o8ts2z/do_you_know_whats_really_ruining_baseball/njzosu6/,2025-10-17T15:53:36+00:00
player,Adam Stern,A. Stern,reddit_comment,Dodgers,pauliealeno,It’s hard enough to hit without shadows lol,https://reddit.com/r/Dodgers/comments/1o8ts2z/do_you_know_whats_really_ruining_baseball/nk0a6i5/,2025-10-17T17:39:37+00:00
player,Adam Stern,A. Stern,reddit_comment,Dodgers,PigFarmer1,Time was when all post-season games were all day games...,https://reddit.com/r/Dodgers/comments/1o8ts2z/do_you_know_whats_really_ruining_baseball/nk0p58p/,2025-10-17T18:55:54+00:00
player,Adam Stern,A. Stern,reddit_comment,Dodgers,Melodic-Comb9076,2 things. it’s all about the advertising and keeping eyeballs. that is how games are scheduled. both teams have to deal w the shadows. nothing is being ruined.,https://reddit.com/r/Dodgers/comments/1o8ts2z/do_you_know_whats_really_ruining_baseball/nk1sva3/,2025-10-17T22:29:36+00:00
player,Adrian Beltre,Adrian Beltre,reddit_post,TexasRangers,Economy_Nerve9610,"Rangers all-time team Seen a few on here list their squads, so I figured I'd take my crack at it. This is done in the style of a standard 26-man roster, I will have 9 in the starting lineup, 4 bench players, 5 starting pitchers, and 8 relievers Starters: C: Ivan Rodriguez 1B: Mark Teixeira 2B: Michael Young 3B: Adrian Beltre SS: Corey Seager LF: Rusty Greer CF: Josh Hamilton RF: Juan Gonzalez DH: Rafael Palmeiro Bench: C: Jim Sundberg 3B: Buddy Bell SS: Elvis Andrus OF: Ruben Sierra Starters: SP: Nolan Ryan SP: Ferguson Jenkins SP: Kenny Rogers SP: Charlie Hough SP: Nathan Eovaldi Bullpen: RP: (?)* RP: Frank Francisco (?)* RP: Jose Leclerc RP: Joe Nathan RP: Jeff Russell RP: Francisco Cordero RP: John Wetteland CP: Neftali Feliz *Knowing that we're not necessarily known for great bullpen arms, I'm wondering who'd fill out the last bullpen spot or two If you would make any changes to the squad, let me know!",https://reddit.com/r/TexasRangers/comments/1oa10pu/rangers_alltime_team/,2025-10-18T16:58:44+00:00
player,Adrian Beltre,Adrian Beltre,reddit_comment,TexasRangers,Original-Rain-3795,"I know Arod is not all that popular around here and everyone loves Elvis, but I just always have to point out how insane Arod was in his short time here. 156 homeruns, 25.5 war, 3 silver slugger, 2 gold gloves an MVP and a runner-up. In 3 seasons. Wild stuff",https://reddit.com/r/TexasRangers/comments/1oa10pu/rangers_alltime_team/nk63bxf/,2025-10-18T17:09:29+00:00
player,Adrian Beltre,Adrian Beltre,reddit_comment,TexasRangers,harralexa1993,Alexi Ogando is someone who tends to get over looked for a relief spot on these kinds of lists. If you want a lefty Darren Oliver's third stint with the team was incredible. Akinori Otsuka is another fun name who was great here in a short two year stint. Fun list OP. I always enjoy seeing everyone's thoughts on this sort of thing.,https://reddit.com/r/TexasRangers/comments/1oa10pu/rangers_alltime_team/nk6576d/,2025-10-18T17:18:53+00:00
player,Adrian Beltre,Adrian Beltre,reddit_comment,TexasRangers,CoolBreezeBrew,"Definitely need Bobby Witt, Colby Lewis and Derek Holland.",https://reddit.com/r/TexasRangers/comments/1oa10pu/rangers_alltime_team/nk6nslt/,2025-10-18T18:55:33+00:00
player,Adrian Beltre,Adrian Beltre,reddit_comment,TexasRangers,LcSwish15,"Craig Gentry, professional pinch runner",https://reddit.com/r/TexasRangers/comments/1oa10pu/rangers_alltime_team/nk65xf4/,2025-10-18T17:22:36+00:00
player,Adrian Beltre,Adrian Beltre,reddit_comment,TexasRangers,Dry-Excitement1757,No Kinsler is absolutely bonkers.,https://reddit.com/r/TexasRangers/comments/1oa10pu/rangers_alltime_team/nk6dhv0/,2025-10-18T18:01:02+00:00
player,Adrian Beltre,Adrian Beltre,reddit_comment,TexasRangers,OkAggie78,Ian Kinsler needs to be on it.,https://reddit.com/r/TexasRangers/comments/1oa10pu/rangers_alltime_team/nk7e8dz/,2025-10-18T21:20:12+00:00
player,Adrian Beltre,Adrian Beltre,reddit_comment,TexasRangers,BigTex77RR,Yu Darvish not even being in the bullpen is bonkers,https://reddit.com/r/TexasRangers/comments/1oa10pu/rangers_alltime_team/nk7xlu2/,2025-10-18T23:15:15+00:00
player,Adrian Beltre,Adrian Beltre,reddit_comment,TexasRangers,EarlDooku,No room for A-Rod or Soriano?,https://reddit.com/r/TexasRangers/comments/1oa10pu/rangers_alltime_team/nk637wp/,2025-10-18T17:08:55+00:00
player,Adrian Beltre,Adrian Beltre,reddit_comment,TexasRangers,CrossFire_tx,1B is Pete O’Brien or this is so unofficial,https://reddit.com/r/TexasRangers/comments/1oa10pu/rangers_alltime_team/nk68toa/,2025-10-18T17:37:25+00:00
player,Adrian Beltre,Adrian Beltre,reddit_comment,TexasRangers,dcareagamer,Jeff Zimmerman is a quality arm to fill out the bullpen. Made the ASG one year.,https://reddit.com/r/TexasRangers/comments/1oa10pu/rangers_alltime_team/nk69cxu/,2025-10-18T17:40:08+00:00
player,Adrian Beltre,Adrian Beltre,reddit_comment,TexasRangers,tcopple,Cliff Lee on the back of the 2010 playoffs alone. Was unhittable until we got to SFO.,https://reddit.com/r/TexasRangers/comments/1oa10pu/rangers_alltime_team/nk7qvcm/,2025-10-18T22:34:13+00:00
player,Adrian Beltre,Adrian Beltre,reddit_comment,TexasRangers,tcopple,"Cruz in RF, Gonzalez in LF, Hamilton in CF for me personally.",https://reddit.com/r/TexasRangers/comments/1oa10pu/rangers_alltime_team/nk7s1qm/,2025-10-18T22:41:27+00:00
player,Adrian Beltre,Adrian Beltre,reddit_comment,TexasRangers,squashua69,Fuck John Wetteland,https://reddit.com/r/TexasRangers/comments/1oa10pu/rangers_alltime_team/nk629eg/,2025-10-18T17:04:06+00:00
player,Adrian Beltre,Adrian Beltre,reddit_comment,TexasRangers,redditsucksdeezNts,"C: Pudge 1B: Texeira 2B: Kinsler SS: A-Rod 3B: Beltre LF: Hamilton CF: Greer RF: Gonzalez DH: Seager SP: Darvish, Eovaldi, Degrom, Jenkins, Hamels RP: Francisco, Leclerc, Chapman, Feliz CP: Joe Nathan Bench: Young, Andrus, Craig Gentry, Langford, Cruz",https://reddit.com/r/TexasRangers/comments/1oa10pu/rangers_alltime_team/nk68ibu/,2025-10-18T17:35:50+00:00
player,Adrian Beltre,Adrian Beltre,reddit_comment,TexasRangers,Beavis79,Agree that Pete O'Brien should be at first,https://reddit.com/r/TexasRangers/comments/1oa10pu/rangers_alltime_team/nk6i7d5/,2025-10-18T18:25:50+00:00
player,Adrian Beltre,Adrian Beltre,reddit_comment,TexasRangers,tiny_marshmellow,Not sure if you're sticking to career or single season performances but Neal cotts had an unreal 2013 with the rangers,https://reddit.com/r/TexasRangers/comments/1oa10pu/rangers_alltime_team/nk74pcd/,2025-10-18T20:27:22+00:00
player,Adrian Beltre,Adrian Beltre,reddit_comment,TexasRangers,willy_the_snitch,Where are Dickie Thon and Dean Palmer? /s For real where is Nellie Cruz?,https://reddit.com/r/TexasRangers/comments/1oa10pu/rangers_alltime_team/nkaecvy/,2025-10-19T11:00:51+00:00
player,Adrian Beltre,Adrian Beltre,reddit_comment,TexasRangers,ben121frank,"Pudge at catcher is a weird choice, he wasn’t particularly notable to the franchise or anything. I would go Austin Hedges instead /s ofc Only real change is I might consider adding Yu Danish in the rotation, his absolute numbers aren’t as impressive as some of the guys like Rogers or Hough but for the relative era I think they are and he was more of a face of the franchise too imo. Maybe slot Rogers or Hough (or Darvish I guess if you disagree) into a long reliever role since as you said we are short on good relievers",https://reddit.com/r/TexasRangers/comments/1oa10pu/rangers_alltime_team/nk63ukx/,2025-10-18T17:12:05+00:00
player,Adrian Beltre,Adrian Beltre,reddit_comment,TexasRangers,kayelex,Does the team need a coach? Or is that even up for debate 😀,https://reddit.com/r/TexasRangers/comments/1oa10pu/rangers_alltime_team/nk6xys4/,2025-10-18T19:50:58+00:00
player,Adrian Beltre,Adrian Beltre,reddit_comment,TexasRangers,TheBeefiestSquatch,"It's wild how bad LF has been for this team that Rusty Greer, who was a fine player, and had a great four year run until he turned thirty and his body gave out is easily the best this franchise has ever had. Like, there's not even anything approaching a reasonable debate on the topic. Hopefully Langford works out.",https://reddit.com/r/TexasRangers/comments/1oa10pu/rangers_alltime_team/nk8j1bs/,2025-10-19T01:28:13+00:00
